[2026-05-10 03:17:41,869: INFO/MainProcess] beat: Starting...
[2026-05-10 03:17:42,131: INFO/MainProcess] DatabaseScheduler: Schedule changed.
[2026-05-10 03:17:44,379: INFO/MainProcess] Scheduler: Sending due task sync-gologin-profiles-every-3-minutes (profiles.sync_gologin_profiles)
[2026-05-10 03:17:46,594: INFO/MainProcess] Scheduler: Sending due task check-profile-heartbeats-every-minute (profiles.check_profile_heartbeats)
[2026-05-10 03:18:46,637: INFO/MainProcess] Scheduler: Sending due task check-profile-heartbeats-every-minute (profiles.check_profile_heartbeats)
[2026-05-10 03:19:46,680: INFO/MainProcess] Scheduler: Sending due task check-profile-heartbeats-every-minute (profiles.check_profile_heartbeats)
[2026-05-10 03:20:42,379: INFO/MainProcess] Scheduler: Sending due task sync-gologin-profiles-every-3-minutes (profiles.sync_gologin_profiles)
[2026-05-10 03:20:46,786: INFO/MainProcess] Scheduler: Sending due task check-profile-heartbeats-every-minute (profiles.check_profile_heartbeats)
[2026-05-11 05:57:38,384: INFO/MainProcess] beat: Starting...
[2026-05-11 05:57:38,544: INFO/MainProcess] DatabaseScheduler: Schedule changed.
[2026-05-11 05:57:40,738: INFO/MainProcess] Scheduler: Sending due task sync-gologin-profiles-every-3-minutes (profiles.sync_gologin_profiles)
[2026-05-11 05:57:42,854: INFO/MainProcess] Scheduler: Sending due task check-profile-heartbeats-every-minute (profiles.check_profile_heartbeats)
[2026-05-11 05:57:42,884: INFO/MainProcess] Scheduler: Sending due task reconcile-stale-messages-every-minute (messaging.reconcile_stale_messages)
[2026-05-11 05:58:12,912: INFO/MainProcess] Scheduler: Sending due task check-profile-heartbeats-every-minute (profiles.check_profile_heartbeats)
[2026-05-11 05:58:42,904: INFO/MainProcess] DatabaseScheduler: Schedule changed.
[2026-05-11 05:58:43,010: INFO/MainProcess] Scheduler: Sending due task check-profile-heartbeats-every-minute (profiles.check_profile_heartbeats)
[2026-05-11 05:58:43,041: INFO/MainProcess] Scheduler: Sending due task reconcile-stale-messages-every-minute (messaging.reconcile_stale_messages)
[2026-05-11 05:59:13,030: INFO/MainProcess] Scheduler: Sending due task check-profile-heartbeats-every-minute (profiles.check_profile_heartbeats)
[2026-05-11 05:59:43,049: INFO/MainProcess] Scheduler: Sending due task check-profile-heartbeats-every-minute (profiles.check_profile_heartbeats)
[2026-05-11 05:59:43,082: INFO/MainProcess] Scheduler: Sending due task reconcile-stale-messages-every-minute (messaging.reconcile_stale_messages)
[2026-05-11 06:00:13,070: INFO/MainProcess] Scheduler: Sending due task check-profile-heartbeats-every-minute (profiles.check_profile_heartbeats)
[2026-05-11 06:00:38,728: INFO/MainProcess] Scheduler: Sending due task sync-gologin-profiles-every-3-minutes (profiles.sync_gologin_profiles)
[2026-05-11 06:00:43,167: INFO/MainProcess] Scheduler: Sending due task check-profile-heartbeats-every-minute (profiles.check_profile_heartbeats)
[2026-05-11 06:00:43,229: INFO/MainProcess] Scheduler: Sending due task reconcile-stale-messages-every-minute (messaging.reconcile_stale_messages)
[2026-05-11 06:01:13,188: INFO/MainProcess] Scheduler: Sending due task check-profile-heartbeats-every-minute (profiles.check_profile_heartbeats)
[2026-05-11 06:01:43,207: INFO/MainProcess] Scheduler: Sending due task check-profile-heartbeats-every-minute (profiles.check_profile_heartbeats)
[2026-05-11 06:01:43,242: INFO/MainProcess] Scheduler: Sending due task reconcile-stale-messages-every-minute (messaging.reconcile_stale_messages)
[2026-05-11 06:02:13,229: INFO/MainProcess] Scheduler: Sending due task check-profile-heartbeats-every-minute (profiles.check_profile_heartbeats)
[2026-05-11 06:02:43,249: INFO/MainProcess] Scheduler: Sending due task check-profile-heartbeats-every-minute (profiles.check_profile_heartbeats)
[2026-05-11 06:02:43,286: INFO/MainProcess] Scheduler: Sending due task reconcile-stale-messages-every-minute (messaging.reconcile_stale_messages)
[2026-05-11 06:03:13,276: INFO/MainProcess] Scheduler: Sending due task check-profile-heartbeats-every-minute (profiles.check_profile_heartbeats)
[2026-05-11 06:03:38,756: INFO/MainProcess] Scheduler: Sending due task sync-gologin-profiles-every-3-minutes (profiles.sync_gologin_profiles)
[2026-05-11 06:03:43,467: INFO/MainProcess] Scheduler: Sending due task reconcile-stale-messages-every-minute (messaging.reconcile_stale_messages)
[2026-05-11 06:03:43,508: INFO/MainProcess] Scheduler: Sending due task check-profile-heartbeats-every-minute (profiles.check_profile_heartbeats)
[2026-05-11 06:04:13,530: INFO/MainProcess] Scheduler: Sending due task check-profile-heartbeats-every-minute (profiles.check_profile_heartbeats)
[2026-05-11 06:04:43,490: INFO/MainProcess] Scheduler: Sending due task reconcile-stale-messages-every-minute (messaging.reconcile_stale_messages)
[2026-05-11 06:04:43,560: INFO/MainProcess] Scheduler: Sending due task check-profile-heartbeats-every-minute (profiles.check_profile_heartbeats)
[2026-05-11 06:05:13,580: INFO/MainProcess] Scheduler: Sending due task check-profile-heartbeats-every-minute (profiles.check_profile_heartbeats)
[2026-05-11 06:05:43,517: INFO/MainProcess] Scheduler: Sending due task reconcile-stale-messages-every-minute (messaging.reconcile_stale_messages)
[2026-05-11 06:05:43,609: INFO/MainProcess] Scheduler: Sending due task check-profile-heartbeats-every-minute (profiles.check_profile_heartbeats)
[2026-05-11 06:06:13,634: INFO/MainProcess] Scheduler: Sending due task check-profile-heartbeats-every-minute (profiles.check_profile_heartbeats)
[2026-05-11 06:06:38,778: INFO/MainProcess] Scheduler: Sending due task sync-gologin-profiles-every-3-minutes (profiles.sync_gologin_profiles)
[2026-05-11 06:06:43,625: INFO/MainProcess] Scheduler: Sending due task reconcile-stale-messages-every-minute (messaging.reconcile_stale_messages)
[2026-05-11 06:06:43,674: INFO/MainProcess] Scheduler: Sending due task check-profile-heartbeats-every-minute (profiles.check_profile_heartbeats)
[2026-05-11 06:07:13,701: INFO/MainProcess] Scheduler: Sending due task check-profile-heartbeats-every-minute (profiles.check_profile_heartbeats)
[2026-05-11 06:07:43,651: INFO/MainProcess] Scheduler: Sending due task reconcile-stale-messages-every-minute (messaging.reconcile_stale_messages)
[2026-05-11 06:07:43,726: INFO/MainProcess] Scheduler: Sending due task check-profile-heartbeats-every-minute (profiles.check_profile_heartbeats)
[2026-05-11 06:08:13,751: INFO/MainProcess] Scheduler: Sending due task check-profile-heartbeats-every-minute (profiles.check_profile_heartbeats)
[2026-05-11 18:07:58,769: INFO/MainProcess] beat: Starting...
[2026-05-11 18:07:59,172: INFO/MainProcess] DatabaseScheduler: Schedule changed.
[2026-05-11 18:08:01,502: INFO/MainProcess] Scheduler: Sending due task sync-gologin-profiles-every-3-minutes (profiles.sync_gologin_profiles)
[2026-05-11 18:08:03,760: INFO/MainProcess] Scheduler: Sending due task check-profile-heartbeats-every-minute (profiles.check_profile_heartbeats)
[2026-05-11 18:08:03,837: INFO/MainProcess] Scheduler: Sending due task reconcile-stale-messages-every-minute (messaging.reconcile_stale_messages)
[2026-05-11 18:08:33,827: INFO/MainProcess] Scheduler: Sending due task check-profile-heartbeats-every-minute (profiles.check_profile_heartbeats)
[2026-05-11 18:09:30,843: INFO/MainProcess] beat: Starting...
[2026-05-11 18:09:31,225: INFO/MainProcess] DatabaseScheduler: Schedule changed.
[2026-05-11 18:09:33,574: INFO/MainProcess] Scheduler: Sending due task check-profile-heartbeats-every-minute (profiles.check_profile_heartbeats)
[2026-05-11 18:09:35,835: INFO/MainProcess] Scheduler: Sending due task reconcile-stale-messages-every-minute (messaging.reconcile_stale_messages)
[2026-05-11 18:10:01,601: INFO/MainProcess] Scheduler: Sending due task check-profile-heartbeats-every-minute (profiles.check_profile_heartbeats)
[2026-05-11 18:10:31,675: INFO/MainProcess] Scheduler: Sending due task check-profile-heartbeats-every-minute (profiles.check_profile_heartbeats)
[2026-05-11 18:10:35,892: INFO/MainProcess] Scheduler: Sending due task reconcile-stale-messages-every-minute (messaging.reconcile_stale_messages)
[2026-05-11 18:10:59,522: INFO/MainProcess] Scheduler: Sending due task sync-gologin-profiles-every-3-minutes (profiles.sync_gologin_profiles)
[2026-05-11 18:11:01,744: INFO/MainProcess] Scheduler: Sending due task check-profile-heartbeats-every-minute (profiles.check_profile_heartbeats)
[2026-05-11 18:11:31,822: INFO/MainProcess] Scheduler: Sending due task check-profile-heartbeats-every-minute (profiles.check_profile_heartbeats)
[2026-05-11 18:11:35,965: INFO/MainProcess] Scheduler: Sending due task reconcile-stale-messages-every-minute (messaging.reconcile_stale_messages)
[2026-05-11 18:12:01,895: INFO/MainProcess] Scheduler: Sending due task check-profile-heartbeats-every-minute (profiles.check_profile_heartbeats)
[2026-05-11 18:12:31,957: INFO/MainProcess] Scheduler: Sending due task check-profile-heartbeats-every-minute (profiles.check_profile_heartbeats)
[2026-05-11 18:12:36,149: INFO/MainProcess] Scheduler: Sending due task reconcile-stale-messages-every-minute (messaging.reconcile_stale_messages)
[2026-05-11 18:13:02,017: INFO/MainProcess] Scheduler: Sending due task check-profile-heartbeats-every-minute (profiles.check_profile_heartbeats)
[2026-05-11 18:13:32,083: INFO/MainProcess] Scheduler: Sending due task check-profile-heartbeats-every-minute (profiles.check_profile_heartbeats)
[2026-05-11 18:13:36,211: INFO/MainProcess] Scheduler: Sending due task reconcile-stale-messages-every-minute (messaging.reconcile_stale_messages)
[2026-05-11 18:13:59,602: INFO/MainProcess] Scheduler: Sending due task sync-gologin-profiles-every-3-minutes (profiles.sync_gologin_profiles)
[2026-05-11 18:14:02,137: INFO/MainProcess] Scheduler: Sending due task check-profile-heartbeats-every-minute (profiles.check_profile_heartbeats)
[2026-05-11 18:14:32,469: INFO/MainProcess] Scheduler: Sending due task check-profile-heartbeats-every-minute (profiles.check_profile_heartbeats)
[2026-05-11 18:14:36,267: INFO/MainProcess] Scheduler: Sending due task reconcile-stale-messages-every-minute (messaging.reconcile_stale_messages)
[2026-05-11 18:15:02,533: INFO/MainProcess] Scheduler: Sending due task check-profile-heartbeats-every-minute (profiles.check_profile_heartbeats)
[2026-05-11 18:15:32,594: INFO/MainProcess] Scheduler: Sending due task check-profile-heartbeats-every-minute (profiles.check_profile_heartbeats)
[2026-05-11 18:15:36,427: INFO/MainProcess] Scheduler: Sending due task reconcile-stale-messages-every-minute (messaging.reconcile_stale_messages)
[2026-05-11 18:16:02,660: INFO/MainProcess] Scheduler: Sending due task check-profile-heartbeats-every-minute (profiles.check_profile_heartbeats)
[2026-05-11 18:16:32,720: INFO/MainProcess] Scheduler: Sending due task check-profile-heartbeats-every-minute (profiles.check_profile_heartbeats)
[2026-05-11 18:16:36,489: INFO/MainProcess] Scheduler: Sending due task reconcile-stale-messages-every-minute (messaging.reconcile_stale_messages)
[2026-05-11 18:16:59,659: INFO/MainProcess] Scheduler: Sending due task sync-gologin-profiles-every-3-minutes (profiles.sync_gologin_profiles)
[2026-05-11 18:17:02,792: INFO/MainProcess] Scheduler: Sending due task check-profile-heartbeats-every-minute (profiles.check_profile_heartbeats)
[2026-05-11 18:17:32,850: INFO/MainProcess] Scheduler: Sending due task check-profile-heartbeats-every-minute (profiles.check_profile_heartbeats)
[2026-05-11 18:17:36,552: INFO/MainProcess] Scheduler: Sending due task reconcile-stale-messages-every-minute (messaging.reconcile_stale_messages)
[2026-05-11 18:20:34,815: INFO/MainProcess] Scheduler: Sending due task sync-gologin-profiles-every-3-minutes (profiles.sync_gologin_profiles)
[2026-05-11 18:20:34,906: INFO/MainProcess] Scheduler: Sending due task reconcile-stale-messages-every-minute (messaging.reconcile_stale_messages)
[2026-05-11 18:20:34,980: INFO/MainProcess] Scheduler: Sending due task check-profile-heartbeats-every-minute (profiles.check_profile_heartbeats)
[2026-05-11 18:44:35,794: INFO/MainProcess] Scheduler: Sending due task sync-gologin-profiles-every-3-minutes (profiles.sync_gologin_profiles)
[2026-05-11 18:44:35,903: INFO/MainProcess] Scheduler: Sending due task reconcile-stale-messages-every-minute (messaging.reconcile_stale_messages)
[2026-05-11 18:44:36,027: INFO/MainProcess] Scheduler: Sending due task check-profile-heartbeats-every-minute (profiles.check_profile_heartbeats)
[2026-05-11 18:45:06,091: INFO/MainProcess] Scheduler: Sending due task check-profile-heartbeats-every-minute (profiles.check_profile_heartbeats)
[2026-05-11 18:45:35,964: INFO/MainProcess] Scheduler: Sending due task reconcile-stale-messages-every-minute (messaging.reconcile_stale_messages)
[2026-05-11 18:45:36,151: INFO/MainProcess] Scheduler: Sending due task check-profile-heartbeats-every-minute (profiles.check_profile_heartbeats)
[2026-05-11 18:46:06,289: INFO/MainProcess] Scheduler: Sending due task check-profile-heartbeats-every-minute (profiles.check_profile_heartbeats)
[2026-05-11 18:46:36,024: INFO/MainProcess] Scheduler: Sending due task reconcile-stale-messages-every-minute (messaging.reconcile_stale_messages)
[2026-05-11 18:46:36,351: INFO/MainProcess] Scheduler: Sending due task check-profile-heartbeats-every-minute (profiles.check_profile_heartbeats)
[2026-05-11 18:47:06,406: INFO/MainProcess] Scheduler: Sending due task check-profile-heartbeats-every-minute (profiles.check_profile_heartbeats)
[2026-05-11 18:47:36,020: INFO/MainProcess] Scheduler: Sending due task sync-gologin-profiles-every-3-minutes (profiles.sync_gologin_profiles)
[2026-05-11 18:47:36,101: INFO/MainProcess] Scheduler: Sending due task reconcile-stale-messages-every-minute (messaging.reconcile_stale_messages)
[2026-05-11 18:47:36,469: INFO/MainProcess] Scheduler: Sending due task check-profile-heartbeats-every-minute (profiles.check_profile_heartbeats)
[2026-05-11 18:48:06,530: INFO/MainProcess] Scheduler: Sending due task check-profile-heartbeats-every-minute (profiles.check_profile_heartbeats)
[2026-05-11 18:48:36,159: INFO/MainProcess] Scheduler: Sending due task reconcile-stale-messages-every-minute (messaging.reconcile_stale_messages)
[2026-05-11 18:48:36,589: INFO/MainProcess] Scheduler: Sending due task check-profile-heartbeats-every-minute (profiles.check_profile_heartbeats)
[2026-05-11 18:49:06,660: INFO/MainProcess] Scheduler: Sending due task check-profile-heartbeats-every-minute (profiles.check_profile_heartbeats)
[2026-05-11 18:49:36,492: INFO/MainProcess] Scheduler: Sending due task reconcile-stale-messages-every-minute (messaging.reconcile_stale_messages)
[2026-05-11 18:49:36,719: INFO/MainProcess] Scheduler: Sending due task check-profile-heartbeats-every-minute (profiles.check_profile_heartbeats)
[2026-05-11 18:50:06,782: INFO/MainProcess] Scheduler: Sending due task check-profile-heartbeats-every-minute (profiles.check_profile_heartbeats)
[2026-05-11 18:50:36,177: INFO/MainProcess] Scheduler: Sending due task sync-gologin-profiles-every-3-minutes (profiles.sync_gologin_profiles)
[2026-05-11 18:50:36,556: INFO/MainProcess] Scheduler: Sending due task reconcile-stale-messages-every-minute (messaging.reconcile_stale_messages)
[2026-05-11 18:50:36,844: INFO/MainProcess] Scheduler: Sending due task check-profile-heartbeats-every-minute (profiles.check_profile_heartbeats)
[2026-05-11 18:51:06,905: INFO/MainProcess] Scheduler: Sending due task check-profile-heartbeats-every-minute (profiles.check_profile_heartbeats)
[2026-05-11 18:51:36,648: INFO/MainProcess] Scheduler: Sending due task reconcile-stale-messages-every-minute (messaging.reconcile_stale_messages)
[2026-05-11 18:51:36,964: INFO/MainProcess] Scheduler: Sending due task check-profile-heartbeats-every-minute (profiles.check_profile_heartbeats)
[2026-05-11 18:52:07,026: INFO/MainProcess] Scheduler: Sending due task check-profile-heartbeats-every-minute (profiles.check_profile_heartbeats)
[2026-05-11 18:52:36,720: INFO/MainProcess] Scheduler: Sending due task reconcile-stale-messages-every-minute (messaging.reconcile_stale_messages)
[2026-05-11 18:52:37,084: INFO/MainProcess] Scheduler: Sending due task check-profile-heartbeats-every-minute (profiles.check_profile_heartbeats)
[2026-05-11 18:53:07,144: INFO/MainProcess] Scheduler: Sending due task check-profile-heartbeats-every-minute (profiles.check_profile_heartbeats)
[2026-05-11 18:53:36,331: INFO/MainProcess] Scheduler: Sending due task sync-gologin-profiles-every-3-minutes (profiles.sync_gologin_profiles)
[2026-05-11 18:53:36,782: INFO/MainProcess] Scheduler: Sending due task reconcile-stale-messages-every-minute (messaging.reconcile_stale_messages)
[2026-05-11 18:53:37,207: INFO/MainProcess] Scheduler: Sending due task check-profile-heartbeats-every-minute (profiles.check_profile_heartbeats)
[2026-05-11 18:54:07,275: INFO/MainProcess] Scheduler: Sending due task check-profile-heartbeats-every-minute (profiles.check_profile_heartbeats)
[2026-05-11 18:54:36,906: INFO/MainProcess] Scheduler: Sending due task reconcile-stale-messages-every-minute (messaging.reconcile_stale_messages)
[2026-05-11 18:54:37,296: INFO/MainProcess] Scheduler: Sending due task check-profile-heartbeats-every-minute (profiles.check_profile_heartbeats)
[2026-05-11 18:55:07,324: INFO/MainProcess] Scheduler: Sending due task check-profile-heartbeats-every-minute (profiles.check_profile_heartbeats)
[2026-05-11 18:55:36,928: INFO/MainProcess] Scheduler: Sending due task reconcile-stale-messages-every-minute (messaging.reconcile_stale_messages)
[2026-05-11 18:55:37,344: INFO/MainProcess] Scheduler: Sending due task check-profile-heartbeats-every-minute (profiles.check_profile_heartbeats)
[2026-05-11 18:56:07,363: INFO/MainProcess] Scheduler: Sending due task check-profile-heartbeats-every-minute (profiles.check_profile_heartbeats)
[2026-05-11 18:56:36,386: INFO/MainProcess] Scheduler: Sending due task sync-gologin-profiles-every-3-minutes (profiles.sync_gologin_profiles)
[2026-05-11 18:56:36,949: INFO/MainProcess] Scheduler: Sending due task reconcile-stale-messages-every-minute (messaging.reconcile_stale_messages)
[2026-05-11 18:56:37,383: INFO/MainProcess] Scheduler: Sending due task check-profile-heartbeats-every-minute (profiles.check_profile_heartbeats)
[2026-05-11 18:57:07,402: INFO/MainProcess] Scheduler: Sending due task check-profile-heartbeats-every-minute (profiles.check_profile_heartbeats)
[2026-05-11 18:57:36,969: INFO/MainProcess] Scheduler: Sending due task reconcile-stale-messages-every-minute (messaging.reconcile_stale_messages)
[2026-05-11 18:57:37,422: INFO/MainProcess] Scheduler: Sending due task check-profile-heartbeats-every-minute (profiles.check_profile_heartbeats)
[2026-05-11 18:58:07,441: INFO/MainProcess] Scheduler: Sending due task check-profile-heartbeats-every-minute (profiles.check_profile_heartbeats)
[2026-05-11 18:58:36,991: INFO/MainProcess] Scheduler: Sending due task reconcile-stale-messages-every-minute (messaging.reconcile_stale_messages)
[2026-05-11 18:58:37,461: INFO/MainProcess] Scheduler: Sending due task check-profile-heartbeats-every-minute (profiles.check_profile_heartbeats)
[2026-05-11 18:59:07,482: INFO/MainProcess] Scheduler: Sending due task check-profile-heartbeats-every-minute (profiles.check_profile_heartbeats)
[2026-05-11 18:59:36,445: INFO/MainProcess] Scheduler: Sending due task sync-gologin-profiles-every-3-minutes (profiles.sync_gologin_profiles)
[2026-05-11 18:59:37,109: INFO/MainProcess] Scheduler: Sending due task reconcile-stale-messages-every-minute (messaging.reconcile_stale_messages)
[2026-05-11 18:59:37,504: INFO/MainProcess] Scheduler: Sending due task check-profile-heartbeats-every-minute (profiles.check_profile_heartbeats)
[2026-05-11 19:00:07,524: INFO/MainProcess] Scheduler: Sending due task check-profile-heartbeats-every-minute (profiles.check_profile_heartbeats)
[2026-05-11 19:00:37,130: INFO/MainProcess] Scheduler: Sending due task reconcile-stale-messages-every-minute (messaging.reconcile_stale_messages)
[2026-05-11 19:00:37,544: INFO/MainProcess] Scheduler: Sending due task check-profile-heartbeats-every-minute (profiles.check_profile_heartbeats)
[2026-05-11 19:01:07,567: INFO/MainProcess] Scheduler: Sending due task check-profile-heartbeats-every-minute (profiles.check_profile_heartbeats)
[2026-05-11 19:01:37,150: INFO/MainProcess] Scheduler: Sending due task reconcile-stale-messages-every-minute (messaging.reconcile_stale_messages)
[2026-05-11 19:01:37,587: INFO/MainProcess] Scheduler: Sending due task check-profile-heartbeats-every-minute (profiles.check_profile_heartbeats)
[2026-05-11 19:02:07,608: INFO/MainProcess] Scheduler: Sending due task check-profile-heartbeats-every-minute (profiles.check_profile_heartbeats)
[2026-05-11 19:02:36,538: INFO/MainProcess] Scheduler: Sending due task sync-gologin-profiles-every-3-minutes (profiles.sync_gologin_profiles)
[2026-05-11 19:02:37,171: INFO/MainProcess] Scheduler: Sending due task reconcile-stale-messages-every-minute (messaging.reconcile_stale_messages)
[2026-05-11 19:02:37,629: INFO/MainProcess] Scheduler: Sending due task check-profile-heartbeats-every-minute (profiles.check_profile_heartbeats)
[2026-05-11 19:03:07,649: INFO/MainProcess] Scheduler: Sending due task check-profile-heartbeats-every-minute (profiles.check_profile_heartbeats)
[2026-05-11 19:03:37,192: INFO/MainProcess] Scheduler: Sending due task reconcile-stale-messages-every-minute (messaging.reconcile_stale_messages)
[2026-05-11 19:03:37,669: INFO/MainProcess] Scheduler: Sending due task check-profile-heartbeats-every-minute (profiles.check_profile_heartbeats)
[2026-05-11 19:04:07,691: INFO/MainProcess] Scheduler: Sending due task check-profile-heartbeats-every-minute (profiles.check_profile_heartbeats)
[2026-05-11 19:04:37,320: INFO/MainProcess] Scheduler: Sending due task reconcile-stale-messages-every-minute (messaging.reconcile_stale_messages)
[2026-05-11 19:04:37,709: INFO/MainProcess] Scheduler: Sending due task check-profile-heartbeats-every-minute (profiles.check_profile_heartbeats)
[2026-05-11 19:05:07,753: INFO/MainProcess] Scheduler: Sending due task check-profile-heartbeats-every-minute (profiles.check_profile_heartbeats)
[2026-05-11 19:05:36,599: INFO/MainProcess] Scheduler: Sending due task sync-gologin-profiles-every-3-minutes (profiles.sync_gologin_profiles)
[2026-05-11 19:05:37,347: INFO/MainProcess] Scheduler: Sending due task reconcile-stale-messages-every-minute (messaging.reconcile_stale_messages)
[2026-05-11 19:05:37,775: INFO/MainProcess] Scheduler: Sending due task check-profile-heartbeats-every-minute (profiles.check_profile_heartbeats)
[2026-05-11 19:06:07,795: INFO/MainProcess] Scheduler: Sending due task check-profile-heartbeats-every-minute (profiles.check_profile_heartbeats)
[2026-05-11 19:06:37,367: INFO/MainProcess] Scheduler: Sending due task reconcile-stale-messages-every-minute (messaging.reconcile_stale_messages)
[2026-05-11 19:06:37,817: INFO/MainProcess] Scheduler: Sending due task check-profile-heartbeats-every-minute (profiles.check_profile_heartbeats)
[2026-05-11 19:07:07,838: INFO/MainProcess] Scheduler: Sending due task check-profile-heartbeats-every-minute (profiles.check_profile_heartbeats)
[2026-05-11 19:07:37,388: INFO/MainProcess] Scheduler: Sending due task reconcile-stale-messages-every-minute (messaging.reconcile_stale_messages)
[2026-05-11 19:07:37,859: INFO/MainProcess] Scheduler: Sending due task check-profile-heartbeats-every-minute (profiles.check_profile_heartbeats)
[2026-05-11 19:08:07,879: INFO/MainProcess] Scheduler: Sending due task check-profile-heartbeats-every-minute (profiles.check_profile_heartbeats)
[2026-05-11 19:08:36,665: INFO/MainProcess] Scheduler: Sending due task sync-gologin-profiles-every-3-minutes (profiles.sync_gologin_profiles)
[2026-05-11 19:08:37,410: INFO/MainProcess] Scheduler: Sending due task reconcile-stale-messages-every-minute (messaging.reconcile_stale_messages)
[2026-05-11 19:08:37,903: INFO/MainProcess] Scheduler: Sending due task check-profile-heartbeats-every-minute (profiles.check_profile_heartbeats)
[2026-05-11 19:09:07,925: INFO/MainProcess] Scheduler: Sending due task check-profile-heartbeats-every-minute (profiles.check_profile_heartbeats)
[2026-05-11 19:09:37,545: INFO/MainProcess] Scheduler: Sending due task reconcile-stale-messages-every-minute (messaging.reconcile_stale_messages)
[2026-05-11 19:09:37,945: INFO/MainProcess] Scheduler: Sending due task check-profile-heartbeats-every-minute (profiles.check_profile_heartbeats)
[2026-05-11 19:10:07,966: INFO/MainProcess] Scheduler: Sending due task check-profile-heartbeats-every-minute (profiles.check_profile_heartbeats)
[2026-05-11 19:10:37,564: INFO/MainProcess] Scheduler: Sending due task reconcile-stale-messages-every-minute (messaging.reconcile_stale_messages)
[2026-05-11 19:10:37,988: INFO/MainProcess] Scheduler: Sending due task check-profile-heartbeats-every-minute (profiles.check_profile_heartbeats)
[2026-05-11 19:11:08,015: INFO/MainProcess] Scheduler: Sending due task check-profile-heartbeats-every-minute (profiles.check_profile_heartbeats)
[2026-05-11 19:11:36,750: INFO/MainProcess] Scheduler: Sending due task sync-gologin-profiles-every-3-minutes (profiles.sync_gologin_profiles)
[2026-05-11 19:11:37,598: INFO/MainProcess] Scheduler: Sending due task reconcile-stale-messages-every-minute (messaging.reconcile_stale_messages)
[2026-05-11 19:11:38,063: INFO/MainProcess] Scheduler: Sending due task check-profile-heartbeats-every-minute (profiles.check_profile_heartbeats)
[2026-05-11 19:12:08,091: INFO/MainProcess] Scheduler: Sending due task check-profile-heartbeats-every-minute (profiles.check_profile_heartbeats)
[2026-05-11 19:12:37,626: INFO/MainProcess] Scheduler: Sending due task reconcile-stale-messages-every-minute (messaging.reconcile_stale_messages)
[2026-05-11 19:12:38,110: INFO/MainProcess] Scheduler: Sending due task check-profile-heartbeats-every-minute (profiles.check_profile_heartbeats)
[2026-05-11 19:13:08,234: INFO/MainProcess] Scheduler: Sending due task check-profile-heartbeats-every-minute (profiles.check_profile_heartbeats)
[2026-05-11 19:13:37,662: INFO/MainProcess] Scheduler: Sending due task reconcile-stale-messages-every-minute (messaging.reconcile_stale_messages)
[2026-05-11 19:13:38,266: INFO/MainProcess] Scheduler: Sending due task check-profile-heartbeats-every-minute (profiles.check_profile_heartbeats)
[2026-05-11 19:14:08,396: INFO/MainProcess] Scheduler: Sending due task check-profile-heartbeats-every-minute (profiles.check_profile_heartbeats)
[2026-05-11 19:14:36,841: INFO/MainProcess] Scheduler: Sending due task sync-gologin-profiles-every-3-minutes (profiles.sync_gologin_profiles)
[2026-05-11 19:14:37,860: INFO/MainProcess] Scheduler: Sending due task reconcile-stale-messages-every-minute (messaging.reconcile_stale_messages)
[2026-05-11 19:14:38,457: INFO/MainProcess] Scheduler: Sending due task check-profile-heartbeats-every-minute (profiles.check_profile_heartbeats)
[2026-05-11 19:15:08,477: INFO/MainProcess] Scheduler: Sending due task check-profile-heartbeats-every-minute (profiles.check_profile_heartbeats)
[2026-05-11 19:15:37,880: INFO/MainProcess] Scheduler: Sending due task reconcile-stale-messages-every-minute (messaging.reconcile_stale_messages)
[2026-05-11 19:15:38,498: INFO/MainProcess] Scheduler: Sending due task check-profile-heartbeats-every-minute (profiles.check_profile_heartbeats)
[2026-05-11 19:16:08,518: INFO/MainProcess] Scheduler: Sending due task check-profile-heartbeats-every-minute (profiles.check_profile_heartbeats)
[2026-05-11 19:16:37,899: INFO/MainProcess] Scheduler: Sending due task reconcile-stale-messages-every-minute (messaging.reconcile_stale_messages)
[2026-05-11 19:16:38,542: INFO/MainProcess] Scheduler: Sending due task check-profile-heartbeats-every-minute (profiles.check_profile_heartbeats)
[2026-05-11 19:17:08,564: INFO/MainProcess] Scheduler: Sending due task check-profile-heartbeats-every-minute (profiles.check_profile_heartbeats)
[2026-05-11 19:17:36,954: INFO/MainProcess] Scheduler: Sending due task sync-gologin-profiles-every-3-minutes (profiles.sync_gologin_profiles)
[2026-05-11 19:17:37,965: INFO/MainProcess] Scheduler: Sending due task reconcile-stale-messages-every-minute (messaging.reconcile_stale_messages)
[2026-05-11 19:17:38,607: INFO/MainProcess] Scheduler: Sending due task check-profile-heartbeats-every-minute (profiles.check_profile_heartbeats)
[2026-05-11 19:18:08,638: INFO/MainProcess] Scheduler: Sending due task check-profile-heartbeats-every-minute (profiles.check_profile_heartbeats)
[2026-05-11 19:18:37,986: INFO/MainProcess] Scheduler: Sending due task reconcile-stale-messages-every-minute (messaging.reconcile_stale_messages)
[2026-05-11 19:18:38,658: INFO/MainProcess] Scheduler: Sending due task check-profile-heartbeats-every-minute (profiles.check_profile_heartbeats)
[2026-05-11 19:19:08,718: INFO/MainProcess] Scheduler: Sending due task check-profile-heartbeats-every-minute (profiles.check_profile_heartbeats)
[2026-05-11 19:19:38,236: INFO/MainProcess] Scheduler: Sending due task reconcile-stale-messages-every-minute (messaging.reconcile_stale_messages)
[2026-05-11 19:19:38,738: INFO/MainProcess] Scheduler: Sending due task check-profile-heartbeats-every-minute (profiles.check_profile_heartbeats)
[2026-05-11 19:20:08,759: INFO/MainProcess] Scheduler: Sending due task check-profile-heartbeats-every-minute (profiles.check_profile_heartbeats)
[2026-05-11 19:20:37,013: INFO/MainProcess] Scheduler: Sending due task sync-gologin-profiles-every-3-minutes (profiles.sync_gologin_profiles)
[2026-05-11 19:20:38,256: INFO/MainProcess] Scheduler: Sending due task reconcile-stale-messages-every-minute (messaging.reconcile_stale_messages)
[2026-05-11 19:20:38,786: INFO/MainProcess] Scheduler: Sending due task check-profile-heartbeats-every-minute (profiles.check_profile_heartbeats)
[2026-05-11 19:21:08,808: INFO/MainProcess] Scheduler: Sending due task check-profile-heartbeats-every-minute (profiles.check_profile_heartbeats)
[2026-05-11 19:21:38,281: INFO/MainProcess] Scheduler: Sending due task reconcile-stale-messages-every-minute (messaging.reconcile_stale_messages)
[2026-05-11 19:21:38,828: INFO/MainProcess] Scheduler: Sending due task check-profile-heartbeats-every-minute (profiles.check_profile_heartbeats)
[2026-05-11 19:22:08,849: INFO/MainProcess] Scheduler: Sending due task check-profile-heartbeats-every-minute (profiles.check_profile_heartbeats)
[2026-05-11 19:22:38,302: INFO/MainProcess] Scheduler: Sending due task reconcile-stale-messages-every-minute (messaging.reconcile_stale_messages)
[2026-05-11 19:22:38,869: INFO/MainProcess] Scheduler: Sending due task check-profile-heartbeats-every-minute (profiles.check_profile_heartbeats)
[2026-05-11 19:23:08,899: INFO/MainProcess] Scheduler: Sending due task check-profile-heartbeats-every-minute (profiles.check_profile_heartbeats)
[2026-05-11 19:23:37,072: INFO/MainProcess] Scheduler: Sending due task sync-gologin-profiles-every-3-minutes (profiles.sync_gologin_profiles)
[2026-05-11 19:23:38,336: INFO/MainProcess] Scheduler: Sending due task reconcile-stale-messages-every-minute (messaging.reconcile_stale_messages)
[2026-05-11 19:23:38,931: INFO/MainProcess] Scheduler: Sending due task check-profile-heartbeats-every-minute (profiles.check_profile_heartbeats)
[2026-05-11 19:24:09,058: INFO/MainProcess] Scheduler: Sending due task check-profile-heartbeats-every-minute (profiles.check_profile_heartbeats)
[2026-05-11 19:24:38,459: INFO/MainProcess] Scheduler: Sending due task reconcile-stale-messages-every-minute (messaging.reconcile_stale_messages)
[2026-05-11 19:24:39,082: INFO/MainProcess] Scheduler: Sending due task check-profile-heartbeats-every-minute (profiles.check_profile_heartbeats)
[2026-05-11 19:25:09,124: INFO/MainProcess] Scheduler: Sending due task check-profile-heartbeats-every-minute (profiles.check_profile_heartbeats)
[2026-05-11 19:25:38,479: INFO/MainProcess] Scheduler: Sending due task reconcile-stale-messages-every-minute (messaging.reconcile_stale_messages)
[2026-05-11 19:25:39,146: INFO/MainProcess] Scheduler: Sending due task check-profile-heartbeats-every-minute (profiles.check_profile_heartbeats)
[2026-05-11 19:26:09,166: INFO/MainProcess] Scheduler: Sending due task check-profile-heartbeats-every-minute (profiles.check_profile_heartbeats)
[2026-05-11 19:26:37,131: INFO/MainProcess] Scheduler: Sending due task sync-gologin-profiles-every-3-minutes (profiles.sync_gologin_profiles)
[2026-05-11 19:26:38,501: INFO/MainProcess] Scheduler: Sending due task reconcile-stale-messages-every-minute (messaging.reconcile_stale_messages)
[2026-05-11 19:26:39,194: INFO/MainProcess] Scheduler: Sending due task check-profile-heartbeats-every-minute (profiles.check_profile_heartbeats)
[2026-05-11 19:27:09,216: INFO/MainProcess] Scheduler: Sending due task check-profile-heartbeats-every-minute (profiles.check_profile_heartbeats)
[2026-05-11 19:27:38,522: INFO/MainProcess] Scheduler: Sending due task reconcile-stale-messages-every-minute (messaging.reconcile_stale_messages)
[2026-05-11 19:27:39,236: INFO/MainProcess] Scheduler: Sending due task check-profile-heartbeats-every-minute (profiles.check_profile_heartbeats)
[2026-05-11 19:28:09,263: INFO/MainProcess] Scheduler: Sending due task check-profile-heartbeats-every-minute (profiles.check_profile_heartbeats)
[2026-05-11 19:28:38,542: INFO/MainProcess] Scheduler: Sending due task reconcile-stale-messages-every-minute (messaging.reconcile_stale_messages)
[2026-05-11 19:28:39,282: INFO/MainProcess] Scheduler: Sending due task check-profile-heartbeats-every-minute (profiles.check_profile_heartbeats)
[2026-05-11 19:29:09,305: INFO/MainProcess] Scheduler: Sending due task check-profile-heartbeats-every-minute (profiles.check_profile_heartbeats)
[2026-05-11 19:29:37,190: INFO/MainProcess] Scheduler: Sending due task sync-gologin-profiles-every-3-minutes (profiles.sync_gologin_profiles)
[2026-05-11 19:29:38,841: INFO/MainProcess] Scheduler: Sending due task reconcile-stale-messages-every-minute (messaging.reconcile_stale_messages)
[2026-05-11 19:29:39,379: INFO/MainProcess] Scheduler: Sending due task check-profile-heartbeats-every-minute (profiles.check_profile_heartbeats)
[2026-05-11 19:30:09,409: INFO/MainProcess] Scheduler: Sending due task check-profile-heartbeats-every-minute (profiles.check_profile_heartbeats)
[2026-05-11 19:30:38,861: INFO/MainProcess] Scheduler: Sending due task reconcile-stale-messages-every-minute (messaging.reconcile_stale_messages)
[2026-05-11 19:30:39,429: INFO/MainProcess] Scheduler: Sending due task check-profile-heartbeats-every-minute (profiles.check_profile_heartbeats)
[2026-05-11 19:31:09,451: INFO/MainProcess] Scheduler: Sending due task check-profile-heartbeats-every-minute (profiles.check_profile_heartbeats)
[2026-05-11 19:31:38,882: INFO/MainProcess] Scheduler: Sending due task reconcile-stale-messages-every-minute (messaging.reconcile_stale_messages)
[2026-05-11 19:31:39,473: INFO/MainProcess] Scheduler: Sending due task check-profile-heartbeats-every-minute (profiles.check_profile_heartbeats)
[2026-05-11 19:32:09,493: INFO/MainProcess] Scheduler: Sending due task check-profile-heartbeats-every-minute (profiles.check_profile_heartbeats)
[2026-05-11 19:32:37,247: INFO/MainProcess] Scheduler: Sending due task sync-gologin-profiles-every-3-minutes (profiles.sync_gologin_profiles)
[2026-05-11 19:32:38,910: INFO/MainProcess] Scheduler: Sending due task reconcile-stale-messages-every-minute (messaging.reconcile_stale_messages)
[2026-05-11 19:32:39,528: INFO/MainProcess] Scheduler: Sending due task check-profile-heartbeats-every-minute (profiles.check_profile_heartbeats)
[2026-05-11 19:33:09,547: INFO/MainProcess] Scheduler: Sending due task check-profile-heartbeats-every-minute (profiles.check_profile_heartbeats)
[2026-05-11 19:33:38,930: INFO/MainProcess] Scheduler: Sending due task reconcile-stale-messages-every-minute (messaging.reconcile_stale_messages)
[2026-05-11 19:33:39,567: INFO/MainProcess] Scheduler: Sending due task check-profile-heartbeats-every-minute (profiles.check_profile_heartbeats)
[2026-05-11 19:34:09,587: INFO/MainProcess] Scheduler: Sending due task check-profile-heartbeats-every-minute (profiles.check_profile_heartbeats)
[2026-05-11 19:34:39,055: INFO/MainProcess] Scheduler: Sending due task reconcile-stale-messages-every-minute (messaging.reconcile_stale_messages)
[2026-05-11 19:34:39,714: INFO/MainProcess] Scheduler: Sending due task check-profile-heartbeats-every-minute (profiles.check_profile_heartbeats)
[2026-05-11 19:35:09,736: INFO/MainProcess] Scheduler: Sending due task check-profile-heartbeats-every-minute (profiles.check_profile_heartbeats)
[2026-05-11 19:35:37,304: INFO/MainProcess] Scheduler: Sending due task sync-gologin-profiles-every-3-minutes (profiles.sync_gologin_profiles)
[2026-05-11 19:35:39,086: INFO/MainProcess] Scheduler: Sending due task reconcile-stale-messages-every-minute (messaging.reconcile_stale_messages)
[2026-05-11 19:35:39,770: INFO/MainProcess] Scheduler: Sending due task check-profile-heartbeats-every-minute (profiles.check_profile_heartbeats)
[2026-05-11 19:36:09,789: INFO/MainProcess] Scheduler: Sending due task check-profile-heartbeats-every-minute (profiles.check_profile_heartbeats)
[2026-05-11 19:36:39,109: INFO/MainProcess] Scheduler: Sending due task reconcile-stale-messages-every-minute (messaging.reconcile_stale_messages)
[2026-05-11 19:36:39,810: INFO/MainProcess] Scheduler: Sending due task check-profile-heartbeats-every-minute (profiles.check_profile_heartbeats)
[2026-05-11 19:37:09,832: INFO/MainProcess] Scheduler: Sending due task check-profile-heartbeats-every-minute (profiles.check_profile_heartbeats)
[2026-05-11 19:37:39,131: INFO/MainProcess] Scheduler: Sending due task reconcile-stale-messages-every-minute (messaging.reconcile_stale_messages)
[2026-05-11 19:37:39,852: INFO/MainProcess] Scheduler: Sending due task check-profile-heartbeats-every-minute (profiles.check_profile_heartbeats)
[2026-05-11 19:38:09,871: INFO/MainProcess] Scheduler: Sending due task check-profile-heartbeats-every-minute (profiles.check_profile_heartbeats)
[2026-05-11 19:38:37,497: INFO/MainProcess] Scheduler: Sending due task sync-gologin-profiles-every-3-minutes (profiles.sync_gologin_profiles)
[2026-05-11 19:38:39,163: INFO/MainProcess] Scheduler: Sending due task reconcile-stale-messages-every-minute (messaging.reconcile_stale_messages)
[2026-05-11 19:38:39,908: INFO/MainProcess] Scheduler: Sending due task check-profile-heartbeats-every-minute (profiles.check_profile_heartbeats)
[2026-05-11 19:39:09,943: INFO/MainProcess] Scheduler: Sending due task check-profile-heartbeats-every-minute (profiles.check_profile_heartbeats)
[2026-05-11 19:39:39,313: INFO/MainProcess] Scheduler: Sending due task reconcile-stale-messages-every-minute (messaging.reconcile_stale_messages)
[2026-05-11 19:39:39,964: INFO/MainProcess] Scheduler: Sending due task check-profile-heartbeats-every-minute (profiles.check_profile_heartbeats)
[2026-05-11 19:40:09,984: INFO/MainProcess] Scheduler: Sending due task check-profile-heartbeats-every-minute (profiles.check_profile_heartbeats)
[2026-05-11 19:40:39,333: INFO/MainProcess] Scheduler: Sending due task reconcile-stale-messages-every-minute (messaging.reconcile_stale_messages)
[2026-05-11 19:40:40,003: INFO/MainProcess] Scheduler: Sending due task check-profile-heartbeats-every-minute (profiles.check_profile_heartbeats)
[2026-05-11 19:41:10,026: INFO/MainProcess] Scheduler: Sending due task check-profile-heartbeats-every-minute (profiles.check_profile_heartbeats)
[2026-05-11 19:41:37,571: INFO/MainProcess] Scheduler: Sending due task sync-gologin-profiles-every-3-minutes (profiles.sync_gologin_profiles)
[2026-05-11 19:41:39,376: INFO/MainProcess] Scheduler: Sending due task reconcile-stale-messages-every-minute (messaging.reconcile_stale_messages)
[2026-05-11 19:41:40,058: INFO/MainProcess] Scheduler: Sending due task check-profile-heartbeats-every-minute (profiles.check_profile_heartbeats)
[2026-05-11 19:42:10,079: INFO/MainProcess] Scheduler: Sending due task check-profile-heartbeats-every-minute (profiles.check_profile_heartbeats)
[2026-05-11 19:42:39,396: INFO/MainProcess] Scheduler: Sending due task reconcile-stale-messages-every-minute (messaging.reconcile_stale_messages)
[2026-05-11 19:42:40,098: INFO/MainProcess] Scheduler: Sending due task check-profile-heartbeats-every-minute (profiles.check_profile_heartbeats)
[2026-05-11 19:43:10,121: INFO/MainProcess] Scheduler: Sending due task check-profile-heartbeats-every-minute (profiles.check_profile_heartbeats)
[2026-05-11 19:43:39,420: INFO/MainProcess] Scheduler: Sending due task reconcile-stale-messages-every-minute (messaging.reconcile_stale_messages)
[2026-05-11 19:43:40,147: INFO/MainProcess] Scheduler: Sending due task check-profile-heartbeats-every-minute (profiles.check_profile_heartbeats)
[2026-05-11 19:44:10,171: INFO/MainProcess] Scheduler: Sending due task check-profile-heartbeats-every-minute (profiles.check_profile_heartbeats)
[2026-05-11 19:44:37,634: INFO/MainProcess] Scheduler: Sending due task sync-gologin-profiles-every-3-minutes (profiles.sync_gologin_profiles)
[2026-05-11 19:44:39,628: INFO/MainProcess] Scheduler: Sending due task reconcile-stale-messages-every-minute (messaging.reconcile_stale_messages)
[2026-05-11 19:44:40,202: INFO/MainProcess] Scheduler: Sending due task check-profile-heartbeats-every-minute (profiles.check_profile_heartbeats)
[2026-05-11 19:45:10,224: INFO/MainProcess] Scheduler: Sending due task check-profile-heartbeats-every-minute (profiles.check_profile_heartbeats)
[2026-05-11 19:45:39,649: INFO/MainProcess] Scheduler: Sending due task reconcile-stale-messages-every-minute (messaging.reconcile_stale_messages)
[2026-05-11 19:45:40,244: INFO/MainProcess] Scheduler: Sending due task check-profile-heartbeats-every-minute (profiles.check_profile_heartbeats)
[2026-05-11 19:46:10,265: INFO/MainProcess] Scheduler: Sending due task check-profile-heartbeats-every-minute (profiles.check_profile_heartbeats)
[2026-05-11 19:46:39,669: INFO/MainProcess] Scheduler: Sending due task reconcile-stale-messages-every-minute (messaging.reconcile_stale_messages)
[2026-05-11 19:46:40,283: INFO/MainProcess] Scheduler: Sending due task check-profile-heartbeats-every-minute (profiles.check_profile_heartbeats)
[2026-05-11 19:47:10,304: INFO/MainProcess] Scheduler: Sending due task check-profile-heartbeats-every-minute (profiles.check_profile_heartbeats)
[2026-05-11 19:47:37,692: INFO/MainProcess] Scheduler: Sending due task sync-gologin-profiles-every-3-minutes (profiles.sync_gologin_profiles)
[2026-05-11 19:47:39,704: INFO/MainProcess] Scheduler: Sending due task reconcile-stale-messages-every-minute (messaging.reconcile_stale_messages)
[2026-05-11 19:47:40,341: INFO/MainProcess] Scheduler: Sending due task check-profile-heartbeats-every-minute (profiles.check_profile_heartbeats)
[2026-05-11 19:48:10,387: INFO/MainProcess] Scheduler: Sending due task check-profile-heartbeats-every-minute (profiles.check_profile_heartbeats)
[2026-05-11 19:48:39,759: INFO/MainProcess] Scheduler: Sending due task reconcile-stale-messages-every-minute (messaging.reconcile_stale_messages)
[2026-05-11 19:48:40,432: INFO/MainProcess] Scheduler: Sending due task check-profile-heartbeats-every-minute (profiles.check_profile_heartbeats)
[2026-05-11 19:49:10,484: INFO/MainProcess] Scheduler: Sending due task check-profile-heartbeats-every-minute (profiles.check_profile_heartbeats)
[2026-05-11 19:49:39,993: INFO/MainProcess] Scheduler: Sending due task reconcile-stale-messages-every-minute (messaging.reconcile_stale_messages)
[2026-05-11 19:49:40,526: INFO/MainProcess] Scheduler: Sending due task check-profile-heartbeats-every-minute (profiles.check_profile_heartbeats)
[2026-05-11 19:50:10,569: INFO/MainProcess] Scheduler: Sending due task check-profile-heartbeats-every-minute (profiles.check_profile_heartbeats)
[2026-05-11 19:50:37,820: INFO/MainProcess] Scheduler: Sending due task sync-gologin-profiles-every-3-minutes (profiles.sync_gologin_profiles)
[2026-05-11 19:50:40,043: INFO/MainProcess] Scheduler: Sending due task reconcile-stale-messages-every-minute (messaging.reconcile_stale_messages)
[2026-05-11 19:50:40,616: INFO/MainProcess] Scheduler: Sending due task check-profile-heartbeats-every-minute (profiles.check_profile_heartbeats)
[2026-05-11 19:51:10,664: INFO/MainProcess] Scheduler: Sending due task check-profile-heartbeats-every-minute (profiles.check_profile_heartbeats)
[2026-05-11 19:51:40,088: INFO/MainProcess] Scheduler: Sending due task reconcile-stale-messages-every-minute (messaging.reconcile_stale_messages)
[2026-05-11 19:51:40,706: INFO/MainProcess] Scheduler: Sending due task check-profile-heartbeats-every-minute (profiles.check_profile_heartbeats)
[2026-05-11 19:52:10,758: INFO/MainProcess] Scheduler: Sending due task check-profile-heartbeats-every-minute (profiles.check_profile_heartbeats)
[2026-05-11 19:52:40,135: INFO/MainProcess] Scheduler: Sending due task reconcile-stale-messages-every-minute (messaging.reconcile_stale_messages)
[2026-05-11 19:52:40,817: INFO/MainProcess] Scheduler: Sending due task check-profile-heartbeats-every-minute (profiles.check_profile_heartbeats)
[2026-05-11 19:53:23,036: INFO/MainProcess] Scheduler: Sending due task check-profile-heartbeats-every-minute (profiles.check_profile_heartbeats)
[2026-05-11 19:55:41,753: INFO/MainProcess] Scheduler: Sending due task sync-gologin-profiles-every-3-minutes (profiles.sync_gologin_profiles)
[2026-05-11 19:55:41,803: INFO/MainProcess] Scheduler: Sending due task check-profile-heartbeats-every-minute (profiles.check_profile_heartbeats)
[2026-05-11 19:55:41,856: INFO/MainProcess] Scheduler: Sending due task reconcile-stale-messages-every-minute (messaging.reconcile_stale_messages)
[2026-05-11 20:28:52,671: INFO/MainProcess] Scheduler: Sending due task sync-gologin-profiles-every-3-minutes (profiles.sync_gologin_profiles)
[2026-05-11 20:28:52,755: INFO/MainProcess] Scheduler: Sending due task reconcile-stale-messages-every-minute (messaging.reconcile_stale_messages)
[2026-05-11 20:28:52,840: INFO/MainProcess] Scheduler: Sending due task check-profile-heartbeats-every-minute (profiles.check_profile_heartbeats)
[2026-05-11 20:30:41,254: INFO/MainProcess] Scheduler: Sending due task check-profile-heartbeats-every-minute (profiles.check_profile_heartbeats)
[2026-05-11 20:30:41,396: INFO/MainProcess] Scheduler: Sending due task reconcile-stale-messages-every-minute (messaging.reconcile_stale_messages)
[2026-05-11 20:31:11,284: INFO/MainProcess] Scheduler: Sending due task check-profile-heartbeats-every-minute (profiles.check_profile_heartbeats)
[2026-05-11 20:31:41,313: INFO/MainProcess] Scheduler: Sending due task check-profile-heartbeats-every-minute (profiles.check_profile_heartbeats)
[2026-05-11 20:31:41,423: INFO/MainProcess] Scheduler: Sending due task reconcile-stale-messages-every-minute (messaging.reconcile_stale_messages)
[2026-05-11 20:31:52,763: INFO/MainProcess] Scheduler: Sending due task sync-gologin-profiles-every-3-minutes (profiles.sync_gologin_profiles)
[2026-05-11 20:32:11,341: INFO/MainProcess] Scheduler: Sending due task check-profile-heartbeats-every-minute (profiles.check_profile_heartbeats)
[2026-05-11 20:32:41,372: INFO/MainProcess] Scheduler: Sending due task check-profile-heartbeats-every-minute (profiles.check_profile_heartbeats)
[2026-05-11 20:32:41,458: INFO/MainProcess] Scheduler: Sending due task reconcile-stale-messages-every-minute (messaging.reconcile_stale_messages)
[2026-05-11 20:33:11,400: INFO/MainProcess] Scheduler: Sending due task check-profile-heartbeats-every-minute (profiles.check_profile_heartbeats)
[2026-05-11 20:38:45,093: INFO/MainProcess] beat: Starting...
[2026-05-11 20:38:45,353: INFO/MainProcess] DatabaseScheduler: Schedule changed.
[2026-05-11 20:38:47,561: INFO/MainProcess] Scheduler: Sending due task sync-gologin-profiles-every-3-minutes (profiles.sync_gologin_profiles)
[2026-05-11 20:38:49,725: INFO/MainProcess] Scheduler: Sending due task check-profile-heartbeats-every-minute (profiles.check_profile_heartbeats)
[2026-05-11 20:38:49,778: INFO/MainProcess] Scheduler: Sending due task reconcile-stale-messages-every-minute (messaging.reconcile_stale_messages)
[2026-05-11 20:39:19,764: INFO/MainProcess] Scheduler: Sending due task check-profile-heartbeats-every-minute (profiles.check_profile_heartbeats)
[2026-05-11 20:39:49,795: INFO/MainProcess] Scheduler: Sending due task check-profile-heartbeats-every-minute (profiles.check_profile_heartbeats)
[2026-05-11 20:39:49,858: INFO/MainProcess] Scheduler: Sending due task reconcile-stale-messages-every-minute (messaging.reconcile_stale_messages)
[2026-05-11 20:40:19,824: INFO/MainProcess] Scheduler: Sending due task check-profile-heartbeats-every-minute (profiles.check_profile_heartbeats)
[2026-05-11 20:40:49,852: INFO/MainProcess] Scheduler: Sending due task check-profile-heartbeats-every-minute (profiles.check_profile_heartbeats)
[2026-05-11 20:40:49,888: INFO/MainProcess] Scheduler: Sending due task reconcile-stale-messages-every-minute (messaging.reconcile_stale_messages)
[2026-05-11 20:41:19,883: INFO/MainProcess] Scheduler: Sending due task check-profile-heartbeats-every-minute (profiles.check_profile_heartbeats)
[2026-05-11 20:41:45,559: INFO/MainProcess] Scheduler: Sending due task sync-gologin-profiles-every-3-minutes (profiles.sync_gologin_profiles)
[2026-05-11 20:41:49,969: INFO/MainProcess] Scheduler: Sending due task check-profile-heartbeats-every-minute (profiles.check_profile_heartbeats)
[2026-05-11 20:41:50,008: INFO/MainProcess] Scheduler: Sending due task reconcile-stale-messages-every-minute (messaging.reconcile_stale_messages)
[2026-05-11 20:42:20,005: INFO/MainProcess] Scheduler: Sending due task check-profile-heartbeats-every-minute (profiles.check_profile_heartbeats)
[2026-05-11 20:42:50,056: INFO/MainProcess] Scheduler: Sending due task check-profile-heartbeats-every-minute (profiles.check_profile_heartbeats)
[2026-05-11 20:42:50,111: INFO/MainProcess] Scheduler: Sending due task reconcile-stale-messages-every-minute (messaging.reconcile_stale_messages)
[2026-05-11 20:43:20,116: INFO/MainProcess] Scheduler: Sending due task check-profile-heartbeats-every-minute (profiles.check_profile_heartbeats)
[2026-05-11 20:43:50,152: INFO/MainProcess] Scheduler: Sending due task reconcile-stale-messages-every-minute (messaging.reconcile_stale_messages)
[2026-05-11 20:43:50,211: INFO/MainProcess] Scheduler: Sending due task check-profile-heartbeats-every-minute (profiles.check_profile_heartbeats)
[2026-05-11 20:44:20,262: INFO/MainProcess] Scheduler: Sending due task check-profile-heartbeats-every-minute (profiles.check_profile_heartbeats)
[2026-05-11 20:44:45,591: INFO/MainProcess] Scheduler: Sending due task sync-gologin-profiles-every-3-minutes (profiles.sync_gologin_profiles)
[2026-05-11 20:44:50,292: INFO/MainProcess] Scheduler: Sending due task reconcile-stale-messages-every-minute (messaging.reconcile_stale_messages)
[2026-05-11 20:44:50,346: INFO/MainProcess] Scheduler: Sending due task check-profile-heartbeats-every-minute (profiles.check_profile_heartbeats)
[2026-05-11 20:45:20,391: INFO/MainProcess] Scheduler: Sending due task check-profile-heartbeats-every-minute (profiles.check_profile_heartbeats)
[2026-05-11 20:45:50,350: INFO/MainProcess] Scheduler: Sending due task reconcile-stale-messages-every-minute (messaging.reconcile_stale_messages)
[2026-05-11 20:45:50,426: INFO/MainProcess] Scheduler: Sending due task check-profile-heartbeats-every-minute (profiles.check_profile_heartbeats)
[2026-05-11 20:46:20,473: INFO/MainProcess] Scheduler: Sending due task check-profile-heartbeats-every-minute (profiles.check_profile_heartbeats)
[2026-05-11 20:46:50,407: INFO/MainProcess] Scheduler: Sending due task reconcile-stale-messages-every-minute (messaging.reconcile_stale_messages)
[2026-05-11 20:46:50,474: INFO/MainProcess] Scheduler: Sending due task check-profile-heartbeats-every-minute (profiles.check_profile_heartbeats)
[2026-05-11 20:47:20,521: INFO/MainProcess] Scheduler: Sending due task check-profile-heartbeats-every-minute (profiles.check_profile_heartbeats)
[2026-05-11 20:47:45,635: INFO/MainProcess] Scheduler: Sending due task sync-gologin-profiles-every-3-minutes (profiles.sync_gologin_profiles)
[2026-05-11 20:47:50,551: INFO/MainProcess] Scheduler: Sending due task reconcile-stale-messages-every-minute (messaging.reconcile_stale_messages)
[2026-05-11 20:47:50,605: INFO/MainProcess] Scheduler: Sending due task check-profile-heartbeats-every-minute (profiles.check_profile_heartbeats)
[2026-05-11 20:48:20,672: INFO/MainProcess] Scheduler: Sending due task check-profile-heartbeats-every-minute (profiles.check_profile_heartbeats)
[2026-05-11 20:48:50,602: INFO/MainProcess] Scheduler: Sending due task reconcile-stale-messages-every-minute (messaging.reconcile_stale_messages)
[2026-05-11 20:48:50,714: INFO/MainProcess] Scheduler: Sending due task check-profile-heartbeats-every-minute (profiles.check_profile_heartbeats)
[2026-05-11 20:49:20,765: INFO/MainProcess] Scheduler: Sending due task check-profile-heartbeats-every-minute (profiles.check_profile_heartbeats)
[2026-05-11 20:49:50,650: INFO/MainProcess] Scheduler: Sending due task reconcile-stale-messages-every-minute (messaging.reconcile_stale_messages)
[2026-05-11 20:49:50,806: INFO/MainProcess] Scheduler: Sending due task check-profile-heartbeats-every-minute (profiles.check_profile_heartbeats)
[2026-05-11 20:50:20,853: INFO/MainProcess] Scheduler: Sending due task check-profile-heartbeats-every-minute (profiles.check_profile_heartbeats)
[2026-05-11 20:50:45,683: INFO/MainProcess] Scheduler: Sending due task sync-gologin-profiles-every-3-minutes (profiles.sync_gologin_profiles)
[2026-05-11 20:50:50,781: INFO/MainProcess] Scheduler: Sending due task reconcile-stale-messages-every-minute (messaging.reconcile_stale_messages)
[2026-05-11 20:50:50,903: INFO/MainProcess] Scheduler: Sending due task check-profile-heartbeats-every-minute (profiles.check_profile_heartbeats)
[2026-05-11 20:51:20,948: INFO/MainProcess] Scheduler: Sending due task check-profile-heartbeats-every-minute (profiles.check_profile_heartbeats)
[2026-05-11 20:51:50,829: INFO/MainProcess] Scheduler: Sending due task reconcile-stale-messages-every-minute (messaging.reconcile_stale_messages)
[2026-05-11 20:51:50,992: INFO/MainProcess] Scheduler: Sending due task check-profile-heartbeats-every-minute (profiles.check_profile_heartbeats)
[2026-05-11 20:52:21,048: INFO/MainProcess] Scheduler: Sending due task check-profile-heartbeats-every-minute (profiles.check_profile_heartbeats)
[2026-05-11 20:52:50,865: INFO/MainProcess] Scheduler: Sending due task reconcile-stale-messages-every-minute (messaging.reconcile_stale_messages)
[2026-05-11 20:52:51,081: INFO/MainProcess] Scheduler: Sending due task check-profile-heartbeats-every-minute (profiles.check_profile_heartbeats)
[2026-05-11 20:53:21,129: INFO/MainProcess] Scheduler: Sending due task check-profile-heartbeats-every-minute (profiles.check_profile_heartbeats)
[2026-05-11 20:53:45,752: INFO/MainProcess] Scheduler: Sending due task sync-gologin-profiles-every-3-minutes (profiles.sync_gologin_profiles)
[2026-05-11 20:53:51,086: INFO/MainProcess] Scheduler: Sending due task reconcile-stale-messages-every-minute (messaging.reconcile_stale_messages)
[2026-05-11 20:53:51,131: INFO/MainProcess] Scheduler: Sending due task check-profile-heartbeats-every-minute (profiles.check_profile_heartbeats)
[2026-05-11 20:54:21,172: INFO/MainProcess] Scheduler: Sending due task check-profile-heartbeats-every-minute (profiles.check_profile_heartbeats)
[2026-05-11 20:54:51,136: INFO/MainProcess] Scheduler: Sending due task reconcile-stale-messages-every-minute (messaging.reconcile_stale_messages)
[2026-05-11 20:54:51,193: INFO/MainProcess] Scheduler: Sending due task check-profile-heartbeats-every-minute (profiles.check_profile_heartbeats)
[2026-05-11 20:55:21,242: INFO/MainProcess] Scheduler: Sending due task check-profile-heartbeats-every-minute (profiles.check_profile_heartbeats)
[2026-05-11 20:55:51,181: INFO/MainProcess] Scheduler: Sending due task reconcile-stale-messages-every-minute (messaging.reconcile_stale_messages)
[2026-05-11 20:55:51,289: INFO/MainProcess] Scheduler: Sending due task check-profile-heartbeats-every-minute (profiles.check_profile_heartbeats)
[2026-05-11 20:56:21,334: INFO/MainProcess] Scheduler: Sending due task check-profile-heartbeats-every-minute (profiles.check_profile_heartbeats)
[2026-05-11 20:56:45,801: INFO/MainProcess] Scheduler: Sending due task sync-gologin-profiles-every-3-minutes (profiles.sync_gologin_profiles)
[2026-05-11 20:56:51,307: INFO/MainProcess] Scheduler: Sending due task reconcile-stale-messages-every-minute (messaging.reconcile_stale_messages)
[2026-05-11 20:56:51,364: INFO/MainProcess] Scheduler: Sending due task check-profile-heartbeats-every-minute (profiles.check_profile_heartbeats)
[2026-05-11 20:57:21,425: INFO/MainProcess] Scheduler: Sending due task check-profile-heartbeats-every-minute (profiles.check_profile_heartbeats)
[2026-05-11 20:57:51,357: INFO/MainProcess] Scheduler: Sending due task reconcile-stale-messages-every-minute (messaging.reconcile_stale_messages)
[2026-05-11 20:57:51,473: INFO/MainProcess] Scheduler: Sending due task check-profile-heartbeats-every-minute (profiles.check_profile_heartbeats)
[2026-05-11 20:58:21,505: INFO/MainProcess] Scheduler: Sending due task check-profile-heartbeats-every-minute (profiles.check_profile_heartbeats)
[2026-05-11 20:58:51,611: INFO/MainProcess] Scheduler: Sending due task check-profile-heartbeats-every-minute (profiles.check_profile_heartbeats)
[2026-05-11 20:58:51,662: INFO/MainProcess] Scheduler: Sending due task reconcile-stale-messages-every-minute (messaging.reconcile_stale_messages)
[2026-05-11 21:04:51,376: INFO/MainProcess] Scheduler: Sending due task sync-gologin-profiles-every-3-minutes (profiles.sync_gologin_profiles)
[2026-05-11 21:04:51,454: INFO/MainProcess] Scheduler: Sending due task check-profile-heartbeats-every-minute (profiles.check_profile_heartbeats)
[2026-05-11 21:04:51,534: INFO/MainProcess] Scheduler: Sending due task reconcile-stale-messages-every-minute (messaging.reconcile_stale_messages)
[2026-05-11 21:04:51,599: INFO/MainProcess] Scheduler: Sending due task celery.backend_cleanup (celery.backend_cleanup)
[2026-05-11 21:05:21,497: INFO/MainProcess] Scheduler: Sending due task check-profile-heartbeats-every-minute (profiles.check_profile_heartbeats)
[2026-05-11 21:05:51,553: INFO/MainProcess] Scheduler: Sending due task check-profile-heartbeats-every-minute (profiles.check_profile_heartbeats)
[2026-05-11 21:05:51,604: INFO/MainProcess] Scheduler: Sending due task reconcile-stale-messages-every-minute (messaging.reconcile_stale_messages)
[2026-05-11 21:06:21,597: INFO/MainProcess] Scheduler: Sending due task check-profile-heartbeats-every-minute (profiles.check_profile_heartbeats)
[2026-05-11 21:06:51,647: INFO/MainProcess] Scheduler: Sending due task check-profile-heartbeats-every-minute (profiles.check_profile_heartbeats)
[2026-05-11 21:06:51,701: INFO/MainProcess] Scheduler: Sending due task reconcile-stale-messages-every-minute (messaging.reconcile_stale_messages)
[2026-05-11 21:07:21,669: INFO/MainProcess] Scheduler: Sending due task check-profile-heartbeats-every-minute (profiles.check_profile_heartbeats)
[2026-05-11 21:07:51,437: INFO/MainProcess] Scheduler: Sending due task sync-gologin-profiles-every-3-minutes (profiles.sync_gologin_profiles)
[2026-05-11 21:07:51,688: INFO/MainProcess] Scheduler: Sending due task check-profile-heartbeats-every-minute (profiles.check_profile_heartbeats)
[2026-05-11 21:07:51,718: INFO/MainProcess] Scheduler: Sending due task reconcile-stale-messages-every-minute (messaging.reconcile_stale_messages)
[2026-05-11 21:08:21,709: INFO/MainProcess] Scheduler: Sending due task check-profile-heartbeats-every-minute (profiles.check_profile_heartbeats)
[2026-05-11 21:08:51,729: INFO/MainProcess] Scheduler: Sending due task check-profile-heartbeats-every-minute (profiles.check_profile_heartbeats)
[2026-05-11 21:08:51,757: INFO/MainProcess] Scheduler: Sending due task reconcile-stale-messages-every-minute (messaging.reconcile_stale_messages)
[2026-05-11 21:09:21,749: INFO/MainProcess] Scheduler: Sending due task check-profile-heartbeats-every-minute (profiles.check_profile_heartbeats)
[2026-05-11 21:09:51,876: INFO/MainProcess] Scheduler: Sending due task reconcile-stale-messages-every-minute (messaging.reconcile_stale_messages)
[2026-05-11 21:09:51,906: INFO/MainProcess] Scheduler: Sending due task check-profile-heartbeats-every-minute (profiles.check_profile_heartbeats)
[2026-05-11 21:10:21,927: INFO/MainProcess] Scheduler: Sending due task check-profile-heartbeats-every-minute (profiles.check_profile_heartbeats)
[2026-05-11 21:10:51,496: INFO/MainProcess] Scheduler: Sending due task sync-gologin-profiles-every-3-minutes (profiles.sync_gologin_profiles)
[2026-05-11 21:10:51,897: INFO/MainProcess] Scheduler: Sending due task reconcile-stale-messages-every-minute (messaging.reconcile_stale_messages)
[2026-05-11 21:10:51,928: INFO/MainProcess] Scheduler: Sending due task check-profile-heartbeats-every-minute (profiles.check_profile_heartbeats)
[2026-05-11 21:11:21,948: INFO/MainProcess] Scheduler: Sending due task check-profile-heartbeats-every-minute (profiles.check_profile_heartbeats)
[2026-05-11 21:11:51,917: INFO/MainProcess] Scheduler: Sending due task reconcile-stale-messages-every-minute (messaging.reconcile_stale_messages)
[2026-05-11 21:11:51,974: INFO/MainProcess] Scheduler: Sending due task check-profile-heartbeats-every-minute (profiles.check_profile_heartbeats)
[2026-05-11 21:12:21,994: INFO/MainProcess] Scheduler: Sending due task check-profile-heartbeats-every-minute (profiles.check_profile_heartbeats)
[2026-05-11 21:12:51,938: INFO/MainProcess] Scheduler: Sending due task reconcile-stale-messages-every-minute (messaging.reconcile_stale_messages)
[2026-05-11 21:12:52,016: INFO/MainProcess] Scheduler: Sending due task check-profile-heartbeats-every-minute (profiles.check_profile_heartbeats)
[2026-05-11 21:13:22,037: INFO/MainProcess] Scheduler: Sending due task check-profile-heartbeats-every-minute (profiles.check_profile_heartbeats)
[2026-05-11 21:13:51,557: INFO/MainProcess] Scheduler: Sending due task sync-gologin-profiles-every-3-minutes (profiles.sync_gologin_profiles)
[2026-05-11 21:13:51,958: INFO/MainProcess] Scheduler: Sending due task reconcile-stale-messages-every-minute (messaging.reconcile_stale_messages)
[2026-05-11 21:13:52,056: INFO/MainProcess] Scheduler: Sending due task check-profile-heartbeats-every-minute (profiles.check_profile_heartbeats)
[2026-05-11 21:14:22,076: INFO/MainProcess] Scheduler: Sending due task check-profile-heartbeats-every-minute (profiles.check_profile_heartbeats)
[2026-05-11 21:14:52,081: INFO/MainProcess] Scheduler: Sending due task reconcile-stale-messages-every-minute (messaging.reconcile_stale_messages)
[2026-05-11 21:14:52,110: INFO/MainProcess] Scheduler: Sending due task check-profile-heartbeats-every-minute (profiles.check_profile_heartbeats)
[2026-05-11 21:15:22,130: INFO/MainProcess] Scheduler: Sending due task check-profile-heartbeats-every-minute (profiles.check_profile_heartbeats)
[2026-05-11 21:15:52,101: INFO/MainProcess] Scheduler: Sending due task reconcile-stale-messages-every-minute (messaging.reconcile_stale_messages)
[2026-05-11 21:15:52,132: INFO/MainProcess] Scheduler: Sending due task check-profile-heartbeats-every-minute (profiles.check_profile_heartbeats)
[2026-05-11 21:16:22,152: INFO/MainProcess] Scheduler: Sending due task check-profile-heartbeats-every-minute (profiles.check_profile_heartbeats)
[2026-05-11 21:16:51,614: INFO/MainProcess] Scheduler: Sending due task sync-gologin-profiles-every-3-minutes (profiles.sync_gologin_profiles)
[2026-05-11 21:16:52,121: INFO/MainProcess] Scheduler: Sending due task reconcile-stale-messages-every-minute (messaging.reconcile_stale_messages)
[2026-05-11 21:16:52,180: INFO/MainProcess] Scheduler: Sending due task check-profile-heartbeats-every-minute (profiles.check_profile_heartbeats)
[2026-05-11 21:17:22,200: INFO/MainProcess] Scheduler: Sending due task check-profile-heartbeats-every-minute (profiles.check_profile_heartbeats)
[2026-05-11 21:17:52,141: INFO/MainProcess] Scheduler: Sending due task reconcile-stale-messages-every-minute (messaging.reconcile_stale_messages)
[2026-05-11 21:17:52,221: INFO/MainProcess] Scheduler: Sending due task check-profile-heartbeats-every-minute (profiles.check_profile_heartbeats)
[2026-05-11 21:23:54,497: INFO/MainProcess] Scheduler: Sending due task reconcile-stale-messages-every-minute (messaging.reconcile_stale_messages)
[2026-05-11 21:23:54,578: INFO/MainProcess] Scheduler: Sending due task sync-gologin-profiles-every-3-minutes (profiles.sync_gologin_profiles)
[2026-05-11 21:23:54,650: INFO/MainProcess] Scheduler: Sending due task check-profile-heartbeats-every-minute (profiles.check_profile_heartbeats)
[2026-05-11 21:24:24,670: INFO/MainProcess] Scheduler: Sending due task check-profile-heartbeats-every-minute (profiles.check_profile_heartbeats)
[2026-05-11 21:24:54,550: INFO/MainProcess] Scheduler: Sending due task reconcile-stale-messages-every-minute (messaging.reconcile_stale_messages)
[2026-05-11 21:24:54,716: INFO/MainProcess] Scheduler: Sending due task check-profile-heartbeats-every-minute (profiles.check_profile_heartbeats)
[2026-05-11 21:25:24,760: INFO/MainProcess] Scheduler: Sending due task check-profile-heartbeats-every-minute (profiles.check_profile_heartbeats)
[2026-05-11 21:25:54,595: INFO/MainProcess] Scheduler: Sending due task reconcile-stale-messages-every-minute (messaging.reconcile_stale_messages)
[2026-05-11 21:25:54,804: INFO/MainProcess] Scheduler: Sending due task check-profile-heartbeats-every-minute (profiles.check_profile_heartbeats)
[2026-05-11 21:26:24,846: INFO/MainProcess] Scheduler: Sending due task check-profile-heartbeats-every-minute (profiles.check_profile_heartbeats)
[2026-05-11 21:26:54,694: INFO/MainProcess] Scheduler: Sending due task sync-gologin-profiles-every-3-minutes (profiles.sync_gologin_profiles)
[2026-05-11 21:26:54,753: INFO/MainProcess] Scheduler: Sending due task reconcile-stale-messages-every-minute (messaging.reconcile_stale_messages)
[2026-05-11 21:26:54,891: INFO/MainProcess] Scheduler: Sending due task check-profile-heartbeats-every-minute (profiles.check_profile_heartbeats)
[2026-05-11 21:27:24,935: INFO/MainProcess] Scheduler: Sending due task check-profile-heartbeats-every-minute (profiles.check_profile_heartbeats)
[2026-05-11 21:27:54,798: INFO/MainProcess] Scheduler: Sending due task reconcile-stale-messages-every-minute (messaging.reconcile_stale_messages)
[2026-05-11 21:27:54,981: INFO/MainProcess] Scheduler: Sending due task check-profile-heartbeats-every-minute (profiles.check_profile_heartbeats)
[2026-05-11 21:28:25,125: INFO/MainProcess] Scheduler: Sending due task check-profile-heartbeats-every-minute (profiles.check_profile_heartbeats)
[2026-05-11 21:28:54,919: INFO/MainProcess] Scheduler: Sending due task reconcile-stale-messages-every-minute (messaging.reconcile_stale_messages)
[2026-05-11 21:28:55,145: INFO/MainProcess] Scheduler: Sending due task check-profile-heartbeats-every-minute (profiles.check_profile_heartbeats)
[2026-05-11 21:29:25,168: INFO/MainProcess] Scheduler: Sending due task check-profile-heartbeats-every-minute (profiles.check_profile_heartbeats)
[2026-05-11 21:29:54,754: INFO/MainProcess] Scheduler: Sending due task sync-gologin-profiles-every-3-minutes (profiles.sync_gologin_profiles)
[2026-05-11 21:29:54,939: INFO/MainProcess] Scheduler: Sending due task reconcile-stale-messages-every-minute (messaging.reconcile_stale_messages)
[2026-05-11 21:29:55,290: INFO/MainProcess] Scheduler: Sending due task check-profile-heartbeats-every-minute (profiles.check_profile_heartbeats)
[2026-05-11 21:30:25,310: INFO/MainProcess] Scheduler: Sending due task check-profile-heartbeats-every-minute (profiles.check_profile_heartbeats)
[2026-05-11 21:30:54,958: INFO/MainProcess] Scheduler: Sending due task reconcile-stale-messages-every-minute (messaging.reconcile_stale_messages)
[2026-05-11 21:30:55,332: INFO/MainProcess] Scheduler: Sending due task check-profile-heartbeats-every-minute (profiles.check_profile_heartbeats)
[2026-05-11 21:31:25,351: INFO/MainProcess] Scheduler: Sending due task check-profile-heartbeats-every-minute (profiles.check_profile_heartbeats)
[2026-05-11 21:31:54,978: INFO/MainProcess] Scheduler: Sending due task reconcile-stale-messages-every-minute (messaging.reconcile_stale_messages)
[2026-05-11 21:31:55,371: INFO/MainProcess] Scheduler: Sending due task check-profile-heartbeats-every-minute (profiles.check_profile_heartbeats)
[2026-05-11 21:32:25,391: INFO/MainProcess] Scheduler: Sending due task check-profile-heartbeats-every-minute (profiles.check_profile_heartbeats)
[2026-05-11 21:32:54,817: INFO/MainProcess] Scheduler: Sending due task sync-gologin-profiles-every-3-minutes (profiles.sync_gologin_profiles)
[2026-05-11 21:32:54,999: INFO/MainProcess] Scheduler: Sending due task reconcile-stale-messages-every-minute (messaging.reconcile_stale_messages)
[2026-05-11 21:32:55,411: INFO/MainProcess] Scheduler: Sending due task check-profile-heartbeats-every-minute (profiles.check_profile_heartbeats)
[2026-05-11 21:33:25,431: INFO/MainProcess] Scheduler: Sending due task check-profile-heartbeats-every-minute (profiles.check_profile_heartbeats)
[2026-05-11 21:33:55,224: INFO/MainProcess] Scheduler: Sending due task reconcile-stale-messages-every-minute (messaging.reconcile_stale_messages)
[2026-05-11 21:33:55,452: INFO/MainProcess] Scheduler: Sending due task check-profile-heartbeats-every-minute (profiles.check_profile_heartbeats)
[2026-05-11 21:34:25,473: INFO/MainProcess] Scheduler: Sending due task check-profile-heartbeats-every-minute (profiles.check_profile_heartbeats)
[2026-05-11 21:34:55,245: INFO/MainProcess] Scheduler: Sending due task reconcile-stale-messages-every-minute (messaging.reconcile_stale_messages)
[2026-05-11 21:34:55,493: INFO/MainProcess] Scheduler: Sending due task check-profile-heartbeats-every-minute (profiles.check_profile_heartbeats)
[2026-05-11 21:35:25,513: INFO/MainProcess] Scheduler: Sending due task check-profile-heartbeats-every-minute (profiles.check_profile_heartbeats)
[2026-05-11 21:35:54,874: INFO/MainProcess] Scheduler: Sending due task sync-gologin-profiles-every-3-minutes (profiles.sync_gologin_profiles)
[2026-05-11 21:35:55,266: INFO/MainProcess] Scheduler: Sending due task reconcile-stale-messages-every-minute (messaging.reconcile_stale_messages)
[2026-05-11 21:35:55,534: INFO/MainProcess] Scheduler: Sending due task check-profile-heartbeats-every-minute (profiles.check_profile_heartbeats)
[2026-05-11 21:36:25,555: INFO/MainProcess] Scheduler: Sending due task check-profile-heartbeats-every-minute (profiles.check_profile_heartbeats)
[2026-05-11 21:36:55,288: INFO/MainProcess] Scheduler: Sending due task reconcile-stale-messages-every-minute (messaging.reconcile_stale_messages)
[2026-05-11 21:36:55,577: INFO/MainProcess] Scheduler: Sending due task check-profile-heartbeats-every-minute (profiles.check_profile_heartbeats)
[2026-05-11 21:37:25,597: INFO/MainProcess] Scheduler: Sending due task check-profile-heartbeats-every-minute (profiles.check_profile_heartbeats)
[2026-05-11 21:37:55,309: INFO/MainProcess] Scheduler: Sending due task reconcile-stale-messages-every-minute (messaging.reconcile_stale_messages)
[2026-05-11 21:37:55,619: INFO/MainProcess] Scheduler: Sending due task check-profile-heartbeats-every-minute (profiles.check_profile_heartbeats)
[2026-05-11 21:38:25,640: INFO/MainProcess] Scheduler: Sending due task check-profile-heartbeats-every-minute (profiles.check_profile_heartbeats)
[2026-05-11 21:38:45,328: INFO/MainProcess] Scheduler: Sending due task send-followup-messages-every-hour (autoreply.send_followup_messages)
[2026-05-11 21:38:54,936: INFO/MainProcess] Scheduler: Sending due task sync-gologin-profiles-every-3-minutes (profiles.sync_gologin_profiles)
[2026-05-11 21:38:55,436: INFO/MainProcess] Scheduler: Sending due task reconcile-stale-messages-every-minute (messaging.reconcile_stale_messages)
[2026-05-11 21:38:55,660: INFO/MainProcess] Scheduler: Sending due task check-profile-heartbeats-every-minute (profiles.check_profile_heartbeats)
[2026-05-11 21:39:25,680: INFO/MainProcess] Scheduler: Sending due task check-profile-heartbeats-every-minute (profiles.check_profile_heartbeats)
[2026-05-11 21:39:55,457: INFO/MainProcess] Scheduler: Sending due task reconcile-stale-messages-every-minute (messaging.reconcile_stale_messages)
[2026-05-11 21:39:55,700: INFO/MainProcess] Scheduler: Sending due task check-profile-heartbeats-every-minute (profiles.check_profile_heartbeats)
[2026-05-11 21:40:25,721: INFO/MainProcess] Scheduler: Sending due task check-profile-heartbeats-every-minute (profiles.check_profile_heartbeats)
[2026-05-11 21:40:55,477: INFO/MainProcess] Scheduler: Sending due task reconcile-stale-messages-every-minute (messaging.reconcile_stale_messages)
[2026-05-11 21:40:55,740: INFO/MainProcess] Scheduler: Sending due task check-profile-heartbeats-every-minute (profiles.check_profile_heartbeats)
[2026-05-11 21:41:25,762: INFO/MainProcess] Scheduler: Sending due task check-profile-heartbeats-every-minute (profiles.check_profile_heartbeats)
[2026-05-11 21:41:54,997: INFO/MainProcess] Scheduler: Sending due task sync-gologin-profiles-every-3-minutes (profiles.sync_gologin_profiles)
[2026-05-11 21:41:55,497: INFO/MainProcess] Scheduler: Sending due task reconcile-stale-messages-every-minute (messaging.reconcile_stale_messages)
[2026-05-11 21:41:55,782: INFO/MainProcess] Scheduler: Sending due task check-profile-heartbeats-every-minute (profiles.check_profile_heartbeats)
[2026-05-11 21:42:25,804: INFO/MainProcess] Scheduler: Sending due task check-profile-heartbeats-every-minute (profiles.check_profile_heartbeats)
[2026-05-11 21:42:55,518: INFO/MainProcess] Scheduler: Sending due task reconcile-stale-messages-every-minute (messaging.reconcile_stale_messages)
[2026-05-11 21:42:55,825: INFO/MainProcess] Scheduler: Sending due task check-profile-heartbeats-every-minute (profiles.check_profile_heartbeats)
[2026-05-11 21:43:25,846: INFO/MainProcess] Scheduler: Sending due task check-profile-heartbeats-every-minute (profiles.check_profile_heartbeats)
[2026-05-11 21:43:55,648: INFO/MainProcess] Scheduler: Sending due task reconcile-stale-messages-every-minute (messaging.reconcile_stale_messages)
[2026-05-11 21:43:55,866: INFO/MainProcess] Scheduler: Sending due task check-profile-heartbeats-every-minute (profiles.check_profile_heartbeats)
[2026-05-11 21:44:25,896: INFO/MainProcess] Scheduler: Sending due task check-profile-heartbeats-every-minute (profiles.check_profile_heartbeats)
[2026-05-11 21:44:55,058: INFO/MainProcess] Scheduler: Sending due task sync-gologin-profiles-every-3-minutes (profiles.sync_gologin_profiles)
[2026-05-11 21:44:55,669: INFO/MainProcess] Scheduler: Sending due task reconcile-stale-messages-every-minute (messaging.reconcile_stale_messages)
[2026-05-11 21:44:55,915: INFO/MainProcess] Scheduler: Sending due task check-profile-heartbeats-every-minute (profiles.check_profile_heartbeats)
[2026-05-11 21:45:25,936: INFO/MainProcess] Scheduler: Sending due task check-profile-heartbeats-every-minute (profiles.check_profile_heartbeats)
[2026-05-11 21:45:55,689: INFO/MainProcess] Scheduler: Sending due task reconcile-stale-messages-every-minute (messaging.reconcile_stale_messages)
[2026-05-11 21:45:55,956: INFO/MainProcess] Scheduler: Sending due task check-profile-heartbeats-every-minute (profiles.check_profile_heartbeats)
[2026-05-11 21:46:25,977: INFO/MainProcess] Scheduler: Sending due task check-profile-heartbeats-every-minute (profiles.check_profile_heartbeats)
[2026-05-11 21:46:55,710: INFO/MainProcess] Scheduler: Sending due task reconcile-stale-messages-every-minute (messaging.reconcile_stale_messages)
[2026-05-11 21:46:55,997: INFO/MainProcess] Scheduler: Sending due task check-profile-heartbeats-every-minute (profiles.check_profile_heartbeats)
[2026-05-11 21:47:26,018: INFO/MainProcess] Scheduler: Sending due task check-profile-heartbeats-every-minute (profiles.check_profile_heartbeats)
[2026-05-11 21:47:55,118: INFO/MainProcess] Scheduler: Sending due task sync-gologin-profiles-every-3-minutes (profiles.sync_gologin_profiles)
[2026-05-11 21:47:55,732: INFO/MainProcess] Scheduler: Sending due task reconcile-stale-messages-every-minute (messaging.reconcile_stale_messages)
[2026-05-11 21:47:56,039: INFO/MainProcess] Scheduler: Sending due task check-profile-heartbeats-every-minute (profiles.check_profile_heartbeats)
[2026-05-11 21:48:26,058: INFO/MainProcess] Scheduler: Sending due task check-profile-heartbeats-every-minute (profiles.check_profile_heartbeats)
[2026-05-11 21:48:55,966: INFO/MainProcess] Scheduler: Sending due task reconcile-stale-messages-every-minute (messaging.reconcile_stale_messages)
[2026-05-11 21:48:56,078: INFO/MainProcess] Scheduler: Sending due task check-profile-heartbeats-every-minute (profiles.check_profile_heartbeats)
[2026-05-11 21:49:26,098: INFO/MainProcess] Scheduler: Sending due task check-profile-heartbeats-every-minute (profiles.check_profile_heartbeats)
[2026-05-11 21:49:55,986: INFO/MainProcess] Scheduler: Sending due task reconcile-stale-messages-every-minute (messaging.reconcile_stale_messages)
[2026-05-11 21:49:56,117: INFO/MainProcess] Scheduler: Sending due task check-profile-heartbeats-every-minute (profiles.check_profile_heartbeats)
[2026-05-11 21:50:26,137: INFO/MainProcess] Scheduler: Sending due task check-profile-heartbeats-every-minute (profiles.check_profile_heartbeats)
[2026-05-11 21:50:55,176: INFO/MainProcess] Scheduler: Sending due task sync-gologin-profiles-every-3-minutes (profiles.sync_gologin_profiles)
[2026-05-11 21:50:56,113: INFO/MainProcess] Scheduler: Sending due task reconcile-stale-messages-every-minute (messaging.reconcile_stale_messages)
[2026-05-11 21:50:56,144: INFO/MainProcess] Scheduler: Sending due task check-profile-heartbeats-every-minute (profiles.check_profile_heartbeats)
[2026-05-11 21:51:26,165: INFO/MainProcess] Scheduler: Sending due task check-profile-heartbeats-every-minute (profiles.check_profile_heartbeats)
[2026-05-11 21:51:56,133: INFO/MainProcess] Scheduler: Sending due task reconcile-stale-messages-every-minute (messaging.reconcile_stale_messages)
[2026-05-11 21:51:56,279: INFO/MainProcess] Scheduler: Sending due task check-profile-heartbeats-every-minute (profiles.check_profile_heartbeats)
[2026-05-11 21:52:26,298: INFO/MainProcess] Scheduler: Sending due task check-profile-heartbeats-every-minute (profiles.check_profile_heartbeats)
[2026-05-11 21:52:56,154: INFO/MainProcess] Scheduler: Sending due task reconcile-stale-messages-every-minute (messaging.reconcile_stale_messages)
[2026-05-11 21:52:56,318: INFO/MainProcess] Scheduler: Sending due task check-profile-heartbeats-every-minute (profiles.check_profile_heartbeats)
[2026-05-11 21:53:26,339: INFO/MainProcess] Scheduler: Sending due task check-profile-heartbeats-every-minute (profiles.check_profile_heartbeats)
[2026-05-11 21:53:55,236: INFO/MainProcess] Scheduler: Sending due task sync-gologin-profiles-every-3-minutes (profiles.sync_gologin_profiles)
[2026-05-11 21:53:56,296: INFO/MainProcess] Scheduler: Sending due task reconcile-stale-messages-every-minute (messaging.reconcile_stale_messages)
[2026-05-11 21:53:56,358: INFO/MainProcess] Scheduler: Sending due task check-profile-heartbeats-every-minute (profiles.check_profile_heartbeats)
[2026-05-11 21:54:26,379: INFO/MainProcess] Scheduler: Sending due task check-profile-heartbeats-every-minute (profiles.check_profile_heartbeats)
[2026-05-11 21:54:56,317: INFO/MainProcess] Scheduler: Sending due task reconcile-stale-messages-every-minute (messaging.reconcile_stale_messages)
[2026-05-11 21:54:56,400: INFO/MainProcess] Scheduler: Sending due task check-profile-heartbeats-every-minute (profiles.check_profile_heartbeats)
[2026-05-11 21:55:26,421: INFO/MainProcess] Scheduler: Sending due task check-profile-heartbeats-every-minute (profiles.check_profile_heartbeats)
[2026-05-11 21:55:56,337: INFO/MainProcess] Scheduler: Sending due task reconcile-stale-messages-every-minute (messaging.reconcile_stale_messages)
[2026-05-11 21:55:56,440: INFO/MainProcess] Scheduler: Sending due task check-profile-heartbeats-every-minute (profiles.check_profile_heartbeats)
[2026-05-11 21:56:26,460: INFO/MainProcess] Scheduler: Sending due task check-profile-heartbeats-every-minute (profiles.check_profile_heartbeats)
[2026-05-11 21:56:55,293: INFO/MainProcess] Scheduler: Sending due task sync-gologin-profiles-every-3-minutes (profiles.sync_gologin_profiles)
[2026-05-11 21:56:56,356: INFO/MainProcess] Scheduler: Sending due task reconcile-stale-messages-every-minute (messaging.reconcile_stale_messages)
[2026-05-11 21:56:56,482: INFO/MainProcess] Scheduler: Sending due task check-profile-heartbeats-every-minute (profiles.check_profile_heartbeats)
[2026-05-11 21:57:26,502: INFO/MainProcess] Scheduler: Sending due task check-profile-heartbeats-every-minute (profiles.check_profile_heartbeats)
[2026-05-11 21:57:56,376: INFO/MainProcess] Scheduler: Sending due task reconcile-stale-messages-every-minute (messaging.reconcile_stale_messages)
[2026-05-11 21:57:56,521: INFO/MainProcess] Scheduler: Sending due task check-profile-heartbeats-every-minute (profiles.check_profile_heartbeats)
[2026-05-11 21:58:26,543: INFO/MainProcess] Scheduler: Sending due task check-profile-heartbeats-every-minute (profiles.check_profile_heartbeats)
[2026-05-11 21:58:56,501: INFO/MainProcess] Scheduler: Sending due task reconcile-stale-messages-every-minute (messaging.reconcile_stale_messages)
[2026-05-11 21:58:56,563: INFO/MainProcess] Scheduler: Sending due task check-profile-heartbeats-every-minute (profiles.check_profile_heartbeats)
[2026-05-11 21:59:26,693: INFO/MainProcess] Scheduler: Sending due task check-profile-heartbeats-every-minute (profiles.check_profile_heartbeats)
[2026-05-11 21:59:55,350: INFO/MainProcess] Scheduler: Sending due task sync-gologin-profiles-every-3-minutes (profiles.sync_gologin_profiles)
[2026-05-11 21:59:56,523: INFO/MainProcess] Scheduler: Sending due task reconcile-stale-messages-every-minute (messaging.reconcile_stale_messages)
[2026-05-11 21:59:56,713: INFO/MainProcess] Scheduler: Sending due task check-profile-heartbeats-every-minute (profiles.check_profile_heartbeats)
[2026-05-11 22:00:26,733: INFO/MainProcess] Scheduler: Sending due task check-profile-heartbeats-every-minute (profiles.check_profile_heartbeats)
[2026-05-11 22:00:56,542: INFO/MainProcess] Scheduler: Sending due task reconcile-stale-messages-every-minute (messaging.reconcile_stale_messages)
[2026-05-11 22:00:56,752: INFO/MainProcess] Scheduler: Sending due task check-profile-heartbeats-every-minute (profiles.check_profile_heartbeats)
[2026-05-11 22:01:26,773: INFO/MainProcess] Scheduler: Sending due task check-profile-heartbeats-every-minute (profiles.check_profile_heartbeats)
[2026-05-11 22:01:56,562: INFO/MainProcess] Scheduler: Sending due task reconcile-stale-messages-every-minute (messaging.reconcile_stale_messages)
[2026-05-11 22:01:56,792: INFO/MainProcess] Scheduler: Sending due task check-profile-heartbeats-every-minute (profiles.check_profile_heartbeats)
[2026-05-11 22:02:26,812: INFO/MainProcess] Scheduler: Sending due task check-profile-heartbeats-every-minute (profiles.check_profile_heartbeats)
[2026-05-11 22:02:55,411: INFO/MainProcess] Scheduler: Sending due task sync-gologin-profiles-every-3-minutes (profiles.sync_gologin_profiles)
[2026-05-11 22:02:56,691: INFO/MainProcess] Scheduler: Sending due task reconcile-stale-messages-every-minute (messaging.reconcile_stale_messages)
[2026-05-11 22:02:56,833: INFO/MainProcess] Scheduler: Sending due task check-profile-heartbeats-every-minute (profiles.check_profile_heartbeats)
[2026-05-11 22:03:26,854: INFO/MainProcess] Scheduler: Sending due task check-profile-heartbeats-every-minute (profiles.check_profile_heartbeats)
[2026-05-11 22:03:56,815: INFO/MainProcess] Scheduler: Sending due task reconcile-stale-messages-every-minute (messaging.reconcile_stale_messages)
[2026-05-11 22:03:56,873: INFO/MainProcess] Scheduler: Sending due task check-profile-heartbeats-every-minute (profiles.check_profile_heartbeats)
[2026-05-11 22:04:26,893: INFO/MainProcess] Scheduler: Sending due task check-profile-heartbeats-every-minute (profiles.check_profile_heartbeats)
[2026-05-11 22:04:56,835: INFO/MainProcess] Scheduler: Sending due task reconcile-stale-messages-every-minute (messaging.reconcile_stale_messages)
[2026-05-11 22:04:56,913: INFO/MainProcess] Scheduler: Sending due task check-profile-heartbeats-every-minute (profiles.check_profile_heartbeats)
[2026-05-11 22:05:27,045: INFO/MainProcess] Scheduler: Sending due task check-profile-heartbeats-every-minute (profiles.check_profile_heartbeats)
[2026-05-11 22:05:55,576: INFO/MainProcess] Scheduler: Sending due task sync-gologin-profiles-every-3-minutes (profiles.sync_gologin_profiles)
[2026-05-11 22:05:56,854: INFO/MainProcess] Scheduler: Sending due task reconcile-stale-messages-every-minute (messaging.reconcile_stale_messages)
[2026-05-11 22:05:57,064: INFO/MainProcess] Scheduler: Sending due task check-profile-heartbeats-every-minute (profiles.check_profile_heartbeats)
[2026-05-11 22:06:27,084: INFO/MainProcess] Scheduler: Sending due task check-profile-heartbeats-every-minute (profiles.check_profile_heartbeats)
[2026-05-11 22:06:56,875: INFO/MainProcess] Scheduler: Sending due task reconcile-stale-messages-every-minute (messaging.reconcile_stale_messages)
[2026-05-11 22:06:57,105: INFO/MainProcess] Scheduler: Sending due task check-profile-heartbeats-every-minute (profiles.check_profile_heartbeats)
[2026-05-11 22:07:27,125: INFO/MainProcess] Scheduler: Sending due task check-profile-heartbeats-every-minute (profiles.check_profile_heartbeats)
[2026-05-11 22:07:56,894: INFO/MainProcess] Scheduler: Sending due task reconcile-stale-messages-every-minute (messaging.reconcile_stale_messages)
[2026-05-11 22:07:57,146: INFO/MainProcess] Scheduler: Sending due task check-profile-heartbeats-every-minute (profiles.check_profile_heartbeats)
[2026-05-11 22:08:27,166: INFO/MainProcess] Scheduler: Sending due task check-profile-heartbeats-every-minute (profiles.check_profile_heartbeats)
[2026-05-11 22:08:55,635: INFO/MainProcess] Scheduler: Sending due task sync-gologin-profiles-every-3-minutes (profiles.sync_gologin_profiles)
[2026-05-11 22:08:57,013: INFO/MainProcess] Scheduler: Sending due task reconcile-stale-messages-every-minute (messaging.reconcile_stale_messages)
[2026-05-11 22:08:57,186: INFO/MainProcess] Scheduler: Sending due task check-profile-heartbeats-every-minute (profiles.check_profile_heartbeats)
[2026-05-11 22:09:27,206: INFO/MainProcess] Scheduler: Sending due task check-profile-heartbeats-every-minute (profiles.check_profile_heartbeats)
[2026-05-11 22:09:57,033: INFO/MainProcess] Scheduler: Sending due task reconcile-stale-messages-every-minute (messaging.reconcile_stale_messages)
[2026-05-11 22:09:57,226: INFO/MainProcess] Scheduler: Sending due task check-profile-heartbeats-every-minute (profiles.check_profile_heartbeats)
[2026-05-11 22:10:27,247: INFO/MainProcess] Scheduler: Sending due task check-profile-heartbeats-every-minute (profiles.check_profile_heartbeats)
[2026-05-11 22:10:57,053: INFO/MainProcess] Scheduler: Sending due task reconcile-stale-messages-every-minute (messaging.reconcile_stale_messages)
[2026-05-11 22:10:57,267: INFO/MainProcess] Scheduler: Sending due task check-profile-heartbeats-every-minute (profiles.check_profile_heartbeats)
[2026-05-11 22:11:27,288: INFO/MainProcess] Scheduler: Sending due task check-profile-heartbeats-every-minute (profiles.check_profile_heartbeats)
[2026-05-11 22:11:55,695: INFO/MainProcess] Scheduler: Sending due task sync-gologin-profiles-every-3-minutes (profiles.sync_gologin_profiles)
[2026-05-11 22:11:57,073: INFO/MainProcess] Scheduler: Sending due task reconcile-stale-messages-every-minute (messaging.reconcile_stale_messages)
[2026-05-11 22:11:57,308: INFO/MainProcess] Scheduler: Sending due task check-profile-heartbeats-every-minute (profiles.check_profile_heartbeats)
[2026-05-11 22:12:27,328: INFO/MainProcess] Scheduler: Sending due task check-profile-heartbeats-every-minute (profiles.check_profile_heartbeats)
[2026-05-11 22:12:57,094: INFO/MainProcess] Scheduler: Sending due task reconcile-stale-messages-every-minute (messaging.reconcile_stale_messages)
[2026-05-11 22:12:57,348: INFO/MainProcess] Scheduler: Sending due task check-profile-heartbeats-every-minute (profiles.check_profile_heartbeats)
[2026-05-11 22:13:27,368: INFO/MainProcess] Scheduler: Sending due task check-profile-heartbeats-every-minute (profiles.check_profile_heartbeats)
[2026-05-11 22:13:57,216: INFO/MainProcess] Scheduler: Sending due task reconcile-stale-messages-every-minute (messaging.reconcile_stale_messages)
[2026-05-11 22:13:57,389: INFO/MainProcess] Scheduler: Sending due task check-profile-heartbeats-every-minute (profiles.check_profile_heartbeats)
[2026-05-11 22:14:27,409: INFO/MainProcess] Scheduler: Sending due task check-profile-heartbeats-every-minute (profiles.check_profile_heartbeats)
[2026-05-11 22:14:55,749: INFO/MainProcess] Scheduler: Sending due task sync-gologin-profiles-every-3-minutes (profiles.sync_gologin_profiles)
[2026-05-11 22:14:57,235: INFO/MainProcess] Scheduler: Sending due task reconcile-stale-messages-every-minute (messaging.reconcile_stale_messages)
[2026-05-11 22:14:57,430: INFO/MainProcess] Scheduler: Sending due task check-profile-heartbeats-every-minute (profiles.check_profile_heartbeats)
[2026-05-11 22:15:27,451: INFO/MainProcess] Scheduler: Sending due task check-profile-heartbeats-every-minute (profiles.check_profile_heartbeats)
[2026-05-11 22:15:57,255: INFO/MainProcess] Scheduler: Sending due task reconcile-stale-messages-every-minute (messaging.reconcile_stale_messages)
[2026-05-11 22:15:57,471: INFO/MainProcess] Scheduler: Sending due task check-profile-heartbeats-every-minute (profiles.check_profile_heartbeats)
[2026-05-11 22:16:27,491: INFO/MainProcess] Scheduler: Sending due task check-profile-heartbeats-every-minute (profiles.check_profile_heartbeats)
[2026-05-11 22:16:57,275: INFO/MainProcess] Scheduler: Sending due task reconcile-stale-messages-every-minute (messaging.reconcile_stale_messages)
[2026-05-11 22:16:57,510: INFO/MainProcess] Scheduler: Sending due task check-profile-heartbeats-every-minute (profiles.check_profile_heartbeats)
[2026-05-11 22:17:27,530: INFO/MainProcess] Scheduler: Sending due task check-profile-heartbeats-every-minute (profiles.check_profile_heartbeats)
[2026-05-11 22:17:55,808: INFO/MainProcess] Scheduler: Sending due task sync-gologin-profiles-every-3-minutes (profiles.sync_gologin_profiles)
[2026-05-11 22:17:57,294: INFO/MainProcess] Scheduler: Sending due task reconcile-stale-messages-every-minute (messaging.reconcile_stale_messages)
[2026-05-11 22:17:57,550: INFO/MainProcess] Scheduler: Sending due task check-profile-heartbeats-every-minute (profiles.check_profile_heartbeats)
[2026-05-11 22:18:27,570: INFO/MainProcess] Scheduler: Sending due task check-profile-heartbeats-every-minute (profiles.check_profile_heartbeats)
[2026-05-11 22:18:57,418: INFO/MainProcess] Scheduler: Sending due task reconcile-stale-messages-every-minute (messaging.reconcile_stale_messages)
[2026-05-11 22:18:57,590: INFO/MainProcess] Scheduler: Sending due task check-profile-heartbeats-every-minute (profiles.check_profile_heartbeats)
[2026-05-11 22:19:27,610: INFO/MainProcess] Scheduler: Sending due task check-profile-heartbeats-every-minute (profiles.check_profile_heartbeats)
[2026-05-11 22:19:57,438: INFO/MainProcess] Scheduler: Sending due task reconcile-stale-messages-every-minute (messaging.reconcile_stale_messages)
[2026-05-11 22:19:57,630: INFO/MainProcess] Scheduler: Sending due task check-profile-heartbeats-every-minute (profiles.check_profile_heartbeats)
[2026-05-11 22:20:27,651: INFO/MainProcess] Scheduler: Sending due task check-profile-heartbeats-every-minute (profiles.check_profile_heartbeats)
[2026-05-11 22:20:55,863: INFO/MainProcess] Scheduler: Sending due task sync-gologin-profiles-every-3-minutes (profiles.sync_gologin_profiles)
[2026-05-11 22:20:57,573: INFO/MainProcess] Scheduler: Sending due task reconcile-stale-messages-every-minute (messaging.reconcile_stale_messages)
[2026-05-11 22:20:57,671: INFO/MainProcess] Scheduler: Sending due task check-profile-heartbeats-every-minute (profiles.check_profile_heartbeats)
[2026-05-11 22:21:27,691: INFO/MainProcess] Scheduler: Sending due task check-profile-heartbeats-every-minute (profiles.check_profile_heartbeats)
[2026-05-11 22:21:57,594: INFO/MainProcess] Scheduler: Sending due task reconcile-stale-messages-every-minute (messaging.reconcile_stale_messages)
[2026-05-11 22:21:57,713: INFO/MainProcess] Scheduler: Sending due task check-profile-heartbeats-every-minute (profiles.check_profile_heartbeats)
[2026-05-11 22:22:27,734: INFO/MainProcess] Scheduler: Sending due task check-profile-heartbeats-every-minute (profiles.check_profile_heartbeats)
[2026-05-11 22:22:57,615: INFO/MainProcess] Scheduler: Sending due task reconcile-stale-messages-every-minute (messaging.reconcile_stale_messages)
[2026-05-11 22:22:57,755: INFO/MainProcess] Scheduler: Sending due task check-profile-heartbeats-every-minute (profiles.check_profile_heartbeats)
[2026-05-11 22:23:27,775: INFO/MainProcess] Scheduler: Sending due task check-profile-heartbeats-every-minute (profiles.check_profile_heartbeats)
[2026-05-11 22:23:55,930: INFO/MainProcess] Scheduler: Sending due task sync-gologin-profiles-every-3-minutes (profiles.sync_gologin_profiles)
[2026-05-11 22:23:57,743: INFO/MainProcess] Scheduler: Sending due task reconcile-stale-messages-every-minute (messaging.reconcile_stale_messages)
[2026-05-11 22:23:57,803: INFO/MainProcess] Scheduler: Sending due task check-profile-heartbeats-every-minute (profiles.check_profile_heartbeats)
[2026-05-11 22:24:27,825: INFO/MainProcess] Scheduler: Sending due task check-profile-heartbeats-every-minute (profiles.check_profile_heartbeats)
[2026-05-11 22:24:57,764: INFO/MainProcess] Scheduler: Sending due task reconcile-stale-messages-every-minute (messaging.reconcile_stale_messages)
[2026-05-11 22:24:57,895: INFO/MainProcess] Scheduler: Sending due task check-profile-heartbeats-every-minute (profiles.check_profile_heartbeats)
[2026-05-11 22:25:27,916: INFO/MainProcess] Scheduler: Sending due task check-profile-heartbeats-every-minute (profiles.check_profile_heartbeats)
[2026-05-11 22:25:57,784: INFO/MainProcess] Scheduler: Sending due task reconcile-stale-messages-every-minute (messaging.reconcile_stale_messages)
[2026-05-11 22:25:57,937: INFO/MainProcess] Scheduler: Sending due task check-profile-heartbeats-every-minute (profiles.check_profile_heartbeats)
[2026-05-11 22:26:27,958: INFO/MainProcess] Scheduler: Sending due task check-profile-heartbeats-every-minute (profiles.check_profile_heartbeats)
[2026-05-11 22:26:55,989: INFO/MainProcess] Scheduler: Sending due task sync-gologin-profiles-every-3-minutes (profiles.sync_gologin_profiles)
[2026-05-11 22:26:57,805: INFO/MainProcess] Scheduler: Sending due task reconcile-stale-messages-every-minute (messaging.reconcile_stale_messages)
[2026-05-11 22:26:57,978: INFO/MainProcess] Scheduler: Sending due task check-profile-heartbeats-every-minute (profiles.check_profile_heartbeats)
[2026-05-11 22:27:27,999: INFO/MainProcess] Scheduler: Sending due task check-profile-heartbeats-every-minute (profiles.check_profile_heartbeats)
[2026-05-11 22:27:57,827: INFO/MainProcess] Scheduler: Sending due task reconcile-stale-messages-every-minute (messaging.reconcile_stale_messages)
[2026-05-11 22:27:58,020: INFO/MainProcess] Scheduler: Sending due task check-profile-heartbeats-every-minute (profiles.check_profile_heartbeats)
[2026-05-11 22:28:28,040: INFO/MainProcess] Scheduler: Sending due task check-profile-heartbeats-every-minute (profiles.check_profile_heartbeats)
[2026-05-11 22:28:57,964: INFO/MainProcess] Scheduler: Sending due task reconcile-stale-messages-every-minute (messaging.reconcile_stale_messages)
[2026-05-11 22:28:58,061: INFO/MainProcess] Scheduler: Sending due task check-profile-heartbeats-every-minute (profiles.check_profile_heartbeats)
[2026-05-11 22:29:28,085: INFO/MainProcess] Scheduler: Sending due task check-profile-heartbeats-every-minute (profiles.check_profile_heartbeats)
[2026-05-11 22:29:56,056: INFO/MainProcess] Scheduler: Sending due task sync-gologin-profiles-every-3-minutes (profiles.sync_gologin_profiles)
[2026-05-11 22:29:57,986: INFO/MainProcess] Scheduler: Sending due task reconcile-stale-messages-every-minute (messaging.reconcile_stale_messages)
[2026-05-11 22:29:58,112: INFO/MainProcess] Scheduler: Sending due task check-profile-heartbeats-every-minute (profiles.check_profile_heartbeats)
[2026-05-11 22:30:28,133: INFO/MainProcess] Scheduler: Sending due task check-profile-heartbeats-every-minute (profiles.check_profile_heartbeats)
[2026-05-11 22:30:58,011: INFO/MainProcess] Scheduler: Sending due task reconcile-stale-messages-every-minute (messaging.reconcile_stale_messages)
[2026-05-11 22:30:58,159: INFO/MainProcess] Scheduler: Sending due task check-profile-heartbeats-every-minute (profiles.check_profile_heartbeats)
[2026-05-11 22:31:28,218: INFO/MainProcess] Scheduler: Sending due task check-profile-heartbeats-every-minute (profiles.check_profile_heartbeats)
[2026-05-11 22:31:58,063: INFO/MainProcess] Scheduler: Sending due task reconcile-stale-messages-every-minute (messaging.reconcile_stale_messages)
[2026-05-11 22:31:58,266: INFO/MainProcess] Scheduler: Sending due task check-profile-heartbeats-every-minute (profiles.check_profile_heartbeats)
[2026-05-11 22:32:28,298: INFO/MainProcess] Scheduler: Sending due task check-profile-heartbeats-every-minute (profiles.check_profile_heartbeats)
[2026-05-11 22:32:56,176: INFO/MainProcess] Scheduler: Sending due task sync-gologin-profiles-every-3-minutes (profiles.sync_gologin_profiles)
[2026-05-11 22:32:58,106: INFO/MainProcess] Scheduler: Sending due task reconcile-stale-messages-every-minute (messaging.reconcile_stale_messages)
[2026-05-11 22:32:58,343: INFO/MainProcess] Scheduler: Sending due task check-profile-heartbeats-every-minute (profiles.check_profile_heartbeats)
[2026-05-11 22:33:28,389: INFO/MainProcess] Scheduler: Sending due task check-profile-heartbeats-every-minute (profiles.check_profile_heartbeats)
[2026-05-11 22:33:58,346: INFO/MainProcess] Scheduler: Sending due task reconcile-stale-messages-every-minute (messaging.reconcile_stale_messages)
[2026-05-11 22:33:58,404: INFO/MainProcess] Scheduler: Sending due task check-profile-heartbeats-every-minute (profiles.check_profile_heartbeats)
[2026-05-11 22:34:28,444: INFO/MainProcess] Scheduler: Sending due task check-profile-heartbeats-every-minute (profiles.check_profile_heartbeats)
[2026-05-11 22:34:58,389: INFO/MainProcess] Scheduler: Sending due task reconcile-stale-messages-every-minute (messaging.reconcile_stale_messages)
[2026-05-11 22:34:58,599: INFO/MainProcess] Scheduler: Sending due task check-profile-heartbeats-every-minute (profiles.check_profile_heartbeats)
[2026-05-11 22:35:28,645: INFO/MainProcess] Scheduler: Sending due task check-profile-heartbeats-every-minute (profiles.check_profile_heartbeats)
[2026-05-11 22:35:56,298: INFO/MainProcess] Scheduler: Sending due task sync-gologin-profiles-every-3-minutes (profiles.sync_gologin_profiles)
[2026-05-11 22:35:58,433: INFO/MainProcess] Scheduler: Sending due task reconcile-stale-messages-every-minute (messaging.reconcile_stale_messages)
[2026-05-11 22:35:58,688: INFO/MainProcess] Scheduler: Sending due task check-profile-heartbeats-every-minute (profiles.check_profile_heartbeats)
[2026-05-11 22:36:28,731: INFO/MainProcess] Scheduler: Sending due task check-profile-heartbeats-every-minute (profiles.check_profile_heartbeats)
[2026-05-11 22:36:58,483: INFO/MainProcess] Scheduler: Sending due task reconcile-stale-messages-every-minute (messaging.reconcile_stale_messages)
[2026-05-11 22:36:58,778: INFO/MainProcess] Scheduler: Sending due task check-profile-heartbeats-every-minute (profiles.check_profile_heartbeats)
[2026-05-11 22:37:28,823: INFO/MainProcess] Scheduler: Sending due task check-profile-heartbeats-every-minute (profiles.check_profile_heartbeats)
[2026-05-11 22:37:58,540: INFO/MainProcess] Scheduler: Sending due task reconcile-stale-messages-every-minute (messaging.reconcile_stale_messages)
[2026-05-11 22:37:58,870: INFO/MainProcess] Scheduler: Sending due task check-profile-heartbeats-every-minute (profiles.check_profile_heartbeats)
[2026-05-11 22:38:28,914: INFO/MainProcess] Scheduler: Sending due task check-profile-heartbeats-every-minute (profiles.check_profile_heartbeats)
[2026-05-11 22:38:45,371: INFO/MainProcess] Scheduler: Sending due task send-followup-messages-every-hour (autoreply.send_followup_messages)
[2026-05-11 22:38:56,508: INFO/MainProcess] Scheduler: Sending due task sync-gologin-profiles-every-3-minutes (profiles.sync_gologin_profiles)
[2026-05-11 22:38:58,778: INFO/MainProcess] Scheduler: Sending due task reconcile-stale-messages-every-minute (messaging.reconcile_stale_messages)
[2026-05-11 22:38:59,058: INFO/MainProcess] Scheduler: Sending due task check-profile-heartbeats-every-minute (profiles.check_profile_heartbeats)
[2026-05-11 22:39:29,104: INFO/MainProcess] Scheduler: Sending due task check-profile-heartbeats-every-minute (profiles.check_profile_heartbeats)
[2026-05-11 22:39:58,827: INFO/MainProcess] Scheduler: Sending due task reconcile-stale-messages-every-minute (messaging.reconcile_stale_messages)
[2026-05-11 22:39:59,152: INFO/MainProcess] Scheduler: Sending due task check-profile-heartbeats-every-minute (profiles.check_profile_heartbeats)
[2026-05-11 22:40:29,195: INFO/MainProcess] Scheduler: Sending due task check-profile-heartbeats-every-minute (profiles.check_profile_heartbeats)
[2026-05-11 22:40:58,872: INFO/MainProcess] Scheduler: Sending due task reconcile-stale-messages-every-minute (messaging.reconcile_stale_messages)
[2026-05-11 22:40:59,238: INFO/MainProcess] Scheduler: Sending due task check-profile-heartbeats-every-minute (profiles.check_profile_heartbeats)
[2026-05-11 22:41:29,285: INFO/MainProcess] Scheduler: Sending due task check-profile-heartbeats-every-minute (profiles.check_profile_heartbeats)
[2026-05-11 22:41:56,625: INFO/MainProcess] Scheduler: Sending due task sync-gologin-profiles-every-3-minutes (profiles.sync_gologin_profiles)
[2026-05-11 22:41:58,919: INFO/MainProcess] Scheduler: Sending due task reconcile-stale-messages-every-minute (messaging.reconcile_stale_messages)
[2026-05-11 22:41:59,326: INFO/MainProcess] Scheduler: Sending due task check-profile-heartbeats-every-minute (profiles.check_profile_heartbeats)
[2026-05-11 22:42:29,378: INFO/MainProcess] Scheduler: Sending due task check-profile-heartbeats-every-minute (profiles.check_profile_heartbeats)
[2026-05-11 22:42:58,971: INFO/MainProcess] Scheduler: Sending due task reconcile-stale-messages-every-minute (messaging.reconcile_stale_messages)
[2026-05-11 22:42:59,435: INFO/MainProcess] Scheduler: Sending due task check-profile-heartbeats-every-minute (profiles.check_profile_heartbeats)
[2026-05-11 22:43:29,479: INFO/MainProcess] Scheduler: Sending due task check-profile-heartbeats-every-minute (profiles.check_profile_heartbeats)
[2026-05-11 22:43:59,211: INFO/MainProcess] Scheduler: Sending due task reconcile-stale-messages-every-minute (messaging.reconcile_stale_messages)
[2026-05-11 22:43:59,536: INFO/MainProcess] Scheduler: Sending due task check-profile-heartbeats-every-minute (profiles.check_profile_heartbeats)
[2026-05-11 22:44:29,581: INFO/MainProcess] Scheduler: Sending due task check-profile-heartbeats-every-minute (profiles.check_profile_heartbeats)
[2026-05-11 22:44:56,745: INFO/MainProcess] Scheduler: Sending due task sync-gologin-profiles-every-3-minutes (profiles.sync_gologin_profiles)
[2026-05-11 22:44:59,266: INFO/MainProcess] Scheduler: Sending due task reconcile-stale-messages-every-minute (messaging.reconcile_stale_messages)
[2026-05-11 22:44:59,623: INFO/MainProcess] Scheduler: Sending due task check-profile-heartbeats-every-minute (profiles.check_profile_heartbeats)
[2026-05-11 22:45:29,666: INFO/MainProcess] Scheduler: Sending due task check-profile-heartbeats-every-minute (profiles.check_profile_heartbeats)
[2026-05-11 22:45:59,317: INFO/MainProcess] Scheduler: Sending due task reconcile-stale-messages-every-minute (messaging.reconcile_stale_messages)
[2026-05-11 22:45:59,707: INFO/MainProcess] Scheduler: Sending due task check-profile-heartbeats-every-minute (profiles.check_profile_heartbeats)
[2026-05-11 22:46:29,751: INFO/MainProcess] Scheduler: Sending due task check-profile-heartbeats-every-minute (profiles.check_profile_heartbeats)
[2026-05-11 22:46:59,364: INFO/MainProcess] Scheduler: Sending due task reconcile-stale-messages-every-minute (messaging.reconcile_stale_messages)
[2026-05-11 22:46:59,808: INFO/MainProcess] Scheduler: Sending due task check-profile-heartbeats-every-minute (profiles.check_profile_heartbeats)
[2026-05-11 22:47:29,850: INFO/MainProcess] Scheduler: Sending due task check-profile-heartbeats-every-minute (profiles.check_profile_heartbeats)
[2026-05-11 22:47:56,864: INFO/MainProcess] Scheduler: Sending due task sync-gologin-profiles-every-3-minutes (profiles.sync_gologin_profiles)
[2026-05-11 22:47:59,429: INFO/MainProcess] Scheduler: Sending due task reconcile-stale-messages-every-minute (messaging.reconcile_stale_messages)
[2026-05-11 22:47:59,892: INFO/MainProcess] Scheduler: Sending due task check-profile-heartbeats-every-minute (profiles.check_profile_heartbeats)
[2026-05-11 22:48:29,950: INFO/MainProcess] Scheduler: Sending due task check-profile-heartbeats-every-minute (profiles.check_profile_heartbeats)
[2026-05-11 22:48:59,674: INFO/MainProcess] Scheduler: Sending due task reconcile-stale-messages-every-minute (messaging.reconcile_stale_messages)
[2026-05-11 22:48:59,995: INFO/MainProcess] Scheduler: Sending due task check-profile-heartbeats-every-minute (profiles.check_profile_heartbeats)
[2026-05-11 22:49:30,040: INFO/MainProcess] Scheduler: Sending due task check-profile-heartbeats-every-minute (profiles.check_profile_heartbeats)
[2026-05-11 22:49:59,724: INFO/MainProcess] Scheduler: Sending due task reconcile-stale-messages-every-minute (messaging.reconcile_stale_messages)
[2026-05-11 22:50:00,084: INFO/MainProcess] Scheduler: Sending due task check-profile-heartbeats-every-minute (profiles.check_profile_heartbeats)
[2026-05-11 22:50:30,136: INFO/MainProcess] Scheduler: Sending due task check-profile-heartbeats-every-minute (profiles.check_profile_heartbeats)
[2026-05-11 22:50:57,010: INFO/MainProcess] Scheduler: Sending due task sync-gologin-profiles-every-3-minutes (profiles.sync_gologin_profiles)
[2026-05-11 22:50:59,778: INFO/MainProcess] Scheduler: Sending due task reconcile-stale-messages-every-minute (messaging.reconcile_stale_messages)
[2026-05-11 22:51:00,185: INFO/MainProcess] Scheduler: Sending due task check-profile-heartbeats-every-minute (profiles.check_profile_heartbeats)
[2026-05-11 22:51:30,228: INFO/MainProcess] Scheduler: Sending due task check-profile-heartbeats-every-minute (profiles.check_profile_heartbeats)
[2026-05-11 22:51:59,840: INFO/MainProcess] Scheduler: Sending due task reconcile-stale-messages-every-minute (messaging.reconcile_stale_messages)
[2026-05-11 22:52:00,274: INFO/MainProcess] Scheduler: Sending due task check-profile-heartbeats-every-minute (profiles.check_profile_heartbeats)
[2026-05-11 22:52:30,319: INFO/MainProcess] Scheduler: Sending due task check-profile-heartbeats-every-minute (profiles.check_profile_heartbeats)
[2026-05-11 22:52:59,898: INFO/MainProcess] Scheduler: Sending due task reconcile-stale-messages-every-minute (messaging.reconcile_stale_messages)
[2026-05-11 22:53:00,365: INFO/MainProcess] Scheduler: Sending due task check-profile-heartbeats-every-minute (profiles.check_profile_heartbeats)
[2026-05-11 22:53:30,408: INFO/MainProcess] Scheduler: Sending due task check-profile-heartbeats-every-minute (profiles.check_profile_heartbeats)
[2026-05-11 22:53:57,136: INFO/MainProcess] Scheduler: Sending due task sync-gologin-profiles-every-3-minutes (profiles.sync_gologin_profiles)
[2026-05-11 22:54:00,147: INFO/MainProcess] Scheduler: Sending due task reconcile-stale-messages-every-minute (messaging.reconcile_stale_messages)
[2026-05-11 22:54:00,455: INFO/MainProcess] Scheduler: Sending due task check-profile-heartbeats-every-minute (profiles.check_profile_heartbeats)
[2026-05-11 22:54:30,512: INFO/MainProcess] Scheduler: Sending due task check-profile-heartbeats-every-minute (profiles.check_profile_heartbeats)
[2026-05-11 22:55:00,199: INFO/MainProcess] Scheduler: Sending due task reconcile-stale-messages-every-minute (messaging.reconcile_stale_messages)
[2026-05-11 22:55:00,554: INFO/MainProcess] Scheduler: Sending due task check-profile-heartbeats-every-minute (profiles.check_profile_heartbeats)
[2026-05-11 22:55:30,602: INFO/MainProcess] Scheduler: Sending due task check-profile-heartbeats-every-minute (profiles.check_profile_heartbeats)
[2026-05-11 22:56:00,251: INFO/MainProcess] Scheduler: Sending due task reconcile-stale-messages-every-minute (messaging.reconcile_stale_messages)
[2026-05-11 22:56:00,646: INFO/MainProcess] Scheduler: Sending due task check-profile-heartbeats-every-minute (profiles.check_profile_heartbeats)
[2026-05-11 22:56:30,689: INFO/MainProcess] Scheduler: Sending due task check-profile-heartbeats-every-minute (profiles.check_profile_heartbeats)
[2026-05-11 22:56:57,243: INFO/MainProcess] Scheduler: Sending due task sync-gologin-profiles-every-3-minutes (profiles.sync_gologin_profiles)
[2026-05-11 22:57:00,303: INFO/MainProcess] Scheduler: Sending due task reconcile-stale-messages-every-minute (messaging.reconcile_stale_messages)
[2026-05-11 22:57:00,734: INFO/MainProcess] Scheduler: Sending due task check-profile-heartbeats-every-minute (profiles.check_profile_heartbeats)
[2026-05-11 22:57:30,778: INFO/MainProcess] Scheduler: Sending due task check-profile-heartbeats-every-minute (profiles.check_profile_heartbeats)
[2026-05-11 22:58:00,362: INFO/MainProcess] Scheduler: Sending due task reconcile-stale-messages-every-minute (messaging.reconcile_stale_messages)
[2026-05-11 22:58:00,839: INFO/MainProcess] Scheduler: Sending due task check-profile-heartbeats-every-minute (profiles.check_profile_heartbeats)
[2026-05-11 22:58:30,892: INFO/MainProcess] Scheduler: Sending due task check-profile-heartbeats-every-minute (profiles.check_profile_heartbeats)
[2026-05-11 22:59:00,757: INFO/MainProcess] Scheduler: Sending due task reconcile-stale-messages-every-minute (messaging.reconcile_stale_messages)
[2026-05-11 22:59:00,938: INFO/MainProcess] Scheduler: Sending due task check-profile-heartbeats-every-minute (profiles.check_profile_heartbeats)
[2026-05-11 22:59:30,979: INFO/MainProcess] Scheduler: Sending due task check-profile-heartbeats-every-minute (profiles.check_profile_heartbeats)
[2026-05-11 22:59:57,357: INFO/MainProcess] Scheduler: Sending due task sync-gologin-profiles-every-3-minutes (profiles.sync_gologin_profiles)
[2026-05-11 23:00:00,807: INFO/MainProcess] Scheduler: Sending due task reconcile-stale-messages-every-minute (messaging.reconcile_stale_messages)
[2026-05-11 23:00:01,021: INFO/MainProcess] Scheduler: Sending due task check-profile-heartbeats-every-minute (profiles.check_profile_heartbeats)
[2026-05-11 23:00:31,067: INFO/MainProcess] Scheduler: Sending due task check-profile-heartbeats-every-minute (profiles.check_profile_heartbeats)
[2026-05-11 23:01:00,858: INFO/MainProcess] Scheduler: Sending due task reconcile-stale-messages-every-minute (messaging.reconcile_stale_messages)
[2026-05-11 23:01:01,110: INFO/MainProcess] Scheduler: Sending due task check-profile-heartbeats-every-minute (profiles.check_profile_heartbeats)
[2026-05-11 23:01:31,161: INFO/MainProcess] Scheduler: Sending due task check-profile-heartbeats-every-minute (profiles.check_profile_heartbeats)
[2026-05-11 23:02:00,910: INFO/MainProcess] Scheduler: Sending due task reconcile-stale-messages-every-minute (messaging.reconcile_stale_messages)
[2026-05-11 23:02:01,203: INFO/MainProcess] Scheduler: Sending due task check-profile-heartbeats-every-minute (profiles.check_profile_heartbeats)
[2026-05-11 23:02:31,245: INFO/MainProcess] Scheduler: Sending due task check-profile-heartbeats-every-minute (profiles.check_profile_heartbeats)
[2026-05-11 23:02:57,483: INFO/MainProcess] Scheduler: Sending due task sync-gologin-profiles-every-3-minutes (profiles.sync_gologin_profiles)
[2026-05-11 23:03:00,967: INFO/MainProcess] Scheduler: Sending due task reconcile-stale-messages-every-minute (messaging.reconcile_stale_messages)
[2026-05-11 23:03:01,307: INFO/MainProcess] Scheduler: Sending due task check-profile-heartbeats-every-minute (profiles.check_profile_heartbeats)
[2026-05-11 23:03:31,359: INFO/MainProcess] Scheduler: Sending due task check-profile-heartbeats-every-minute (profiles.check_profile_heartbeats)
[2026-05-11 23:04:01,206: INFO/MainProcess] Scheduler: Sending due task reconcile-stale-messages-every-minute (messaging.reconcile_stale_messages)
[2026-05-11 23:04:01,400: INFO/MainProcess] Scheduler: Sending due task check-profile-heartbeats-every-minute (profiles.check_profile_heartbeats)
[2026-05-11 23:04:31,441: INFO/MainProcess] Scheduler: Sending due task check-profile-heartbeats-every-minute (profiles.check_profile_heartbeats)
[2026-05-11 23:05:01,257: INFO/MainProcess] Scheduler: Sending due task reconcile-stale-messages-every-minute (messaging.reconcile_stale_messages)
[2026-05-11 23:05:01,587: INFO/MainProcess] Scheduler: Sending due task check-profile-heartbeats-every-minute (profiles.check_profile_heartbeats)
[2026-05-11 23:05:31,634: INFO/MainProcess] Scheduler: Sending due task check-profile-heartbeats-every-minute (profiles.check_profile_heartbeats)
[2026-05-11 23:05:57,595: INFO/MainProcess] Scheduler: Sending due task sync-gologin-profiles-every-3-minutes (profiles.sync_gologin_profiles)
[2026-05-11 23:06:01,311: INFO/MainProcess] Scheduler: Sending due task reconcile-stale-messages-every-minute (messaging.reconcile_stale_messages)
[2026-05-11 23:06:01,676: INFO/MainProcess] Scheduler: Sending due task check-profile-heartbeats-every-minute (profiles.check_profile_heartbeats)
[2026-05-11 23:06:31,724: INFO/MainProcess] Scheduler: Sending due task check-profile-heartbeats-every-minute (profiles.check_profile_heartbeats)
[2026-05-11 23:07:01,372: INFO/MainProcess] Scheduler: Sending due task reconcile-stale-messages-every-minute (messaging.reconcile_stale_messages)
[2026-05-11 23:07:01,765: INFO/MainProcess] Scheduler: Sending due task check-profile-heartbeats-every-minute (profiles.check_profile_heartbeats)
[2026-05-11 23:07:31,806: INFO/MainProcess] Scheduler: Sending due task check-profile-heartbeats-every-minute (profiles.check_profile_heartbeats)
[2026-05-11 23:08:01,427: INFO/MainProcess] Scheduler: Sending due task reconcile-stale-messages-every-minute (messaging.reconcile_stale_messages)
[2026-05-11 23:08:01,850: INFO/MainProcess] Scheduler: Sending due task check-profile-heartbeats-every-minute (profiles.check_profile_heartbeats)
[2026-05-11 23:08:31,911: INFO/MainProcess] Scheduler: Sending due task check-profile-heartbeats-every-minute (profiles.check_profile_heartbeats)
[2026-05-11 23:08:57,720: INFO/MainProcess] Scheduler: Sending due task sync-gologin-profiles-every-3-minutes (profiles.sync_gologin_profiles)
[2026-05-11 23:09:01,651: INFO/MainProcess] Scheduler: Sending due task reconcile-stale-messages-every-minute (messaging.reconcile_stale_messages)
[2026-05-11 23:09:01,955: INFO/MainProcess] Scheduler: Sending due task check-profile-heartbeats-every-minute (profiles.check_profile_heartbeats)
[2026-05-11 23:09:31,999: INFO/MainProcess] Scheduler: Sending due task check-profile-heartbeats-every-minute (profiles.check_profile_heartbeats)
[2026-05-11 23:10:01,697: INFO/MainProcess] Scheduler: Sending due task reconcile-stale-messages-every-minute (messaging.reconcile_stale_messages)
[2026-05-11 23:10:02,042: INFO/MainProcess] Scheduler: Sending due task check-profile-heartbeats-every-minute (profiles.check_profile_heartbeats)
[2026-05-11 23:10:32,084: INFO/MainProcess] Scheduler: Sending due task check-profile-heartbeats-every-minute (profiles.check_profile_heartbeats)
[2026-05-11 23:11:01,745: INFO/MainProcess] Scheduler: Sending due task reconcile-stale-messages-every-minute (messaging.reconcile_stale_messages)
[2026-05-11 23:11:02,128: INFO/MainProcess] Scheduler: Sending due task check-profile-heartbeats-every-minute (profiles.check_profile_heartbeats)
[2026-05-11 23:11:32,171: INFO/MainProcess] Scheduler: Sending due task check-profile-heartbeats-every-minute (profiles.check_profile_heartbeats)
[2026-05-11 23:11:57,837: INFO/MainProcess] Scheduler: Sending due task sync-gologin-profiles-every-3-minutes (profiles.sync_gologin_profiles)
[2026-05-11 23:12:01,808: INFO/MainProcess] Scheduler: Sending due task reconcile-stale-messages-every-minute (messaging.reconcile_stale_messages)
[2026-05-11 23:12:02,213: INFO/MainProcess] Scheduler: Sending due task check-profile-heartbeats-every-minute (profiles.check_profile_heartbeats)
[2026-05-11 23:12:32,255: INFO/MainProcess] Scheduler: Sending due task check-profile-heartbeats-every-minute (profiles.check_profile_heartbeats)
[2026-05-11 23:13:57,470: INFO/MainProcess] Scheduler: Sending due task reconcile-stale-messages-every-minute (messaging.reconcile_stale_messages)
[2026-05-11 23:13:57,632: INFO/MainProcess] Scheduler: Sending due task check-profile-heartbeats-every-minute (profiles.check_profile_heartbeats)
[2026-05-11 23:14:27,683: INFO/MainProcess] Scheduler: Sending due task check-profile-heartbeats-every-minute (profiles.check_profile_heartbeats)
[2026-05-11 23:14:57,518: INFO/MainProcess] Scheduler: Sending due task reconcile-stale-messages-every-minute (messaging.reconcile_stale_messages)
[2026-05-11 23:14:57,733: INFO/MainProcess] Scheduler: Sending due task check-profile-heartbeats-every-minute (profiles.check_profile_heartbeats)
[2026-05-11 23:14:57,959: INFO/MainProcess] Scheduler: Sending due task sync-gologin-profiles-every-3-minutes (profiles.sync_gologin_profiles)
[2026-05-11 23:15:27,779: INFO/MainProcess] Scheduler: Sending due task check-profile-heartbeats-every-minute (profiles.check_profile_heartbeats)
[2026-05-11 23:15:57,564: INFO/MainProcess] Scheduler: Sending due task reconcile-stale-messages-every-minute (messaging.reconcile_stale_messages)
[2026-05-11 23:15:57,819: INFO/MainProcess] Scheduler: Sending due task check-profile-heartbeats-every-minute (profiles.check_profile_heartbeats)
[2026-05-11 23:16:27,862: INFO/MainProcess] Scheduler: Sending due task check-profile-heartbeats-every-minute (profiles.check_profile_heartbeats)
[2026-05-11 23:16:57,613: INFO/MainProcess] Scheduler: Sending due task reconcile-stale-messages-every-minute (messaging.reconcile_stale_messages)
[2026-05-11 23:16:57,907: INFO/MainProcess] Scheduler: Sending due task check-profile-heartbeats-every-minute (profiles.check_profile_heartbeats)
[2026-05-11 23:17:27,956: INFO/MainProcess] Scheduler: Sending due task check-profile-heartbeats-every-minute (profiles.check_profile_heartbeats)
[2026-05-11 23:17:57,646: INFO/MainProcess] Scheduler: Sending due task reconcile-stale-messages-every-minute (messaging.reconcile_stale_messages)
[2026-05-11 23:17:58,059: INFO/MainProcess] Scheduler: Sending due task check-profile-heartbeats-every-minute (profiles.check_profile_heartbeats)
[2026-05-11 23:17:58,102: INFO/MainProcess] Scheduler: Sending due task sync-gologin-profiles-every-3-minutes (profiles.sync_gologin_profiles)
[2026-05-11 23:18:28,107: INFO/MainProcess] Scheduler: Sending due task check-profile-heartbeats-every-minute (profiles.check_profile_heartbeats)
[2026-05-11 23:18:57,707: INFO/MainProcess] Scheduler: Sending due task reconcile-stale-messages-every-minute (messaging.reconcile_stale_messages)
[2026-05-11 23:18:58,151: INFO/MainProcess] Scheduler: Sending due task check-profile-heartbeats-every-minute (profiles.check_profile_heartbeats)
[2026-05-11 23:19:28,194: INFO/MainProcess] Scheduler: Sending due task check-profile-heartbeats-every-minute (profiles.check_profile_heartbeats)
[2026-05-11 23:19:57,759: INFO/MainProcess] Scheduler: Sending due task reconcile-stale-messages-every-minute (messaging.reconcile_stale_messages)
[2026-05-11 23:19:58,236: INFO/MainProcess] Scheduler: Sending due task check-profile-heartbeats-every-minute (profiles.check_profile_heartbeats)
[2026-05-11 23:20:28,279: INFO/MainProcess] Scheduler: Sending due task check-profile-heartbeats-every-minute (profiles.check_profile_heartbeats)
[2026-05-11 23:20:57,814: INFO/MainProcess] Scheduler: Sending due task reconcile-stale-messages-every-minute (messaging.reconcile_stale_messages)
[2026-05-11 23:20:58,218: INFO/MainProcess] Scheduler: Sending due task sync-gologin-profiles-every-3-minutes (profiles.sync_gologin_profiles)
[2026-05-11 23:20:58,326: INFO/MainProcess] Scheduler: Sending due task check-profile-heartbeats-every-minute (profiles.check_profile_heartbeats)
[2026-05-11 23:21:28,374: INFO/MainProcess] Scheduler: Sending due task check-profile-heartbeats-every-minute (profiles.check_profile_heartbeats)
[2026-05-11 23:21:57,861: INFO/MainProcess] Scheduler: Sending due task reconcile-stale-messages-every-minute (messaging.reconcile_stale_messages)
[2026-05-11 23:21:58,406: INFO/MainProcess] Scheduler: Sending due task check-profile-heartbeats-every-minute (profiles.check_profile_heartbeats)
[2026-05-11 23:22:28,457: INFO/MainProcess] Scheduler: Sending due task check-profile-heartbeats-every-minute (profiles.check_profile_heartbeats)
[2026-05-11 23:22:57,918: INFO/MainProcess] Scheduler: Sending due task reconcile-stale-messages-every-minute (messaging.reconcile_stale_messages)
[2026-05-11 23:22:58,499: INFO/MainProcess] Scheduler: Sending due task check-profile-heartbeats-every-minute (profiles.check_profile_heartbeats)
[2026-05-11 23:23:28,543: INFO/MainProcess] Scheduler: Sending due task check-profile-heartbeats-every-minute (profiles.check_profile_heartbeats)
[2026-05-11 23:23:57,975: INFO/MainProcess] Scheduler: Sending due task reconcile-stale-messages-every-minute (messaging.reconcile_stale_messages)
[2026-05-11 23:23:58,442: INFO/MainProcess] Scheduler: Sending due task sync-gologin-profiles-every-3-minutes (profiles.sync_gologin_profiles)
[2026-05-11 23:23:58,587: INFO/MainProcess] Scheduler: Sending due task check-profile-heartbeats-every-minute (profiles.check_profile_heartbeats)
[2026-05-11 23:24:28,629: INFO/MainProcess] Scheduler: Sending due task check-profile-heartbeats-every-minute (profiles.check_profile_heartbeats)
[2026-05-11 23:24:58,148: INFO/MainProcess] Scheduler: Sending due task reconcile-stale-messages-every-minute (messaging.reconcile_stale_messages)
[2026-05-11 23:24:58,681: INFO/MainProcess] Scheduler: Sending due task check-profile-heartbeats-every-minute (profiles.check_profile_heartbeats)
[2026-05-11 23:25:28,727: INFO/MainProcess] Scheduler: Sending due task check-profile-heartbeats-every-minute (profiles.check_profile_heartbeats)
[2026-05-11 23:25:58,197: INFO/MainProcess] Scheduler: Sending due task reconcile-stale-messages-every-minute (messaging.reconcile_stale_messages)
[2026-05-11 23:25:58,776: INFO/MainProcess] Scheduler: Sending due task check-profile-heartbeats-every-minute (profiles.check_profile_heartbeats)
[2026-05-11 23:26:28,822: INFO/MainProcess] Scheduler: Sending due task check-profile-heartbeats-every-minute (profiles.check_profile_heartbeats)
[2026-05-11 23:26:58,247: INFO/MainProcess] Scheduler: Sending due task reconcile-stale-messages-every-minute (messaging.reconcile_stale_messages)
[2026-05-11 23:26:58,553: INFO/MainProcess] Scheduler: Sending due task sync-gologin-profiles-every-3-minutes (profiles.sync_gologin_profiles)
[2026-05-11 23:26:58,862: INFO/MainProcess] Scheduler: Sending due task check-profile-heartbeats-every-minute (profiles.check_profile_heartbeats)
[2026-05-11 23:27:28,905: INFO/MainProcess] Scheduler: Sending due task check-profile-heartbeats-every-minute (profiles.check_profile_heartbeats)
[2026-05-11 23:27:58,299: INFO/MainProcess] Scheduler: Sending due task reconcile-stale-messages-every-minute (messaging.reconcile_stale_messages)
[2026-05-11 23:27:58,951: INFO/MainProcess] Scheduler: Sending due task check-profile-heartbeats-every-minute (profiles.check_profile_heartbeats)
[2026-05-11 23:28:29,000: INFO/MainProcess] Scheduler: Sending due task check-profile-heartbeats-every-minute (profiles.check_profile_heartbeats)
[2026-05-11 23:28:58,345: INFO/MainProcess] Scheduler: Sending due task reconcile-stale-messages-every-minute (messaging.reconcile_stale_messages)
[2026-05-11 23:28:59,046: INFO/MainProcess] Scheduler: Sending due task check-profile-heartbeats-every-minute (profiles.check_profile_heartbeats)
[2026-05-11 23:29:29,093: INFO/MainProcess] Scheduler: Sending due task check-profile-heartbeats-every-minute (profiles.check_profile_heartbeats)
[2026-05-11 23:29:58,392: INFO/MainProcess] Scheduler: Sending due task reconcile-stale-messages-every-minute (messaging.reconcile_stale_messages)
[2026-05-11 23:29:58,664: INFO/MainProcess] Scheduler: Sending due task sync-gologin-profiles-every-3-minutes (profiles.sync_gologin_profiles)
[2026-05-11 23:29:59,133: INFO/MainProcess] Scheduler: Sending due task check-profile-heartbeats-every-minute (profiles.check_profile_heartbeats)
[2026-05-11 23:30:29,187: INFO/MainProcess] Scheduler: Sending due task check-profile-heartbeats-every-minute (profiles.check_profile_heartbeats)
[2026-05-11 23:30:58,445: INFO/MainProcess] Scheduler: Sending due task reconcile-stale-messages-every-minute (messaging.reconcile_stale_messages)
[2026-05-11 23:30:59,232: INFO/MainProcess] Scheduler: Sending due task check-profile-heartbeats-every-minute (profiles.check_profile_heartbeats)
[2026-05-11 23:31:29,298: INFO/MainProcess] Scheduler: Sending due task check-profile-heartbeats-every-minute (profiles.check_profile_heartbeats)
[2026-05-11 23:31:58,502: INFO/MainProcess] Scheduler: Sending due task reconcile-stale-messages-every-minute (messaging.reconcile_stale_messages)
[2026-05-11 23:31:59,345: INFO/MainProcess] Scheduler: Sending due task check-profile-heartbeats-every-minute (profiles.check_profile_heartbeats)
[2026-05-11 23:32:29,423: INFO/MainProcess] Scheduler: Sending due task check-profile-heartbeats-every-minute (profiles.check_profile_heartbeats)
[2026-05-11 23:32:58,553: INFO/MainProcess] Scheduler: Sending due task reconcile-stale-messages-every-minute (messaging.reconcile_stale_messages)
[2026-05-11 23:32:58,779: INFO/MainProcess] Scheduler: Sending due task sync-gologin-profiles-every-3-minutes (profiles.sync_gologin_profiles)
[2026-05-11 23:32:59,473: INFO/MainProcess] Scheduler: Sending due task check-profile-heartbeats-every-minute (profiles.check_profile_heartbeats)
[2026-05-11 23:33:29,518: INFO/MainProcess] Scheduler: Sending due task check-profile-heartbeats-every-minute (profiles.check_profile_heartbeats)
[2026-05-11 23:33:58,617: INFO/MainProcess] Scheduler: Sending due task reconcile-stale-messages-every-minute (messaging.reconcile_stale_messages)
[2026-05-11 23:33:59,565: INFO/MainProcess] Scheduler: Sending due task check-profile-heartbeats-every-minute (profiles.check_profile_heartbeats)
[2026-05-11 23:34:29,614: INFO/MainProcess] Scheduler: Sending due task check-profile-heartbeats-every-minute (profiles.check_profile_heartbeats)
[2026-05-11 23:34:58,670: INFO/MainProcess] Scheduler: Sending due task reconcile-stale-messages-every-minute (messaging.reconcile_stale_messages)
[2026-05-11 23:34:59,661: INFO/MainProcess] Scheduler: Sending due task check-profile-heartbeats-every-minute (profiles.check_profile_heartbeats)
[2026-05-11 23:35:29,713: INFO/MainProcess] Scheduler: Sending due task check-profile-heartbeats-every-minute (profiles.check_profile_heartbeats)
[2026-05-11 23:35:58,711: INFO/MainProcess] Scheduler: Sending due task reconcile-stale-messages-every-minute (messaging.reconcile_stale_messages)
[2026-05-11 23:35:58,867: INFO/MainProcess] Scheduler: Sending due task sync-gologin-profiles-every-3-minutes (profiles.sync_gologin_profiles)
[2026-05-11 23:35:59,744: INFO/MainProcess] Scheduler: Sending due task check-profile-heartbeats-every-minute (profiles.check_profile_heartbeats)
[2026-05-11 23:36:29,791: INFO/MainProcess] Scheduler: Sending due task check-profile-heartbeats-every-minute (profiles.check_profile_heartbeats)
[2026-05-11 23:36:58,761: INFO/MainProcess] Scheduler: Sending due task reconcile-stale-messages-every-minute (messaging.reconcile_stale_messages)
[2026-05-11 23:36:59,836: INFO/MainProcess] Scheduler: Sending due task check-profile-heartbeats-every-minute (profiles.check_profile_heartbeats)
[2026-05-11 23:37:29,883: INFO/MainProcess] Scheduler: Sending due task check-profile-heartbeats-every-minute (profiles.check_profile_heartbeats)
[2026-05-11 23:37:58,814: INFO/MainProcess] Scheduler: Sending due task reconcile-stale-messages-every-minute (messaging.reconcile_stale_messages)
[2026-05-11 23:37:59,932: INFO/MainProcess] Scheduler: Sending due task check-profile-heartbeats-every-minute (profiles.check_profile_heartbeats)
[2026-05-11 23:38:29,981: INFO/MainProcess] Scheduler: Sending due task check-profile-heartbeats-every-minute (profiles.check_profile_heartbeats)
[2026-05-11 23:38:45,422: INFO/MainProcess] Scheduler: Sending due task send-followup-messages-every-hour (autoreply.send_followup_messages)
[2026-05-11 23:38:58,857: INFO/MainProcess] Scheduler: Sending due task reconcile-stale-messages-every-minute (messaging.reconcile_stale_messages)
[2026-05-11 23:38:58,991: INFO/MainProcess] Scheduler: Sending due task sync-gologin-profiles-every-3-minutes (profiles.sync_gologin_profiles)
[2026-05-11 23:39:00,031: INFO/MainProcess] Scheduler: Sending due task check-profile-heartbeats-every-minute (profiles.check_profile_heartbeats)
[2026-05-11 23:39:30,083: INFO/MainProcess] Scheduler: Sending due task check-profile-heartbeats-every-minute (profiles.check_profile_heartbeats)
[2026-05-11 23:39:58,913: INFO/MainProcess] Scheduler: Sending due task reconcile-stale-messages-every-minute (messaging.reconcile_stale_messages)
[2026-05-11 23:40:00,130: INFO/MainProcess] Scheduler: Sending due task check-profile-heartbeats-every-minute (profiles.check_profile_heartbeats)
[2026-05-11 23:40:30,180: INFO/MainProcess] Scheduler: Sending due task check-profile-heartbeats-every-minute (profiles.check_profile_heartbeats)
[2026-05-11 23:40:58,973: INFO/MainProcess] Scheduler: Sending due task reconcile-stale-messages-every-minute (messaging.reconcile_stale_messages)
[2026-05-11 23:41:00,223: INFO/MainProcess] Scheduler: Sending due task check-profile-heartbeats-every-minute (profiles.check_profile_heartbeats)
[2026-05-11 23:41:30,274: INFO/MainProcess] Scheduler: Sending due task check-profile-heartbeats-every-minute (profiles.check_profile_heartbeats)
[2026-05-11 23:41:59,099: INFO/MainProcess] Scheduler: Sending due task reconcile-stale-messages-every-minute (messaging.reconcile_stale_messages)
[2026-05-11 23:41:59,156: INFO/MainProcess] Scheduler: Sending due task sync-gologin-profiles-every-3-minutes (profiles.sync_gologin_profiles)
[2026-05-11 23:42:00,317: INFO/MainProcess] Scheduler: Sending due task check-profile-heartbeats-every-minute (profiles.check_profile_heartbeats)
[2026-05-11 23:42:30,369: INFO/MainProcess] Scheduler: Sending due task check-profile-heartbeats-every-minute (profiles.check_profile_heartbeats)
[2026-05-11 23:42:59,149: INFO/MainProcess] Scheduler: Sending due task reconcile-stale-messages-every-minute (messaging.reconcile_stale_messages)
[2026-05-11 23:43:00,416: INFO/MainProcess] Scheduler: Sending due task check-profile-heartbeats-every-minute (profiles.check_profile_heartbeats)
[2026-05-11 23:43:30,459: INFO/MainProcess] Scheduler: Sending due task check-profile-heartbeats-every-minute (profiles.check_profile_heartbeats)
[2026-05-11 23:43:59,205: INFO/MainProcess] Scheduler: Sending due task reconcile-stale-messages-every-minute (messaging.reconcile_stale_messages)
[2026-05-11 23:44:00,611: INFO/MainProcess] Scheduler: Sending due task check-profile-heartbeats-every-minute (profiles.check_profile_heartbeats)
[2026-05-11 23:44:30,668: INFO/MainProcess] Scheduler: Sending due task check-profile-heartbeats-every-minute (profiles.check_profile_heartbeats)
[2026-05-11 23:44:59,294: INFO/MainProcess] Scheduler: Sending due task sync-gologin-profiles-every-3-minutes (profiles.sync_gologin_profiles)
[2026-05-11 23:44:59,355: INFO/MainProcess] Scheduler: Sending due task reconcile-stale-messages-every-minute (messaging.reconcile_stale_messages)
[2026-05-11 23:45:00,726: INFO/MainProcess] Scheduler: Sending due task check-profile-heartbeats-every-minute (profiles.check_profile_heartbeats)
[2026-05-11 23:45:30,782: INFO/MainProcess] Scheduler: Sending due task check-profile-heartbeats-every-minute (profiles.check_profile_heartbeats)
[2026-05-11 23:45:59,416: INFO/MainProcess] Scheduler: Sending due task reconcile-stale-messages-every-minute (messaging.reconcile_stale_messages)
[2026-05-11 23:46:00,831: INFO/MainProcess] Scheduler: Sending due task check-profile-heartbeats-every-minute (profiles.check_profile_heartbeats)
[2026-05-11 23:46:30,883: INFO/MainProcess] Scheduler: Sending due task check-profile-heartbeats-every-minute (profiles.check_profile_heartbeats)
[2026-05-11 23:46:59,482: INFO/MainProcess] Scheduler: Sending due task reconcile-stale-messages-every-minute (messaging.reconcile_stale_messages)
[2026-05-11 23:47:00,940: INFO/MainProcess] Scheduler: Sending due task check-profile-heartbeats-every-minute (profiles.check_profile_heartbeats)
[2026-05-11 23:47:30,988: INFO/MainProcess] Scheduler: Sending due task check-profile-heartbeats-every-minute (profiles.check_profile_heartbeats)
[2026-05-11 23:47:59,444: INFO/MainProcess] Scheduler: Sending due task sync-gologin-profiles-every-3-minutes (profiles.sync_gologin_profiles)
[2026-05-11 23:47:59,504: INFO/MainProcess] Scheduler: Sending due task reconcile-stale-messages-every-minute (messaging.reconcile_stale_messages)
[2026-05-11 23:48:01,036: INFO/MainProcess] Scheduler: Sending due task check-profile-heartbeats-every-minute (profiles.check_profile_heartbeats)
[2026-05-11 23:48:31,080: INFO/MainProcess] Scheduler: Sending due task check-profile-heartbeats-every-minute (profiles.check_profile_heartbeats)
[2026-05-11 23:48:59,559: INFO/MainProcess] Scheduler: Sending due task reconcile-stale-messages-every-minute (messaging.reconcile_stale_messages)
[2026-05-11 23:49:01,130: INFO/MainProcess] Scheduler: Sending due task check-profile-heartbeats-every-minute (profiles.check_profile_heartbeats)
[2026-05-11 23:49:31,188: INFO/MainProcess] Scheduler: Sending due task check-profile-heartbeats-every-minute (profiles.check_profile_heartbeats)
[2026-05-11 23:49:59,621: INFO/MainProcess] Scheduler: Sending due task reconcile-stale-messages-every-minute (messaging.reconcile_stale_messages)
[2026-05-11 23:50:01,235: INFO/MainProcess] Scheduler: Sending due task check-profile-heartbeats-every-minute (profiles.check_profile_heartbeats)
[2026-05-11 23:50:31,288: INFO/MainProcess] Scheduler: Sending due task check-profile-heartbeats-every-minute (profiles.check_profile_heartbeats)
[2026-05-11 23:50:59,577: INFO/MainProcess] Scheduler: Sending due task sync-gologin-profiles-every-3-minutes (profiles.sync_gologin_profiles)
[2026-05-11 23:50:59,641: INFO/MainProcess] Scheduler: Sending due task reconcile-stale-messages-every-minute (messaging.reconcile_stale_messages)
[2026-05-11 23:51:01,337: INFO/MainProcess] Scheduler: Sending due task check-profile-heartbeats-every-minute (profiles.check_profile_heartbeats)
[2026-05-11 23:51:31,393: INFO/MainProcess] Scheduler: Sending due task check-profile-heartbeats-every-minute (profiles.check_profile_heartbeats)
[2026-05-11 23:51:59,698: INFO/MainProcess] Scheduler: Sending due task reconcile-stale-messages-every-minute (messaging.reconcile_stale_messages)
[2026-05-11 23:52:01,441: INFO/MainProcess] Scheduler: Sending due task check-profile-heartbeats-every-minute (profiles.check_profile_heartbeats)
[2026-05-11 23:52:31,491: INFO/MainProcess] Scheduler: Sending due task check-profile-heartbeats-every-minute (profiles.check_profile_heartbeats)
[2026-05-11 23:52:59,747: INFO/MainProcess] Scheduler: Sending due task reconcile-stale-messages-every-minute (messaging.reconcile_stale_messages)
[2026-05-11 23:53:01,538: INFO/MainProcess] Scheduler: Sending due task check-profile-heartbeats-every-minute (profiles.check_profile_heartbeats)
[2026-05-11 23:53:31,582: INFO/MainProcess] Scheduler: Sending due task check-profile-heartbeats-every-minute (profiles.check_profile_heartbeats)
[2026-05-11 23:53:59,711: INFO/MainProcess] Scheduler: Sending due task sync-gologin-profiles-every-3-minutes (profiles.sync_gologin_profiles)
[2026-05-11 23:53:59,775: INFO/MainProcess] Scheduler: Sending due task reconcile-stale-messages-every-minute (messaging.reconcile_stale_messages)
[2026-05-11 23:54:01,630: INFO/MainProcess] Scheduler: Sending due task check-profile-heartbeats-every-minute (profiles.check_profile_heartbeats)
[2026-05-11 23:54:31,680: INFO/MainProcess] Scheduler: Sending due task check-profile-heartbeats-every-minute (profiles.check_profile_heartbeats)
[2026-05-11 23:54:59,830: INFO/MainProcess] Scheduler: Sending due task reconcile-stale-messages-every-minute (messaging.reconcile_stale_messages)
[2026-05-11 23:55:01,737: INFO/MainProcess] Scheduler: Sending due task check-profile-heartbeats-every-minute (profiles.check_profile_heartbeats)
[2026-05-11 23:55:31,791: INFO/MainProcess] Scheduler: Sending due task check-profile-heartbeats-every-minute (profiles.check_profile_heartbeats)
[2026-05-11 23:55:59,888: INFO/MainProcess] Scheduler: Sending due task reconcile-stale-messages-every-minute (messaging.reconcile_stale_messages)
[2026-05-11 23:56:01,841: INFO/MainProcess] Scheduler: Sending due task check-profile-heartbeats-every-minute (profiles.check_profile_heartbeats)
[2026-05-11 23:56:31,891: INFO/MainProcess] Scheduler: Sending due task check-profile-heartbeats-every-minute (profiles.check_profile_heartbeats)
[2026-05-11 23:56:59,841: INFO/MainProcess] Scheduler: Sending due task sync-gologin-profiles-every-3-minutes (profiles.sync_gologin_profiles)
[2026-05-11 23:56:59,909: INFO/MainProcess] Scheduler: Sending due task reconcile-stale-messages-every-minute (messaging.reconcile_stale_messages)
[2026-05-11 23:57:01,944: INFO/MainProcess] Scheduler: Sending due task check-profile-heartbeats-every-minute (profiles.check_profile_heartbeats)
[2026-05-11 23:57:31,996: INFO/MainProcess] Scheduler: Sending due task check-profile-heartbeats-every-minute (profiles.check_profile_heartbeats)
[2026-05-11 23:57:59,963: INFO/MainProcess] Scheduler: Sending due task reconcile-stale-messages-every-minute (messaging.reconcile_stale_messages)
[2026-05-11 23:58:02,051: INFO/MainProcess] Scheduler: Sending due task check-profile-heartbeats-every-minute (profiles.check_profile_heartbeats)
[2026-05-11 23:58:32,084: INFO/MainProcess] Scheduler: Sending due task check-profile-heartbeats-every-minute (profiles.check_profile_heartbeats)
[2026-05-11 23:59:00,028: INFO/MainProcess] Scheduler: Sending due task reconcile-stale-messages-every-minute (messaging.reconcile_stale_messages)
[2026-05-11 23:59:02,145: INFO/MainProcess] Scheduler: Sending due task check-profile-heartbeats-every-minute (profiles.check_profile_heartbeats)
[2026-05-11 23:59:32,214: INFO/MainProcess] Scheduler: Sending due task check-profile-heartbeats-every-minute (profiles.check_profile_heartbeats)
[2026-05-11 23:59:59,967: INFO/MainProcess] Scheduler: Sending due task sync-gologin-profiles-every-3-minutes (profiles.sync_gologin_profiles)
[2026-05-12 00:00:00,033: INFO/MainProcess] Scheduler: Sending due task reconcile-stale-messages-every-minute (messaging.reconcile_stale_messages)
[2026-05-12 00:00:02,264: INFO/MainProcess] Scheduler: Sending due task check-profile-heartbeats-every-minute (profiles.check_profile_heartbeats)
[2026-05-12 00:00:32,317: INFO/MainProcess] Scheduler: Sending due task check-profile-heartbeats-every-minute (profiles.check_profile_heartbeats)
[2026-05-12 00:01:00,098: INFO/MainProcess] Scheduler: Sending due task reconcile-stale-messages-every-minute (messaging.reconcile_stale_messages)
[2026-05-12 00:01:02,373: INFO/MainProcess] Scheduler: Sending due task check-profile-heartbeats-every-minute (profiles.check_profile_heartbeats)
[2026-05-12 00:01:32,428: INFO/MainProcess] Scheduler: Sending due task check-profile-heartbeats-every-minute (profiles.check_profile_heartbeats)
[2026-05-12 00:02:00,161: INFO/MainProcess] Scheduler: Sending due task reconcile-stale-messages-every-minute (messaging.reconcile_stale_messages)
[2026-05-12 00:02:02,480: INFO/MainProcess] Scheduler: Sending due task check-profile-heartbeats-every-minute (profiles.check_profile_heartbeats)
[2026-05-12 00:02:32,523: INFO/MainProcess] Scheduler: Sending due task check-profile-heartbeats-every-minute (profiles.check_profile_heartbeats)
[2026-05-12 00:03:00,120: INFO/MainProcess] Scheduler: Sending due task sync-gologin-profiles-every-3-minutes (profiles.sync_gologin_profiles)
[2026-05-12 00:03:00,280: INFO/MainProcess] Scheduler: Sending due task reconcile-stale-messages-every-minute (messaging.reconcile_stale_messages)
[2026-05-12 00:03:02,583: INFO/MainProcess] Scheduler: Sending due task check-profile-heartbeats-every-minute (profiles.check_profile_heartbeats)
[2026-05-12 00:03:32,634: INFO/MainProcess] Scheduler: Sending due task check-profile-heartbeats-every-minute (profiles.check_profile_heartbeats)
[2026-05-12 00:04:00,337: INFO/MainProcess] Scheduler: Sending due task reconcile-stale-messages-every-minute (messaging.reconcile_stale_messages)
[2026-05-12 00:04:02,684: INFO/MainProcess] Scheduler: Sending due task check-profile-heartbeats-every-minute (profiles.check_profile_heartbeats)
[2026-05-12 00:04:32,758: INFO/MainProcess] Scheduler: Sending due task check-profile-heartbeats-every-minute (profiles.check_profile_heartbeats)
[2026-05-12 00:05:00,398: INFO/MainProcess] Scheduler: Sending due task reconcile-stale-messages-every-minute (messaging.reconcile_stale_messages)
[2026-05-12 00:05:02,814: INFO/MainProcess] Scheduler: Sending due task check-profile-heartbeats-every-minute (profiles.check_profile_heartbeats)
[2026-05-12 00:05:32,866: INFO/MainProcess] Scheduler: Sending due task check-profile-heartbeats-every-minute (profiles.check_profile_heartbeats)
[2026-05-12 00:06:00,245: INFO/MainProcess] Scheduler: Sending due task sync-gologin-profiles-every-3-minutes (profiles.sync_gologin_profiles)
[2026-05-12 00:06:00,460: INFO/MainProcess] Scheduler: Sending due task reconcile-stale-messages-every-minute (messaging.reconcile_stale_messages)
[2026-05-12 00:06:02,916: INFO/MainProcess] Scheduler: Sending due task check-profile-heartbeats-every-minute (profiles.check_profile_heartbeats)
[2026-05-12 00:06:32,962: INFO/MainProcess] Scheduler: Sending due task check-profile-heartbeats-every-minute (profiles.check_profile_heartbeats)
[2026-05-12 00:07:00,519: INFO/MainProcess] Scheduler: Sending due task reconcile-stale-messages-every-minute (messaging.reconcile_stale_messages)
[2026-05-12 00:07:03,012: INFO/MainProcess] Scheduler: Sending due task check-profile-heartbeats-every-minute (profiles.check_profile_heartbeats)
[2026-05-12 00:07:33,061: INFO/MainProcess] Scheduler: Sending due task check-profile-heartbeats-every-minute (profiles.check_profile_heartbeats)
[2026-05-12 00:08:00,573: INFO/MainProcess] Scheduler: Sending due task reconcile-stale-messages-every-minute (messaging.reconcile_stale_messages)
[2026-05-12 00:08:03,114: INFO/MainProcess] Scheduler: Sending due task check-profile-heartbeats-every-minute (profiles.check_profile_heartbeats)
[2026-05-12 00:08:33,156: INFO/MainProcess] Scheduler: Sending due task check-profile-heartbeats-every-minute (profiles.check_profile_heartbeats)
[2026-05-12 00:09:00,388: INFO/MainProcess] Scheduler: Sending due task sync-gologin-profiles-every-3-minutes (profiles.sync_gologin_profiles)
[2026-05-12 00:09:00,629: INFO/MainProcess] Scheduler: Sending due task reconcile-stale-messages-every-minute (messaging.reconcile_stale_messages)
[2026-05-12 00:09:03,207: INFO/MainProcess] Scheduler: Sending due task check-profile-heartbeats-every-minute (profiles.check_profile_heartbeats)
[2026-05-12 00:09:33,278: INFO/MainProcess] Scheduler: Sending due task check-profile-heartbeats-every-minute (profiles.check_profile_heartbeats)
[2026-05-12 00:10:00,685: INFO/MainProcess] Scheduler: Sending due task reconcile-stale-messages-every-minute (messaging.reconcile_stale_messages)
[2026-05-12 00:10:03,339: INFO/MainProcess] Scheduler: Sending due task check-profile-heartbeats-every-minute (profiles.check_profile_heartbeats)
[2026-05-12 00:10:33,391: INFO/MainProcess] Scheduler: Sending due task check-profile-heartbeats-every-minute (profiles.check_profile_heartbeats)
[2026-05-12 00:11:00,742: INFO/MainProcess] Scheduler: Sending due task reconcile-stale-messages-every-minute (messaging.reconcile_stale_messages)
[2026-05-12 00:11:03,434: INFO/MainProcess] Scheduler: Sending due task check-profile-heartbeats-every-minute (profiles.check_profile_heartbeats)
[2026-05-12 00:11:33,480: INFO/MainProcess] Scheduler: Sending due task check-profile-heartbeats-every-minute (profiles.check_profile_heartbeats)
[2026-05-12 00:12:00,513: INFO/MainProcess] Scheduler: Sending due task sync-gologin-profiles-every-3-minutes (profiles.sync_gologin_profiles)
[2026-05-12 00:12:00,791: INFO/MainProcess] Scheduler: Sending due task reconcile-stale-messages-every-minute (messaging.reconcile_stale_messages)
[2026-05-12 00:12:03,527: INFO/MainProcess] Scheduler: Sending due task check-profile-heartbeats-every-minute (profiles.check_profile_heartbeats)
[2026-05-12 00:12:33,578: INFO/MainProcess] Scheduler: Sending due task check-profile-heartbeats-every-minute (profiles.check_profile_heartbeats)
[2026-05-12 00:13:00,852: INFO/MainProcess] Scheduler: Sending due task reconcile-stale-messages-every-minute (messaging.reconcile_stale_messages)
[2026-05-12 00:13:03,625: INFO/MainProcess] Scheduler: Sending due task check-profile-heartbeats-every-minute (profiles.check_profile_heartbeats)
[2026-05-12 00:13:33,677: INFO/MainProcess] Scheduler: Sending due task check-profile-heartbeats-every-minute (profiles.check_profile_heartbeats)
[2026-05-12 00:14:00,904: INFO/MainProcess] Scheduler: Sending due task reconcile-stale-messages-every-minute (messaging.reconcile_stale_messages)
[2026-05-12 00:14:03,728: INFO/MainProcess] Scheduler: Sending due task check-profile-heartbeats-every-minute (profiles.check_profile_heartbeats)
[2026-05-12 00:14:33,794: INFO/MainProcess] Scheduler: Sending due task check-profile-heartbeats-every-minute (profiles.check_profile_heartbeats)
[2026-05-12 00:15:00,638: INFO/MainProcess] Scheduler: Sending due task sync-gologin-profiles-every-3-minutes (profiles.sync_gologin_profiles)
[2026-05-12 00:15:00,958: INFO/MainProcess] Scheduler: Sending due task reconcile-stale-messages-every-minute (messaging.reconcile_stale_messages)
[2026-05-12 00:15:03,852: INFO/MainProcess] Scheduler: Sending due task check-profile-heartbeats-every-minute (profiles.check_profile_heartbeats)
[2026-05-12 00:15:33,908: INFO/MainProcess] Scheduler: Sending due task check-profile-heartbeats-every-minute (profiles.check_profile_heartbeats)
[2026-05-12 00:16:01,019: INFO/MainProcess] Scheduler: Sending due task reconcile-stale-messages-every-minute (messaging.reconcile_stale_messages)
[2026-05-12 00:16:03,972: INFO/MainProcess] Scheduler: Sending due task check-profile-heartbeats-every-minute (profiles.check_profile_heartbeats)
[2026-05-12 00:16:34,025: INFO/MainProcess] Scheduler: Sending due task check-profile-heartbeats-every-minute (profiles.check_profile_heartbeats)
[2026-05-12 00:17:01,073: INFO/MainProcess] Scheduler: Sending due task reconcile-stale-messages-every-minute (messaging.reconcile_stale_messages)
[2026-05-12 00:17:04,079: INFO/MainProcess] Scheduler: Sending due task check-profile-heartbeats-every-minute (profiles.check_profile_heartbeats)
[2026-05-12 00:17:34,131: INFO/MainProcess] Scheduler: Sending due task check-profile-heartbeats-every-minute (profiles.check_profile_heartbeats)
[2026-05-12 00:18:00,772: INFO/MainProcess] Scheduler: Sending due task sync-gologin-profiles-every-3-minutes (profiles.sync_gologin_profiles)
[2026-05-12 00:18:01,126: INFO/MainProcess] Scheduler: Sending due task reconcile-stale-messages-every-minute (messaging.reconcile_stale_messages)
[2026-05-12 00:18:04,182: INFO/MainProcess] Scheduler: Sending due task check-profile-heartbeats-every-minute (profiles.check_profile_heartbeats)
[2026-05-12 00:18:34,236: INFO/MainProcess] Scheduler: Sending due task check-profile-heartbeats-every-minute (profiles.check_profile_heartbeats)
[2026-05-12 00:19:01,188: INFO/MainProcess] Scheduler: Sending due task reconcile-stale-messages-every-minute (messaging.reconcile_stale_messages)
[2026-05-12 00:19:04,288: INFO/MainProcess] Scheduler: Sending due task check-profile-heartbeats-every-minute (profiles.check_profile_heartbeats)
[2026-05-12 00:19:34,348: INFO/MainProcess] Scheduler: Sending due task check-profile-heartbeats-every-minute (profiles.check_profile_heartbeats)
[2026-05-12 00:20:01,254: INFO/MainProcess] Scheduler: Sending due task reconcile-stale-messages-every-minute (messaging.reconcile_stale_messages)
[2026-05-12 00:20:04,406: INFO/MainProcess] Scheduler: Sending due task check-profile-heartbeats-every-minute (profiles.check_profile_heartbeats)
[2026-05-12 00:20:34,466: INFO/MainProcess] Scheduler: Sending due task check-profile-heartbeats-every-minute (profiles.check_profile_heartbeats)
[2026-05-12 00:21:00,908: INFO/MainProcess] Scheduler: Sending due task sync-gologin-profiles-every-3-minutes (profiles.sync_gologin_profiles)
[2026-05-12 00:21:01,310: INFO/MainProcess] Scheduler: Sending due task reconcile-stale-messages-every-minute (messaging.reconcile_stale_messages)
[2026-05-12 00:21:04,518: INFO/MainProcess] Scheduler: Sending due task check-profile-heartbeats-every-minute (profiles.check_profile_heartbeats)
[2026-05-12 00:21:34,570: INFO/MainProcess] Scheduler: Sending due task check-profile-heartbeats-every-minute (profiles.check_profile_heartbeats)
[2026-05-12 00:22:01,365: INFO/MainProcess] Scheduler: Sending due task reconcile-stale-messages-every-minute (messaging.reconcile_stale_messages)
[2026-05-12 00:22:04,623: INFO/MainProcess] Scheduler: Sending due task check-profile-heartbeats-every-minute (profiles.check_profile_heartbeats)
[2026-05-12 00:22:34,669: INFO/MainProcess] Scheduler: Sending due task check-profile-heartbeats-every-minute (profiles.check_profile_heartbeats)
[2026-05-12 00:23:01,420: INFO/MainProcess] Scheduler: Sending due task reconcile-stale-messages-every-minute (messaging.reconcile_stale_messages)
[2026-05-12 00:23:04,728: INFO/MainProcess] Scheduler: Sending due task check-profile-heartbeats-every-minute (profiles.check_profile_heartbeats)
[2026-05-12 00:23:34,777: INFO/MainProcess] Scheduler: Sending due task check-profile-heartbeats-every-minute (profiles.check_profile_heartbeats)
[2026-05-12 00:24:01,040: INFO/MainProcess] Scheduler: Sending due task sync-gologin-profiles-every-3-minutes (profiles.sync_gologin_profiles)
[2026-05-12 00:24:01,474: INFO/MainProcess] Scheduler: Sending due task reconcile-stale-messages-every-minute (messaging.reconcile_stale_messages)
[2026-05-12 00:24:04,826: INFO/MainProcess] Scheduler: Sending due task check-profile-heartbeats-every-minute (profiles.check_profile_heartbeats)
[2026-05-12 00:24:34,889: INFO/MainProcess] Scheduler: Sending due task check-profile-heartbeats-every-minute (profiles.check_profile_heartbeats)
[2026-05-12 00:25:01,534: INFO/MainProcess] Scheduler: Sending due task reconcile-stale-messages-every-minute (messaging.reconcile_stale_messages)
[2026-05-12 00:25:04,946: INFO/MainProcess] Scheduler: Sending due task check-profile-heartbeats-every-minute (profiles.check_profile_heartbeats)
[2026-05-12 00:25:34,996: INFO/MainProcess] Scheduler: Sending due task check-profile-heartbeats-every-minute (profiles.check_profile_heartbeats)
[2026-05-12 00:26:01,590: INFO/MainProcess] Scheduler: Sending due task reconcile-stale-messages-every-minute (messaging.reconcile_stale_messages)
[2026-05-12 00:26:05,042: INFO/MainProcess] Scheduler: Sending due task check-profile-heartbeats-every-minute (profiles.check_profile_heartbeats)
[2026-05-12 00:26:35,094: INFO/MainProcess] Scheduler: Sending due task check-profile-heartbeats-every-minute (profiles.check_profile_heartbeats)
[2026-05-12 00:27:01,165: INFO/MainProcess] Scheduler: Sending due task sync-gologin-profiles-every-3-minutes (profiles.sync_gologin_profiles)
[2026-05-12 00:27:01,645: INFO/MainProcess] Scheduler: Sending due task reconcile-stale-messages-every-minute (messaging.reconcile_stale_messages)
[2026-05-12 00:27:05,140: INFO/MainProcess] Scheduler: Sending due task check-profile-heartbeats-every-minute (profiles.check_profile_heartbeats)
[2026-05-12 00:27:35,194: INFO/MainProcess] Scheduler: Sending due task check-profile-heartbeats-every-minute (profiles.check_profile_heartbeats)
[2026-05-12 00:28:01,708: INFO/MainProcess] Scheduler: Sending due task reconcile-stale-messages-every-minute (messaging.reconcile_stale_messages)
[2026-05-12 00:28:05,250: INFO/MainProcess] Scheduler: Sending due task check-profile-heartbeats-every-minute (profiles.check_profile_heartbeats)
[2026-05-12 00:28:35,300: INFO/MainProcess] Scheduler: Sending due task check-profile-heartbeats-every-minute (profiles.check_profile_heartbeats)
[2026-05-12 00:29:01,761: INFO/MainProcess] Scheduler: Sending due task reconcile-stale-messages-every-minute (messaging.reconcile_stale_messages)
[2026-05-12 00:29:05,354: INFO/MainProcess] Scheduler: Sending due task check-profile-heartbeats-every-minute (profiles.check_profile_heartbeats)
[2026-05-12 00:29:35,405: INFO/MainProcess] Scheduler: Sending due task check-profile-heartbeats-every-minute (profiles.check_profile_heartbeats)
[2026-05-12 00:30:01,280: INFO/MainProcess] Scheduler: Sending due task sync-gologin-profiles-every-3-minutes (profiles.sync_gologin_profiles)
[2026-05-12 00:30:01,898: INFO/MainProcess] Scheduler: Sending due task reconcile-stale-messages-every-minute (messaging.reconcile_stale_messages)
[2026-05-12 00:30:05,457: INFO/MainProcess] Scheduler: Sending due task check-profile-heartbeats-every-minute (profiles.check_profile_heartbeats)
[2026-05-12 00:30:35,505: INFO/MainProcess] Scheduler: Sending due task check-profile-heartbeats-every-minute (profiles.check_profile_heartbeats)
[2026-05-12 00:31:01,935: INFO/MainProcess] Scheduler: Sending due task reconcile-stale-messages-every-minute (messaging.reconcile_stale_messages)
[2026-05-12 00:31:05,540: INFO/MainProcess] Scheduler: Sending due task check-profile-heartbeats-every-minute (profiles.check_profile_heartbeats)
[2026-05-12 00:31:35,585: INFO/MainProcess] Scheduler: Sending due task check-profile-heartbeats-every-minute (profiles.check_profile_heartbeats)
[2026-05-12 00:32:01,978: INFO/MainProcess] Scheduler: Sending due task reconcile-stale-messages-every-minute (messaging.reconcile_stale_messages)
[2026-05-12 00:32:05,628: INFO/MainProcess] Scheduler: Sending due task check-profile-heartbeats-every-minute (profiles.check_profile_heartbeats)
[2026-05-12 00:32:35,678: INFO/MainProcess] Scheduler: Sending due task check-profile-heartbeats-every-minute (profiles.check_profile_heartbeats)
[2026-05-12 00:33:01,403: INFO/MainProcess] Scheduler: Sending due task sync-gologin-profiles-every-3-minutes (profiles.sync_gologin_profiles)
[2026-05-12 00:33:02,034: INFO/MainProcess] Scheduler: Sending due task reconcile-stale-messages-every-minute (messaging.reconcile_stale_messages)
[2026-05-12 00:33:05,727: INFO/MainProcess] Scheduler: Sending due task check-profile-heartbeats-every-minute (profiles.check_profile_heartbeats)
[2026-05-12 00:33:35,776: INFO/MainProcess] Scheduler: Sending due task check-profile-heartbeats-every-minute (profiles.check_profile_heartbeats)
[2026-05-12 00:34:02,175: INFO/MainProcess] Scheduler: Sending due task reconcile-stale-messages-every-minute (messaging.reconcile_stale_messages)
[2026-05-12 00:34:05,834: INFO/MainProcess] Scheduler: Sending due task check-profile-heartbeats-every-minute (profiles.check_profile_heartbeats)
[2026-05-12 00:34:35,883: INFO/MainProcess] Scheduler: Sending due task check-profile-heartbeats-every-minute (profiles.check_profile_heartbeats)
[2026-05-12 00:35:02,247: INFO/MainProcess] Scheduler: Sending due task reconcile-stale-messages-every-minute (messaging.reconcile_stale_messages)
[2026-05-12 00:35:05,939: INFO/MainProcess] Scheduler: Sending due task check-profile-heartbeats-every-minute (profiles.check_profile_heartbeats)
[2026-05-12 00:35:35,987: INFO/MainProcess] Scheduler: Sending due task check-profile-heartbeats-every-minute (profiles.check_profile_heartbeats)
[2026-05-12 00:36:01,528: INFO/MainProcess] Scheduler: Sending due task sync-gologin-profiles-every-3-minutes (profiles.sync_gologin_profiles)
[2026-05-12 00:36:02,311: INFO/MainProcess] Scheduler: Sending due task reconcile-stale-messages-every-minute (messaging.reconcile_stale_messages)
[2026-05-12 00:36:06,031: INFO/MainProcess] Scheduler: Sending due task check-profile-heartbeats-every-minute (profiles.check_profile_heartbeats)
[2026-05-12 00:36:36,080: INFO/MainProcess] Scheduler: Sending due task check-profile-heartbeats-every-minute (profiles.check_profile_heartbeats)
[2026-05-12 00:37:02,365: INFO/MainProcess] Scheduler: Sending due task reconcile-stale-messages-every-minute (messaging.reconcile_stale_messages)
[2026-05-12 00:37:06,127: INFO/MainProcess] Scheduler: Sending due task check-profile-heartbeats-every-minute (profiles.check_profile_heartbeats)
[2026-05-12 00:37:36,177: INFO/MainProcess] Scheduler: Sending due task check-profile-heartbeats-every-minute (profiles.check_profile_heartbeats)
[2026-05-12 00:38:02,420: INFO/MainProcess] Scheduler: Sending due task reconcile-stale-messages-every-minute (messaging.reconcile_stale_messages)
[2026-05-12 00:38:06,228: INFO/MainProcess] Scheduler: Sending due task check-profile-heartbeats-every-minute (profiles.check_profile_heartbeats)
[2026-05-12 00:38:36,279: INFO/MainProcess] Scheduler: Sending due task check-profile-heartbeats-every-minute (profiles.check_profile_heartbeats)
[2026-05-12 00:38:45,468: INFO/MainProcess] Scheduler: Sending due task send-followup-messages-every-hour (autoreply.send_followup_messages)
[2026-05-12 00:39:01,671: INFO/MainProcess] Scheduler: Sending due task sync-gologin-profiles-every-3-minutes (profiles.sync_gologin_profiles)
[2026-05-12 00:39:02,471: INFO/MainProcess] Scheduler: Sending due task reconcile-stale-messages-every-minute (messaging.reconcile_stale_messages)
[2026-05-12 00:39:06,327: INFO/MainProcess] Scheduler: Sending due task check-profile-heartbeats-every-minute (profiles.check_profile_heartbeats)
[2026-05-12 00:39:36,374: INFO/MainProcess] Scheduler: Sending due task check-profile-heartbeats-every-minute (profiles.check_profile_heartbeats)
[2026-05-12 00:40:02,528: INFO/MainProcess] Scheduler: Sending due task reconcile-stale-messages-every-minute (messaging.reconcile_stale_messages)
[2026-05-12 00:40:06,421: INFO/MainProcess] Scheduler: Sending due task check-profile-heartbeats-every-minute (profiles.check_profile_heartbeats)
[2026-05-12 00:40:36,473: INFO/MainProcess] Scheduler: Sending due task check-profile-heartbeats-every-minute (profiles.check_profile_heartbeats)
[2026-05-12 00:41:02,583: INFO/MainProcess] Scheduler: Sending due task reconcile-stale-messages-every-minute (messaging.reconcile_stale_messages)
[2026-05-12 00:41:06,525: INFO/MainProcess] Scheduler: Sending due task check-profile-heartbeats-every-minute (profiles.check_profile_heartbeats)
[2026-05-12 00:41:36,573: INFO/MainProcess] Scheduler: Sending due task check-profile-heartbeats-every-minute (profiles.check_profile_heartbeats)
[2026-05-12 00:42:01,796: INFO/MainProcess] Scheduler: Sending due task sync-gologin-profiles-every-3-minutes (profiles.sync_gologin_profiles)
[2026-05-12 00:42:02,650: INFO/MainProcess] Scheduler: Sending due task reconcile-stale-messages-every-minute (messaging.reconcile_stale_messages)
[2026-05-12 00:42:06,618: INFO/MainProcess] Scheduler: Sending due task check-profile-heartbeats-every-minute (profiles.check_profile_heartbeats)
[2026-05-12 00:42:36,666: INFO/MainProcess] Scheduler: Sending due task check-profile-heartbeats-every-minute (profiles.check_profile_heartbeats)
[2026-05-12 00:43:02,703: INFO/MainProcess] Scheduler: Sending due task reconcile-stale-messages-every-minute (messaging.reconcile_stale_messages)
[2026-05-12 00:43:06,713: INFO/MainProcess] Scheduler: Sending due task check-profile-heartbeats-every-minute (profiles.check_profile_heartbeats)
[2026-05-12 00:43:36,760: INFO/MainProcess] Scheduler: Sending due task check-profile-heartbeats-every-minute (profiles.check_profile_heartbeats)
[2026-05-12 00:44:02,754: INFO/MainProcess] Scheduler: Sending due task reconcile-stale-messages-every-minute (messaging.reconcile_stale_messages)
[2026-05-12 00:44:06,814: INFO/MainProcess] Scheduler: Sending due task check-profile-heartbeats-every-minute (profiles.check_profile_heartbeats)
[2026-05-12 00:44:36,858: INFO/MainProcess] Scheduler: Sending due task check-profile-heartbeats-every-minute (profiles.check_profile_heartbeats)
[2026-05-12 00:45:01,913: INFO/MainProcess] Scheduler: Sending due task sync-gologin-profiles-every-3-minutes (profiles.sync_gologin_profiles)
[2026-05-12 00:45:02,809: INFO/MainProcess] Scheduler: Sending due task reconcile-stale-messages-every-minute (messaging.reconcile_stale_messages)
[2026-05-12 00:45:06,903: INFO/MainProcess] Scheduler: Sending due task check-profile-heartbeats-every-minute (profiles.check_profile_heartbeats)
[2026-05-12 00:45:36,957: INFO/MainProcess] Scheduler: Sending due task check-profile-heartbeats-every-minute (profiles.check_profile_heartbeats)
[2026-05-12 00:46:02,867: INFO/MainProcess] Scheduler: Sending due task reconcile-stale-messages-every-minute (messaging.reconcile_stale_messages)
[2026-05-12 00:46:07,006: INFO/MainProcess] Scheduler: Sending due task check-profile-heartbeats-every-minute (profiles.check_profile_heartbeats)
[2026-05-12 00:46:37,054: INFO/MainProcess] Scheduler: Sending due task check-profile-heartbeats-every-minute (profiles.check_profile_heartbeats)
[2026-05-12 00:47:02,920: INFO/MainProcess] Scheduler: Sending due task reconcile-stale-messages-every-minute (messaging.reconcile_stale_messages)
[2026-05-12 00:47:07,103: INFO/MainProcess] Scheduler: Sending due task check-profile-heartbeats-every-minute (profiles.check_profile_heartbeats)
[2026-05-12 00:47:37,150: INFO/MainProcess] Scheduler: Sending due task check-profile-heartbeats-every-minute (profiles.check_profile_heartbeats)
[2026-05-12 00:48:02,051: INFO/MainProcess] Scheduler: Sending due task sync-gologin-profiles-every-3-minutes (profiles.sync_gologin_profiles)
[2026-05-12 00:48:02,973: INFO/MainProcess] Scheduler: Sending due task reconcile-stale-messages-every-minute (messaging.reconcile_stale_messages)
[2026-05-12 00:48:07,196: INFO/MainProcess] Scheduler: Sending due task check-profile-heartbeats-every-minute (profiles.check_profile_heartbeats)
[2026-05-12 00:48:37,244: INFO/MainProcess] Scheduler: Sending due task check-profile-heartbeats-every-minute (profiles.check_profile_heartbeats)
[2026-05-12 00:49:03,029: INFO/MainProcess] Scheduler: Sending due task reconcile-stale-messages-every-minute (messaging.reconcile_stale_messages)
[2026-05-12 00:49:07,299: INFO/MainProcess] Scheduler: Sending due task check-profile-heartbeats-every-minute (profiles.check_profile_heartbeats)
[2026-05-12 00:49:37,349: INFO/MainProcess] Scheduler: Sending due task check-profile-heartbeats-every-minute (profiles.check_profile_heartbeats)
[2026-05-12 00:50:03,084: INFO/MainProcess] Scheduler: Sending due task reconcile-stale-messages-every-minute (messaging.reconcile_stale_messages)
[2026-05-12 00:50:07,404: INFO/MainProcess] Scheduler: Sending due task check-profile-heartbeats-every-minute (profiles.check_profile_heartbeats)
[2026-05-12 00:50:37,453: INFO/MainProcess] Scheduler: Sending due task check-profile-heartbeats-every-minute (profiles.check_profile_heartbeats)
[2026-05-12 00:51:02,166: INFO/MainProcess] Scheduler: Sending due task sync-gologin-profiles-every-3-minutes (profiles.sync_gologin_profiles)
[2026-05-12 00:51:03,139: INFO/MainProcess] Scheduler: Sending due task reconcile-stale-messages-every-minute (messaging.reconcile_stale_messages)
[2026-05-12 00:51:07,506: INFO/MainProcess] Scheduler: Sending due task check-profile-heartbeats-every-minute (profiles.check_profile_heartbeats)
[2026-05-12 00:51:37,557: INFO/MainProcess] Scheduler: Sending due task check-profile-heartbeats-every-minute (profiles.check_profile_heartbeats)
[2026-05-12 00:52:03,189: INFO/MainProcess] Scheduler: Sending due task reconcile-stale-messages-every-minute (messaging.reconcile_stale_messages)
[2026-05-12 00:52:07,601: INFO/MainProcess] Scheduler: Sending due task check-profile-heartbeats-every-minute (profiles.check_profile_heartbeats)
[2026-05-12 00:52:37,644: INFO/MainProcess] Scheduler: Sending due task check-profile-heartbeats-every-minute (profiles.check_profile_heartbeats)
[2026-05-12 00:53:03,235: INFO/MainProcess] Scheduler: Sending due task reconcile-stale-messages-every-minute (messaging.reconcile_stale_messages)
[2026-05-12 00:53:07,687: INFO/MainProcess] Scheduler: Sending due task check-profile-heartbeats-every-minute (profiles.check_profile_heartbeats)
[2026-05-12 00:53:37,740: INFO/MainProcess] Scheduler: Sending due task check-profile-heartbeats-every-minute (profiles.check_profile_heartbeats)
[2026-05-12 00:54:02,283: INFO/MainProcess] Scheduler: Sending due task sync-gologin-profiles-every-3-minutes (profiles.sync_gologin_profiles)
[2026-05-12 00:54:03,284: INFO/MainProcess] Scheduler: Sending due task reconcile-stale-messages-every-minute (messaging.reconcile_stale_messages)
[2026-05-12 00:54:07,784: INFO/MainProcess] Scheduler: Sending due task check-profile-heartbeats-every-minute (profiles.check_profile_heartbeats)
[2026-05-12 00:54:37,831: INFO/MainProcess] Scheduler: Sending due task check-profile-heartbeats-every-minute (profiles.check_profile_heartbeats)
[2026-05-12 00:55:03,334: INFO/MainProcess] Scheduler: Sending due task reconcile-stale-messages-every-minute (messaging.reconcile_stale_messages)
[2026-05-12 00:55:07,880: INFO/MainProcess] Scheduler: Sending due task check-profile-heartbeats-every-minute (profiles.check_profile_heartbeats)
[2026-05-12 00:55:37,929: INFO/MainProcess] Scheduler: Sending due task check-profile-heartbeats-every-minute (profiles.check_profile_heartbeats)
[2026-05-12 00:56:03,388: INFO/MainProcess] Scheduler: Sending due task reconcile-stale-messages-every-minute (messaging.reconcile_stale_messages)
[2026-05-12 00:56:07,974: INFO/MainProcess] Scheduler: Sending due task check-profile-heartbeats-every-minute (profiles.check_profile_heartbeats)
[2026-05-12 00:56:38,027: INFO/MainProcess] Scheduler: Sending due task check-profile-heartbeats-every-minute (profiles.check_profile_heartbeats)
[2026-05-12 00:57:02,401: INFO/MainProcess] Scheduler: Sending due task sync-gologin-profiles-every-3-minutes (profiles.sync_gologin_profiles)
[2026-05-12 00:57:03,448: INFO/MainProcess] Scheduler: Sending due task reconcile-stale-messages-every-minute (messaging.reconcile_stale_messages)
[2026-05-12 00:57:08,067: INFO/MainProcess] Scheduler: Sending due task check-profile-heartbeats-every-minute (profiles.check_profile_heartbeats)
[2026-05-12 00:57:38,112: INFO/MainProcess] Scheduler: Sending due task check-profile-heartbeats-every-minute (profiles.check_profile_heartbeats)
[2026-05-12 00:58:03,466: INFO/MainProcess] Scheduler: Sending due task reconcile-stale-messages-every-minute (messaging.reconcile_stale_messages)
[2026-05-12 00:58:08,161: INFO/MainProcess] Scheduler: Sending due task check-profile-heartbeats-every-minute (profiles.check_profile_heartbeats)
[2026-05-12 00:58:38,205: INFO/MainProcess] Scheduler: Sending due task check-profile-heartbeats-every-minute (profiles.check_profile_heartbeats)
[2026-05-12 00:59:03,508: INFO/MainProcess] Scheduler: Sending due task reconcile-stale-messages-every-minute (messaging.reconcile_stale_messages)
[2026-05-12 00:59:08,243: INFO/MainProcess] Scheduler: Sending due task check-profile-heartbeats-every-minute (profiles.check_profile_heartbeats)
[2026-05-12 00:59:38,299: INFO/MainProcess] Scheduler: Sending due task check-profile-heartbeats-every-minute (profiles.check_profile_heartbeats)
[2026-05-12 01:00:02,528: INFO/MainProcess] Scheduler: Sending due task sync-gologin-profiles-every-3-minutes (profiles.sync_gologin_profiles)
[2026-05-12 01:00:03,565: INFO/MainProcess] Scheduler: Sending due task reconcile-stale-messages-every-minute (messaging.reconcile_stale_messages)
[2026-05-12 01:00:08,347: INFO/MainProcess] Scheduler: Sending due task check-profile-heartbeats-every-minute (profiles.check_profile_heartbeats)
[2026-05-12 01:00:38,395: INFO/MainProcess] Scheduler: Sending due task check-profile-heartbeats-every-minute (profiles.check_profile_heartbeats)
[2026-05-12 01:01:03,618: INFO/MainProcess] Scheduler: Sending due task reconcile-stale-messages-every-minute (messaging.reconcile_stale_messages)
[2026-05-12 01:01:08,447: INFO/MainProcess] Scheduler: Sending due task check-profile-heartbeats-every-minute (profiles.check_profile_heartbeats)
[2026-05-12 01:01:38,495: INFO/MainProcess] Scheduler: Sending due task check-profile-heartbeats-every-minute (profiles.check_profile_heartbeats)
[2026-05-12 01:02:03,668: INFO/MainProcess] Scheduler: Sending due task reconcile-stale-messages-every-minute (messaging.reconcile_stale_messages)
[2026-05-12 01:02:08,537: INFO/MainProcess] Scheduler: Sending due task check-profile-heartbeats-every-minute (profiles.check_profile_heartbeats)
[2026-05-12 01:02:38,582: INFO/MainProcess] Scheduler: Sending due task check-profile-heartbeats-every-minute (profiles.check_profile_heartbeats)
[2026-05-12 01:03:02,652: INFO/MainProcess] Scheduler: Sending due task sync-gologin-profiles-every-3-minutes (profiles.sync_gologin_profiles)
[2026-05-12 01:03:03,720: INFO/MainProcess] Scheduler: Sending due task reconcile-stale-messages-every-minute (messaging.reconcile_stale_messages)
[2026-05-12 01:03:08,634: INFO/MainProcess] Scheduler: Sending due task check-profile-heartbeats-every-minute (profiles.check_profile_heartbeats)
[2026-05-12 01:03:38,686: INFO/MainProcess] Scheduler: Sending due task check-profile-heartbeats-every-minute (profiles.check_profile_heartbeats)
[2026-05-12 01:04:03,774: INFO/MainProcess] Scheduler: Sending due task reconcile-stale-messages-every-minute (messaging.reconcile_stale_messages)
[2026-05-12 01:04:08,733: INFO/MainProcess] Scheduler: Sending due task check-profile-heartbeats-every-minute (profiles.check_profile_heartbeats)
[2026-05-12 01:04:38,792: INFO/MainProcess] Scheduler: Sending due task check-profile-heartbeats-every-minute (profiles.check_profile_heartbeats)
[2026-05-12 01:05:03,825: INFO/MainProcess] Scheduler: Sending due task reconcile-stale-messages-every-minute (messaging.reconcile_stale_messages)
[2026-05-12 01:05:08,842: INFO/MainProcess] Scheduler: Sending due task check-profile-heartbeats-every-minute (profiles.check_profile_heartbeats)
[2026-05-12 01:05:38,886: INFO/MainProcess] Scheduler: Sending due task check-profile-heartbeats-every-minute (profiles.check_profile_heartbeats)
[2026-05-12 01:06:02,778: INFO/MainProcess] Scheduler: Sending due task sync-gologin-profiles-every-3-minutes (profiles.sync_gologin_profiles)
[2026-05-12 01:06:03,877: INFO/MainProcess] Scheduler: Sending due task reconcile-stale-messages-every-minute (messaging.reconcile_stale_messages)
[2026-05-12 01:06:08,944: INFO/MainProcess] Scheduler: Sending due task check-profile-heartbeats-every-minute (profiles.check_profile_heartbeats)
[2026-05-12 01:06:38,963: INFO/MainProcess] Scheduler: Sending due task check-profile-heartbeats-every-minute (profiles.check_profile_heartbeats)
[2026-05-12 01:07:03,901: INFO/MainProcess] Scheduler: Sending due task reconcile-stale-messages-every-minute (messaging.reconcile_stale_messages)
[2026-05-12 01:07:08,989: INFO/MainProcess] Scheduler: Sending due task check-profile-heartbeats-every-minute (profiles.check_profile_heartbeats)
[2026-05-12 01:07:39,010: INFO/MainProcess] Scheduler: Sending due task check-profile-heartbeats-every-minute (profiles.check_profile_heartbeats)
[2026-05-12 01:08:03,929: INFO/MainProcess] Scheduler: Sending due task reconcile-stale-messages-every-minute (messaging.reconcile_stale_messages)
[2026-05-12 01:08:09,032: INFO/MainProcess] Scheduler: Sending due task check-profile-heartbeats-every-minute (profiles.check_profile_heartbeats)
[2026-05-12 01:08:39,053: INFO/MainProcess] Scheduler: Sending due task check-profile-heartbeats-every-minute (profiles.check_profile_heartbeats)
[2026-05-12 01:09:02,839: INFO/MainProcess] Scheduler: Sending due task sync-gologin-profiles-every-3-minutes (profiles.sync_gologin_profiles)
[2026-05-12 01:09:03,953: INFO/MainProcess] Scheduler: Sending due task reconcile-stale-messages-every-minute (messaging.reconcile_stale_messages)
[2026-05-12 01:09:09,074: INFO/MainProcess] Scheduler: Sending due task check-profile-heartbeats-every-minute (profiles.check_profile_heartbeats)
[2026-05-12 01:09:39,094: INFO/MainProcess] Scheduler: Sending due task check-profile-heartbeats-every-minute (profiles.check_profile_heartbeats)
[2026-05-12 01:10:03,978: INFO/MainProcess] Scheduler: Sending due task reconcile-stale-messages-every-minute (messaging.reconcile_stale_messages)
[2026-05-12 01:10:09,115: INFO/MainProcess] Scheduler: Sending due task check-profile-heartbeats-every-minute (profiles.check_profile_heartbeats)
[2026-05-12 01:10:39,135: INFO/MainProcess] Scheduler: Sending due task check-profile-heartbeats-every-minute (profiles.check_profile_heartbeats)
[2026-05-12 01:11:04,001: INFO/MainProcess] Scheduler: Sending due task reconcile-stale-messages-every-minute (messaging.reconcile_stale_messages)
[2026-05-12 01:11:09,155: INFO/MainProcess] Scheduler: Sending due task check-profile-heartbeats-every-minute (profiles.check_profile_heartbeats)
[2026-05-12 01:11:39,176: INFO/MainProcess] Scheduler: Sending due task check-profile-heartbeats-every-minute (profiles.check_profile_heartbeats)
[2026-05-12 01:12:02,897: INFO/MainProcess] Scheduler: Sending due task sync-gologin-profiles-every-3-minutes (profiles.sync_gologin_profiles)
[2026-05-12 01:12:04,026: INFO/MainProcess] Scheduler: Sending due task reconcile-stale-messages-every-minute (messaging.reconcile_stale_messages)
[2026-05-12 01:12:09,206: INFO/MainProcess] Scheduler: Sending due task check-profile-heartbeats-every-minute (profiles.check_profile_heartbeats)
[2026-05-12 01:12:39,226: INFO/MainProcess] Scheduler: Sending due task check-profile-heartbeats-every-minute (profiles.check_profile_heartbeats)
[2026-05-12 01:13:04,059: INFO/MainProcess] Scheduler: Sending due task reconcile-stale-messages-every-minute (messaging.reconcile_stale_messages)
[2026-05-12 01:13:09,245: INFO/MainProcess] Scheduler: Sending due task check-profile-heartbeats-every-minute (profiles.check_profile_heartbeats)
[2026-05-12 01:13:39,266: INFO/MainProcess] Scheduler: Sending due task check-profile-heartbeats-every-minute (profiles.check_profile_heartbeats)
[2026-05-12 01:14:04,083: INFO/MainProcess] Scheduler: Sending due task reconcile-stale-messages-every-minute (messaging.reconcile_stale_messages)
[2026-05-12 01:14:09,286: INFO/MainProcess] Scheduler: Sending due task check-profile-heartbeats-every-minute (profiles.check_profile_heartbeats)
[2026-05-12 01:14:39,308: INFO/MainProcess] Scheduler: Sending due task check-profile-heartbeats-every-minute (profiles.check_profile_heartbeats)
[2026-05-12 01:15:02,955: INFO/MainProcess] Scheduler: Sending due task sync-gologin-profiles-every-3-minutes (profiles.sync_gologin_profiles)
[2026-05-12 01:15:04,107: INFO/MainProcess] Scheduler: Sending due task reconcile-stale-messages-every-minute (messaging.reconcile_stale_messages)
[2026-05-12 01:15:09,328: INFO/MainProcess] Scheduler: Sending due task check-profile-heartbeats-every-minute (profiles.check_profile_heartbeats)
[2026-05-12 01:15:39,349: INFO/MainProcess] Scheduler: Sending due task check-profile-heartbeats-every-minute (profiles.check_profile_heartbeats)
[2026-05-12 01:16:04,131: INFO/MainProcess] Scheduler: Sending due task reconcile-stale-messages-every-minute (messaging.reconcile_stale_messages)
[2026-05-12 01:16:09,368: INFO/MainProcess] Scheduler: Sending due task check-profile-heartbeats-every-minute (profiles.check_profile_heartbeats)
[2026-05-12 01:16:39,389: INFO/MainProcess] Scheduler: Sending due task check-profile-heartbeats-every-minute (profiles.check_profile_heartbeats)
[2026-05-12 01:17:04,154: INFO/MainProcess] Scheduler: Sending due task reconcile-stale-messages-every-minute (messaging.reconcile_stale_messages)
[2026-05-12 01:17:09,409: INFO/MainProcess] Scheduler: Sending due task check-profile-heartbeats-every-minute (profiles.check_profile_heartbeats)
[2026-05-12 01:17:39,431: INFO/MainProcess] Scheduler: Sending due task check-profile-heartbeats-every-minute (profiles.check_profile_heartbeats)
[2026-05-12 01:18:03,017: INFO/MainProcess] Scheduler: Sending due task sync-gologin-profiles-every-3-minutes (profiles.sync_gologin_profiles)
[2026-05-12 01:18:04,178: INFO/MainProcess] Scheduler: Sending due task reconcile-stale-messages-every-minute (messaging.reconcile_stale_messages)
[2026-05-12 01:18:09,452: INFO/MainProcess] Scheduler: Sending due task check-profile-heartbeats-every-minute (profiles.check_profile_heartbeats)
[2026-05-12 01:18:39,473: INFO/MainProcess] Scheduler: Sending due task check-profile-heartbeats-every-minute (profiles.check_profile_heartbeats)
[2026-05-12 01:19:04,201: INFO/MainProcess] Scheduler: Sending due task reconcile-stale-messages-every-minute (messaging.reconcile_stale_messages)
[2026-05-12 01:19:09,494: INFO/MainProcess] Scheduler: Sending due task check-profile-heartbeats-every-minute (profiles.check_profile_heartbeats)
[2026-05-12 01:19:39,517: INFO/MainProcess] Scheduler: Sending due task check-profile-heartbeats-every-minute (profiles.check_profile_heartbeats)
[2026-05-12 01:20:04,227: INFO/MainProcess] Scheduler: Sending due task reconcile-stale-messages-every-minute (messaging.reconcile_stale_messages)
[2026-05-12 01:20:09,538: INFO/MainProcess] Scheduler: Sending due task check-profile-heartbeats-every-minute (profiles.check_profile_heartbeats)
[2026-05-12 01:20:39,561: INFO/MainProcess] Scheduler: Sending due task check-profile-heartbeats-every-minute (profiles.check_profile_heartbeats)
[2026-05-12 01:21:03,077: INFO/MainProcess] Scheduler: Sending due task sync-gologin-profiles-every-3-minutes (profiles.sync_gologin_profiles)
[2026-05-12 01:21:04,251: INFO/MainProcess] Scheduler: Sending due task reconcile-stale-messages-every-minute (messaging.reconcile_stale_messages)
[2026-05-12 01:21:09,582: INFO/MainProcess] Scheduler: Sending due task check-profile-heartbeats-every-minute (profiles.check_profile_heartbeats)
[2026-05-12 01:21:39,603: INFO/MainProcess] Scheduler: Sending due task check-profile-heartbeats-every-minute (profiles.check_profile_heartbeats)
[2026-05-12 01:22:04,277: INFO/MainProcess] Scheduler: Sending due task reconcile-stale-messages-every-minute (messaging.reconcile_stale_messages)
[2026-05-12 01:22:09,625: INFO/MainProcess] Scheduler: Sending due task check-profile-heartbeats-every-minute (profiles.check_profile_heartbeats)
[2026-05-12 01:22:39,645: INFO/MainProcess] Scheduler: Sending due task check-profile-heartbeats-every-minute (profiles.check_profile_heartbeats)
[2026-05-12 01:23:04,302: INFO/MainProcess] Scheduler: Sending due task reconcile-stale-messages-every-minute (messaging.reconcile_stale_messages)
[2026-05-12 01:23:09,665: INFO/MainProcess] Scheduler: Sending due task check-profile-heartbeats-every-minute (profiles.check_profile_heartbeats)
[2026-05-12 01:23:39,685: INFO/MainProcess] Scheduler: Sending due task check-profile-heartbeats-every-minute (profiles.check_profile_heartbeats)
[2026-05-12 01:24:03,140: INFO/MainProcess] Scheduler: Sending due task sync-gologin-profiles-every-3-minutes (profiles.sync_gologin_profiles)
[2026-05-12 01:24:04,326: INFO/MainProcess] Scheduler: Sending due task reconcile-stale-messages-every-minute (messaging.reconcile_stale_messages)
[2026-05-12 01:24:09,706: INFO/MainProcess] Scheduler: Sending due task check-profile-heartbeats-every-minute (profiles.check_profile_heartbeats)
[2026-05-12 01:24:39,727: INFO/MainProcess] Scheduler: Sending due task check-profile-heartbeats-every-minute (profiles.check_profile_heartbeats)
[2026-05-12 01:25:04,351: INFO/MainProcess] Scheduler: Sending due task reconcile-stale-messages-every-minute (messaging.reconcile_stale_messages)
[2026-05-12 01:25:09,748: INFO/MainProcess] Scheduler: Sending due task check-profile-heartbeats-every-minute (profiles.check_profile_heartbeats)
[2026-05-12 01:25:39,768: INFO/MainProcess] Scheduler: Sending due task check-profile-heartbeats-every-minute (profiles.check_profile_heartbeats)
[2026-05-12 01:26:04,374: INFO/MainProcess] Scheduler: Sending due task reconcile-stale-messages-every-minute (messaging.reconcile_stale_messages)
[2026-05-12 01:26:09,788: INFO/MainProcess] Scheduler: Sending due task check-profile-heartbeats-every-minute (profiles.check_profile_heartbeats)
[2026-05-12 01:26:39,809: INFO/MainProcess] Scheduler: Sending due task check-profile-heartbeats-every-minute (profiles.check_profile_heartbeats)
[2026-05-12 01:27:03,197: INFO/MainProcess] Scheduler: Sending due task sync-gologin-profiles-every-3-minutes (profiles.sync_gologin_profiles)
[2026-05-12 01:27:04,399: INFO/MainProcess] Scheduler: Sending due task reconcile-stale-messages-every-minute (messaging.reconcile_stale_messages)
[2026-05-12 01:27:09,829: INFO/MainProcess] Scheduler: Sending due task check-profile-heartbeats-every-minute (profiles.check_profile_heartbeats)
[2026-05-12 01:27:39,852: INFO/MainProcess] Scheduler: Sending due task check-profile-heartbeats-every-minute (profiles.check_profile_heartbeats)
[2026-05-12 01:28:04,423: INFO/MainProcess] Scheduler: Sending due task reconcile-stale-messages-every-minute (messaging.reconcile_stale_messages)
[2026-05-12 01:28:09,983: INFO/MainProcess] Scheduler: Sending due task check-profile-heartbeats-every-minute (profiles.check_profile_heartbeats)
[2026-05-12 01:28:40,004: INFO/MainProcess] Scheduler: Sending due task check-profile-heartbeats-every-minute (profiles.check_profile_heartbeats)
[2026-05-12 01:29:04,444: INFO/MainProcess] Scheduler: Sending due task reconcile-stale-messages-every-minute (messaging.reconcile_stale_messages)
[2026-05-12 01:29:10,024: INFO/MainProcess] Scheduler: Sending due task check-profile-heartbeats-every-minute (profiles.check_profile_heartbeats)
[2026-05-12 01:29:40,045: INFO/MainProcess] Scheduler: Sending due task check-profile-heartbeats-every-minute (profiles.check_profile_heartbeats)
[2026-05-12 01:30:03,252: INFO/MainProcess] Scheduler: Sending due task sync-gologin-profiles-every-3-minutes (profiles.sync_gologin_profiles)
[2026-05-12 01:30:04,468: INFO/MainProcess] Scheduler: Sending due task reconcile-stale-messages-every-minute (messaging.reconcile_stale_messages)
[2026-05-12 01:30:10,064: INFO/MainProcess] Scheduler: Sending due task check-profile-heartbeats-every-minute (profiles.check_profile_heartbeats)
[2026-05-12 01:30:40,085: INFO/MainProcess] Scheduler: Sending due task check-profile-heartbeats-every-minute (profiles.check_profile_heartbeats)
[2026-05-12 01:31:04,492: INFO/MainProcess] Scheduler: Sending due task reconcile-stale-messages-every-minute (messaging.reconcile_stale_messages)
[2026-05-12 01:31:10,105: INFO/MainProcess] Scheduler: Sending due task check-profile-heartbeats-every-minute (profiles.check_profile_heartbeats)
[2026-05-12 01:31:40,126: INFO/MainProcess] Scheduler: Sending due task check-profile-heartbeats-every-minute (profiles.check_profile_heartbeats)
[2026-05-12 01:32:04,516: INFO/MainProcess] Scheduler: Sending due task reconcile-stale-messages-every-minute (messaging.reconcile_stale_messages)
[2026-05-12 01:32:10,147: INFO/MainProcess] Scheduler: Sending due task check-profile-heartbeats-every-minute (profiles.check_profile_heartbeats)
[2026-05-12 01:32:40,168: INFO/MainProcess] Scheduler: Sending due task check-profile-heartbeats-every-minute (profiles.check_profile_heartbeats)
[2026-05-12 01:33:03,314: INFO/MainProcess] Scheduler: Sending due task sync-gologin-profiles-every-3-minutes (profiles.sync_gologin_profiles)
[2026-05-12 01:33:04,540: INFO/MainProcess] Scheduler: Sending due task reconcile-stale-messages-every-minute (messaging.reconcile_stale_messages)
[2026-05-12 01:33:10,189: INFO/MainProcess] Scheduler: Sending due task check-profile-heartbeats-every-minute (profiles.check_profile_heartbeats)
[2026-05-12 01:33:40,210: INFO/MainProcess] Scheduler: Sending due task check-profile-heartbeats-every-minute (profiles.check_profile_heartbeats)
[2026-05-12 01:34:04,564: INFO/MainProcess] Scheduler: Sending due task reconcile-stale-messages-every-minute (messaging.reconcile_stale_messages)
[2026-05-12 01:34:10,230: INFO/MainProcess] Scheduler: Sending due task check-profile-heartbeats-every-minute (profiles.check_profile_heartbeats)
[2026-05-12 01:34:40,251: INFO/MainProcess] Scheduler: Sending due task check-profile-heartbeats-every-minute (profiles.check_profile_heartbeats)
[2026-05-12 01:35:04,590: INFO/MainProcess] Scheduler: Sending due task reconcile-stale-messages-every-minute (messaging.reconcile_stale_messages)
[2026-05-12 01:35:10,272: INFO/MainProcess] Scheduler: Sending due task check-profile-heartbeats-every-minute (profiles.check_profile_heartbeats)
[2026-05-12 01:35:40,293: INFO/MainProcess] Scheduler: Sending due task check-profile-heartbeats-every-minute (profiles.check_profile_heartbeats)
[2026-05-12 01:36:03,372: INFO/MainProcess] Scheduler: Sending due task sync-gologin-profiles-every-3-minutes (profiles.sync_gologin_profiles)
[2026-05-12 01:36:04,616: INFO/MainProcess] Scheduler: Sending due task reconcile-stale-messages-every-minute (messaging.reconcile_stale_messages)
[2026-05-12 01:36:10,315: INFO/MainProcess] Scheduler: Sending due task check-profile-heartbeats-every-minute (profiles.check_profile_heartbeats)
[2026-05-12 01:36:40,336: INFO/MainProcess] Scheduler: Sending due task check-profile-heartbeats-every-minute (profiles.check_profile_heartbeats)
[2026-05-12 01:37:04,641: INFO/MainProcess] Scheduler: Sending due task reconcile-stale-messages-every-minute (messaging.reconcile_stale_messages)
[2026-05-12 01:37:10,369: INFO/MainProcess] Scheduler: Sending due task check-profile-heartbeats-every-minute (profiles.check_profile_heartbeats)
[2026-05-12 01:37:40,390: INFO/MainProcess] Scheduler: Sending due task check-profile-heartbeats-every-minute (profiles.check_profile_heartbeats)
[2026-05-12 01:38:04,664: INFO/MainProcess] Scheduler: Sending due task reconcile-stale-messages-every-minute (messaging.reconcile_stale_messages)
[2026-05-12 01:38:10,409: INFO/MainProcess] Scheduler: Sending due task check-profile-heartbeats-every-minute (profiles.check_profile_heartbeats)
[2026-05-12 01:38:40,431: INFO/MainProcess] Scheduler: Sending due task check-profile-heartbeats-every-minute (profiles.check_profile_heartbeats)
[2026-05-12 01:38:45,488: INFO/MainProcess] Scheduler: Sending due task send-followup-messages-every-hour (autoreply.send_followup_messages)
[2026-05-12 01:39:03,434: INFO/MainProcess] Scheduler: Sending due task sync-gologin-profiles-every-3-minutes (profiles.sync_gologin_profiles)
[2026-05-12 01:39:04,689: INFO/MainProcess] Scheduler: Sending due task reconcile-stale-messages-every-minute (messaging.reconcile_stale_messages)
[2026-05-12 01:39:10,452: INFO/MainProcess] Scheduler: Sending due task check-profile-heartbeats-every-minute (profiles.check_profile_heartbeats)
[2026-05-12 01:39:40,473: INFO/MainProcess] Scheduler: Sending due task check-profile-heartbeats-every-minute (profiles.check_profile_heartbeats)
[2026-05-12 01:40:04,712: INFO/MainProcess] Scheduler: Sending due task reconcile-stale-messages-every-minute (messaging.reconcile_stale_messages)
[2026-05-12 01:40:10,494: INFO/MainProcess] Scheduler: Sending due task check-profile-heartbeats-every-minute (profiles.check_profile_heartbeats)
[2026-05-12 01:40:40,515: INFO/MainProcess] Scheduler: Sending due task check-profile-heartbeats-every-minute (profiles.check_profile_heartbeats)
[2026-05-12 01:41:04,736: INFO/MainProcess] Scheduler: Sending due task reconcile-stale-messages-every-minute (messaging.reconcile_stale_messages)
[2026-05-12 01:41:10,535: INFO/MainProcess] Scheduler: Sending due task check-profile-heartbeats-every-minute (profiles.check_profile_heartbeats)
[2026-05-12 01:41:40,557: INFO/MainProcess] Scheduler: Sending due task check-profile-heartbeats-every-minute (profiles.check_profile_heartbeats)
[2026-05-12 01:42:03,492: INFO/MainProcess] Scheduler: Sending due task sync-gologin-profiles-every-3-minutes (profiles.sync_gologin_profiles)
[2026-05-12 01:42:04,761: INFO/MainProcess] Scheduler: Sending due task reconcile-stale-messages-every-minute (messaging.reconcile_stale_messages)
[2026-05-12 01:42:10,577: INFO/MainProcess] Scheduler: Sending due task check-profile-heartbeats-every-minute (profiles.check_profile_heartbeats)
[2026-05-12 01:42:40,601: INFO/MainProcess] Scheduler: Sending due task check-profile-heartbeats-every-minute (profiles.check_profile_heartbeats)
[2026-05-12 01:43:04,787: INFO/MainProcess] Scheduler: Sending due task reconcile-stale-messages-every-minute (messaging.reconcile_stale_messages)
[2026-05-12 01:49:51,209: INFO/MainProcess] Scheduler: Sending due task reconcile-stale-messages-every-minute (messaging.reconcile_stale_messages)
[2026-05-12 01:49:51,254: INFO/MainProcess] Scheduler: Sending due task sync-gologin-profiles-every-3-minutes (profiles.sync_gologin_profiles)
[2026-05-12 01:49:51,296: INFO/MainProcess] Scheduler: Sending due task check-profile-heartbeats-every-minute (profiles.check_profile_heartbeats)
[2026-05-12 01:50:21,317: INFO/MainProcess] Scheduler: Sending due task check-profile-heartbeats-every-minute (profiles.check_profile_heartbeats)
[2026-05-12 01:50:51,230: INFO/MainProcess] Scheduler: Sending due task reconcile-stale-messages-every-minute (messaging.reconcile_stale_messages)
[2026-05-12 01:50:51,338: INFO/MainProcess] Scheduler: Sending due task check-profile-heartbeats-every-minute (profiles.check_profile_heartbeats)
[2026-05-12 01:51:21,357: INFO/MainProcess] Scheduler: Sending due task check-profile-heartbeats-every-minute (profiles.check_profile_heartbeats)
[2026-05-12 01:51:51,251: INFO/MainProcess] Scheduler: Sending due task reconcile-stale-messages-every-minute (messaging.reconcile_stale_messages)
[2026-05-12 01:51:51,379: INFO/MainProcess] Scheduler: Sending due task check-profile-heartbeats-every-minute (profiles.check_profile_heartbeats)
[2026-05-12 01:52:21,400: INFO/MainProcess] Scheduler: Sending due task check-profile-heartbeats-every-minute (profiles.check_profile_heartbeats)
[2026-05-12 01:52:51,378: INFO/MainProcess] Scheduler: Sending due task reconcile-stale-messages-every-minute (messaging.reconcile_stale_messages)
[2026-05-12 01:52:51,438: INFO/MainProcess] Scheduler: Sending due task sync-gologin-profiles-every-3-minutes (profiles.sync_gologin_profiles)
[2026-05-12 01:52:51,494: INFO/MainProcess] Scheduler: Sending due task check-profile-heartbeats-every-minute (profiles.check_profile_heartbeats)
[2026-05-12 01:53:21,544: INFO/MainProcess] Scheduler: Sending due task check-profile-heartbeats-every-minute (profiles.check_profile_heartbeats)
[2026-05-12 01:53:51,423: INFO/MainProcess] Scheduler: Sending due task reconcile-stale-messages-every-minute (messaging.reconcile_stale_messages)
[2026-05-12 01:53:51,592: INFO/MainProcess] Scheduler: Sending due task check-profile-heartbeats-every-minute (profiles.check_profile_heartbeats)
[2026-05-12 01:54:21,633: INFO/MainProcess] Scheduler: Sending due task check-profile-heartbeats-every-minute (profiles.check_profile_heartbeats)
[2026-05-12 01:54:51,677: INFO/MainProcess] Scheduler: Sending due task reconcile-stale-messages-every-minute (messaging.reconcile_stale_messages)
[2026-05-12 01:54:51,732: INFO/MainProcess] Scheduler: Sending due task check-profile-heartbeats-every-minute (profiles.check_profile_heartbeats)
[2026-05-12 01:55:21,784: INFO/MainProcess] Scheduler: Sending due task check-profile-heartbeats-every-minute (profiles.check_profile_heartbeats)
[2026-05-12 01:55:51,562: INFO/MainProcess] Scheduler: Sending due task sync-gologin-profiles-every-3-minutes (profiles.sync_gologin_profiles)
[2026-05-12 01:55:51,735: INFO/MainProcess] Scheduler: Sending due task reconcile-stale-messages-every-minute (messaging.reconcile_stale_messages)
[2026-05-12 01:55:51,797: INFO/MainProcess] Scheduler: Sending due task check-profile-heartbeats-every-minute (profiles.check_profile_heartbeats)
[2026-05-12 01:56:21,851: INFO/MainProcess] Scheduler: Sending due task check-profile-heartbeats-every-minute (profiles.check_profile_heartbeats)
[2026-05-12 01:56:51,784: INFO/MainProcess] Scheduler: Sending due task reconcile-stale-messages-every-minute (messaging.reconcile_stale_messages)
[2026-05-12 01:56:51,895: INFO/MainProcess] Scheduler: Sending due task check-profile-heartbeats-every-minute (profiles.check_profile_heartbeats)
[2026-05-12 01:57:21,941: INFO/MainProcess] Scheduler: Sending due task check-profile-heartbeats-every-minute (profiles.check_profile_heartbeats)
[2026-05-12 01:57:51,825: INFO/MainProcess] Scheduler: Sending due task reconcile-stale-messages-every-minute (messaging.reconcile_stale_messages)
[2026-05-12 01:57:51,979: INFO/MainProcess] Scheduler: Sending due task check-profile-heartbeats-every-minute (profiles.check_profile_heartbeats)
[2026-05-12 01:58:22,007: INFO/MainProcess] Scheduler: Sending due task check-profile-heartbeats-every-minute (profiles.check_profile_heartbeats)
[2026-05-12 01:58:51,648: INFO/MainProcess] Scheduler: Sending due task sync-gologin-profiles-every-3-minutes (profiles.sync_gologin_profiles)
[2026-05-12 01:58:51,857: INFO/MainProcess] Scheduler: Sending due task reconcile-stale-messages-every-minute (messaging.reconcile_stale_messages)
[2026-05-12 01:58:52,039: INFO/MainProcess] Scheduler: Sending due task check-profile-heartbeats-every-minute (profiles.check_profile_heartbeats)
[2026-05-12 01:59:22,179: INFO/MainProcess] Scheduler: Sending due task check-profile-heartbeats-every-minute (profiles.check_profile_heartbeats)
[2026-05-12 01:59:52,049: INFO/MainProcess] Scheduler: Sending due task reconcile-stale-messages-every-minute (messaging.reconcile_stale_messages)
[2026-05-12 01:59:52,206: INFO/MainProcess] Scheduler: Sending due task check-profile-heartbeats-every-minute (profiles.check_profile_heartbeats)
[2026-05-12 02:00:22,255: INFO/MainProcess] Scheduler: Sending due task check-profile-heartbeats-every-minute (profiles.check_profile_heartbeats)
[2026-05-12 02:00:52,090: INFO/MainProcess] Scheduler: Sending due task reconcile-stale-messages-every-minute (messaging.reconcile_stale_messages)
[2026-05-12 02:00:52,294: INFO/MainProcess] Scheduler: Sending due task check-profile-heartbeats-every-minute (profiles.check_profile_heartbeats)
[2026-05-12 02:01:22,344: INFO/MainProcess] Scheduler: Sending due task check-profile-heartbeats-every-minute (profiles.check_profile_heartbeats)
[2026-05-12 02:01:51,774: INFO/MainProcess] Scheduler: Sending due task sync-gologin-profiles-every-3-minutes (profiles.sync_gologin_profiles)
[2026-05-12 02:01:52,132: INFO/MainProcess] Scheduler: Sending due task reconcile-stale-messages-every-minute (messaging.reconcile_stale_messages)
[2026-05-12 02:01:52,384: INFO/MainProcess] Scheduler: Sending due task check-profile-heartbeats-every-minute (profiles.check_profile_heartbeats)
[2026-05-12 02:02:22,431: INFO/MainProcess] Scheduler: Sending due task check-profile-heartbeats-every-minute (profiles.check_profile_heartbeats)
[2026-05-12 02:02:52,179: INFO/MainProcess] Scheduler: Sending due task reconcile-stale-messages-every-minute (messaging.reconcile_stale_messages)
[2026-05-12 02:02:52,469: INFO/MainProcess] Scheduler: Sending due task check-profile-heartbeats-every-minute (profiles.check_profile_heartbeats)
[2026-05-12 02:03:22,520: INFO/MainProcess] Scheduler: Sending due task check-profile-heartbeats-every-minute (profiles.check_profile_heartbeats)
[2026-05-12 02:03:52,230: INFO/MainProcess] Scheduler: Sending due task reconcile-stale-messages-every-minute (messaging.reconcile_stale_messages)
[2026-05-12 02:03:52,570: INFO/MainProcess] Scheduler: Sending due task check-profile-heartbeats-every-minute (profiles.check_profile_heartbeats)
[2026-05-12 02:04:22,620: INFO/MainProcess] Scheduler: Sending due task check-profile-heartbeats-every-minute (profiles.check_profile_heartbeats)
[2026-05-12 02:04:51,900: INFO/MainProcess] Scheduler: Sending due task sync-gologin-profiles-every-3-minutes (profiles.sync_gologin_profiles)
[2026-05-12 02:04:52,275: INFO/MainProcess] Scheduler: Sending due task reconcile-stale-messages-every-minute (messaging.reconcile_stale_messages)
[2026-05-12 02:04:52,668: INFO/MainProcess] Scheduler: Sending due task check-profile-heartbeats-every-minute (profiles.check_profile_heartbeats)
[2026-05-12 02:05:22,709: INFO/MainProcess] Scheduler: Sending due task check-profile-heartbeats-every-minute (profiles.check_profile_heartbeats)
[2026-05-12 02:05:52,320: INFO/MainProcess] Scheduler: Sending due task reconcile-stale-messages-every-minute (messaging.reconcile_stale_messages)
[2026-05-12 02:05:52,770: INFO/MainProcess] Scheduler: Sending due task check-profile-heartbeats-every-minute (profiles.check_profile_heartbeats)
[2026-05-12 02:06:22,812: INFO/MainProcess] Scheduler: Sending due task check-profile-heartbeats-every-minute (profiles.check_profile_heartbeats)
[2026-05-12 02:06:52,368: INFO/MainProcess] Scheduler: Sending due task reconcile-stale-messages-every-minute (messaging.reconcile_stale_messages)
[2026-05-12 02:06:52,855: INFO/MainProcess] Scheduler: Sending due task check-profile-heartbeats-every-minute (profiles.check_profile_heartbeats)
[2026-05-12 02:07:22,899: INFO/MainProcess] Scheduler: Sending due task check-profile-heartbeats-every-minute (profiles.check_profile_heartbeats)
[2026-05-12 02:07:52,029: INFO/MainProcess] Scheduler: Sending due task sync-gologin-profiles-every-3-minutes (profiles.sync_gologin_profiles)
[2026-05-12 02:07:52,421: INFO/MainProcess] Scheduler: Sending due task reconcile-stale-messages-every-minute (messaging.reconcile_stale_messages)
[2026-05-12 02:07:52,950: INFO/MainProcess] Scheduler: Sending due task check-profile-heartbeats-every-minute (profiles.check_profile_heartbeats)
[2026-05-12 02:08:22,991: INFO/MainProcess] Scheduler: Sending due task check-profile-heartbeats-every-minute (profiles.check_profile_heartbeats)
[2026-05-12 02:08:52,466: INFO/MainProcess] Scheduler: Sending due task reconcile-stale-messages-every-minute (messaging.reconcile_stale_messages)
[2026-05-12 02:08:53,035: INFO/MainProcess] Scheduler: Sending due task check-profile-heartbeats-every-minute (profiles.check_profile_heartbeats)
[2026-05-12 02:09:23,080: INFO/MainProcess] Scheduler: Sending due task check-profile-heartbeats-every-minute (profiles.check_profile_heartbeats)
[2026-05-12 02:09:52,691: INFO/MainProcess] Scheduler: Sending due task reconcile-stale-messages-every-minute (messaging.reconcile_stale_messages)
[2026-05-12 02:09:53,125: INFO/MainProcess] Scheduler: Sending due task check-profile-heartbeats-every-minute (profiles.check_profile_heartbeats)
[2026-05-12 02:10:23,167: INFO/MainProcess] Scheduler: Sending due task check-profile-heartbeats-every-minute (profiles.check_profile_heartbeats)
[2026-05-12 02:10:52,152: INFO/MainProcess] Scheduler: Sending due task sync-gologin-profiles-every-3-minutes (profiles.sync_gologin_profiles)
[2026-05-12 02:10:52,740: INFO/MainProcess] Scheduler: Sending due task reconcile-stale-messages-every-minute (messaging.reconcile_stale_messages)
[2026-05-12 02:10:53,208: INFO/MainProcess] Scheduler: Sending due task check-profile-heartbeats-every-minute (profiles.check_profile_heartbeats)
[2026-05-12 02:11:23,256: INFO/MainProcess] Scheduler: Sending due task check-profile-heartbeats-every-minute (profiles.check_profile_heartbeats)
[2026-05-12 02:11:52,784: INFO/MainProcess] Scheduler: Sending due task reconcile-stale-messages-every-minute (messaging.reconcile_stale_messages)
[2026-05-12 02:11:53,306: INFO/MainProcess] Scheduler: Sending due task check-profile-heartbeats-every-minute (profiles.check_profile_heartbeats)
[2026-05-12 02:12:23,355: INFO/MainProcess] Scheduler: Sending due task check-profile-heartbeats-every-minute (profiles.check_profile_heartbeats)
[2026-05-12 02:12:52,841: INFO/MainProcess] Scheduler: Sending due task reconcile-stale-messages-every-minute (messaging.reconcile_stale_messages)
[2026-05-12 02:12:53,403: INFO/MainProcess] Scheduler: Sending due task check-profile-heartbeats-every-minute (profiles.check_profile_heartbeats)
[2026-05-12 02:13:23,454: INFO/MainProcess] Scheduler: Sending due task check-profile-heartbeats-every-minute (profiles.check_profile_heartbeats)
[2026-05-12 02:13:52,273: INFO/MainProcess] Scheduler: Sending due task sync-gologin-profiles-every-3-minutes (profiles.sync_gologin_profiles)
[2026-05-12 02:13:52,889: INFO/MainProcess] Scheduler: Sending due task reconcile-stale-messages-every-minute (messaging.reconcile_stale_messages)
[2026-05-12 02:13:53,507: INFO/MainProcess] Scheduler: Sending due task check-profile-heartbeats-every-minute (profiles.check_profile_heartbeats)
[2026-05-12 02:14:23,552: INFO/MainProcess] Scheduler: Sending due task check-profile-heartbeats-every-minute (profiles.check_profile_heartbeats)
[2026-05-12 02:14:53,264: INFO/MainProcess] Scheduler: Sending due task reconcile-stale-messages-every-minute (messaging.reconcile_stale_messages)
[2026-05-12 02:14:53,595: INFO/MainProcess] Scheduler: Sending due task check-profile-heartbeats-every-minute (profiles.check_profile_heartbeats)
[2026-05-12 02:15:23,672: INFO/MainProcess] Scheduler: Sending due task check-profile-heartbeats-every-minute (profiles.check_profile_heartbeats)
[2026-05-12 02:15:53,317: INFO/MainProcess] Scheduler: Sending due task reconcile-stale-messages-every-minute (messaging.reconcile_stale_messages)
[2026-05-12 02:15:53,717: INFO/MainProcess] Scheduler: Sending due task check-profile-heartbeats-every-minute (profiles.check_profile_heartbeats)
[2026-05-12 02:16:23,757: INFO/MainProcess] Scheduler: Sending due task check-profile-heartbeats-every-minute (profiles.check_profile_heartbeats)
[2026-05-12 02:16:52,397: INFO/MainProcess] Scheduler: Sending due task sync-gologin-profiles-every-3-minutes (profiles.sync_gologin_profiles)
[2026-05-12 02:16:53,364: INFO/MainProcess] Scheduler: Sending due task reconcile-stale-messages-every-minute (messaging.reconcile_stale_messages)
[2026-05-12 02:16:53,802: INFO/MainProcess] Scheduler: Sending due task check-profile-heartbeats-every-minute (profiles.check_profile_heartbeats)
[2026-05-12 02:17:23,851: INFO/MainProcess] Scheduler: Sending due task check-profile-heartbeats-every-minute (profiles.check_profile_heartbeats)
[2026-05-12 02:17:53,407: INFO/MainProcess] Scheduler: Sending due task reconcile-stale-messages-every-minute (messaging.reconcile_stale_messages)
[2026-05-12 02:17:53,893: INFO/MainProcess] Scheduler: Sending due task check-profile-heartbeats-every-minute (profiles.check_profile_heartbeats)
[2026-05-12 02:18:23,938: INFO/MainProcess] Scheduler: Sending due task check-profile-heartbeats-every-minute (profiles.check_profile_heartbeats)
[2026-05-12 02:18:53,453: INFO/MainProcess] Scheduler: Sending due task reconcile-stale-messages-every-minute (messaging.reconcile_stale_messages)
[2026-05-12 02:18:53,981: INFO/MainProcess] Scheduler: Sending due task check-profile-heartbeats-every-minute (profiles.check_profile_heartbeats)
[2026-05-12 02:19:24,026: INFO/MainProcess] Scheduler: Sending due task check-profile-heartbeats-every-minute (profiles.check_profile_heartbeats)
[2026-05-12 02:19:52,515: INFO/MainProcess] Scheduler: Sending due task sync-gologin-profiles-every-3-minutes (profiles.sync_gologin_profiles)
[2026-05-12 02:19:53,772: INFO/MainProcess] Scheduler: Sending due task reconcile-stale-messages-every-minute (messaging.reconcile_stale_messages)
[2026-05-12 02:19:54,069: INFO/MainProcess] Scheduler: Sending due task check-profile-heartbeats-every-minute (profiles.check_profile_heartbeats)
[2026-05-12 02:20:24,126: INFO/MainProcess] Scheduler: Sending due task check-profile-heartbeats-every-minute (profiles.check_profile_heartbeats)
[2026-05-12 02:20:53,815: INFO/MainProcess] Scheduler: Sending due task reconcile-stale-messages-every-minute (messaging.reconcile_stale_messages)
[2026-05-12 02:20:54,169: INFO/MainProcess] Scheduler: Sending due task check-profile-heartbeats-every-minute (profiles.check_profile_heartbeats)
[2026-05-12 02:21:24,219: INFO/MainProcess] Scheduler: Sending due task check-profile-heartbeats-every-minute (profiles.check_profile_heartbeats)
[2026-05-12 02:57:42,588: INFO/MainProcess] beat: Starting...
[2026-05-12 02:57:42,780: INFO/MainProcess] DatabaseScheduler: Schedule changed.
[2026-05-12 02:57:44,935: INFO/MainProcess] Scheduler: Sending due task check-profile-heartbeats-every-minute (profiles.check_profile_heartbeats)
[2026-05-12 02:57:47,063: INFO/MainProcess] Scheduler: Sending due task sync-gologin-profiles-every-3-minutes (profiles.sync_gologin_profiles)
[2026-05-12 02:57:47,094: INFO/MainProcess] Scheduler: Sending due task check-profile-heartbeats-every-15s (profiles.check_profile_heartbeats)
[2026-05-12 02:57:47,238: INFO/MainProcess] Scheduler: Sending due task cleanup-stale-runtimes-every-10s (profiles.cleanup_stale_runtimes)
[2026-05-12 02:57:47,267: INFO/MainProcess] Scheduler: Sending due task reconcile-stale-messages-every-minute (messaging.reconcile_stale_messages)
[2026-05-12 02:57:57,259: INFO/MainProcess] Scheduler: Sending due task cleanup-stale-runtimes-every-10s (profiles.cleanup_stale_runtimes)
[2026-05-12 02:58:02,113: INFO/MainProcess] Scheduler: Sending due task check-profile-heartbeats-every-15s (profiles.check_profile_heartbeats)
[2026-05-12 02:58:07,280: INFO/MainProcess] Scheduler: Sending due task cleanup-stale-runtimes-every-10s (profiles.cleanup_stale_runtimes)
[2026-05-12 02:58:12,930: INFO/MainProcess] Scheduler: Sending due task check-profile-heartbeats-every-minute (profiles.check_profile_heartbeats)
[2026-05-12 02:58:17,133: INFO/MainProcess] Scheduler: Sending due task check-profile-heartbeats-every-15s (profiles.check_profile_heartbeats)
[2026-05-12 02:58:17,300: INFO/MainProcess] Scheduler: Sending due task cleanup-stale-runtimes-every-10s (profiles.cleanup_stale_runtimes)
[2026-05-12 02:58:27,320: INFO/MainProcess] Scheduler: Sending due task cleanup-stale-runtimes-every-10s (profiles.cleanup_stale_runtimes)
[2026-05-12 02:58:32,154: INFO/MainProcess] Scheduler: Sending due task check-profile-heartbeats-every-15s (profiles.check_profile_heartbeats)
[2026-05-12 02:58:37,341: INFO/MainProcess] Scheduler: Sending due task cleanup-stale-runtimes-every-10s (profiles.cleanup_stale_runtimes)
[2026-05-12 02:58:42,950: INFO/MainProcess] Scheduler: Sending due task check-profile-heartbeats-every-minute (profiles.check_profile_heartbeats)
[2026-05-12 02:58:47,175: INFO/MainProcess] Scheduler: Sending due task check-profile-heartbeats-every-15s (profiles.check_profile_heartbeats)
[2026-05-12 02:58:47,288: INFO/MainProcess] Scheduler: Sending due task reconcile-stale-messages-every-minute (messaging.reconcile_stale_messages)
[2026-05-12 02:58:47,361: INFO/MainProcess] Scheduler: Sending due task cleanup-stale-runtimes-every-10s (profiles.cleanup_stale_runtimes)
[2026-05-12 02:58:57,380: INFO/MainProcess] Scheduler: Sending due task cleanup-stale-runtimes-every-10s (profiles.cleanup_stale_runtimes)
[2026-05-12 02:59:02,196: INFO/MainProcess] Scheduler: Sending due task check-profile-heartbeats-every-15s (profiles.check_profile_heartbeats)
[2026-05-12 02:59:07,401: INFO/MainProcess] Scheduler: Sending due task cleanup-stale-runtimes-every-10s (profiles.cleanup_stale_runtimes)
[2026-05-12 02:59:12,970: INFO/MainProcess] Scheduler: Sending due task check-profile-heartbeats-every-minute (profiles.check_profile_heartbeats)
[2026-05-12 02:59:17,216: INFO/MainProcess] Scheduler: Sending due task check-profile-heartbeats-every-15s (profiles.check_profile_heartbeats)
[2026-05-12 02:59:17,420: INFO/MainProcess] Scheduler: Sending due task cleanup-stale-runtimes-every-10s (profiles.cleanup_stale_runtimes)
[2026-05-12 02:59:27,441: INFO/MainProcess] Scheduler: Sending due task cleanup-stale-runtimes-every-10s (profiles.cleanup_stale_runtimes)
[2026-05-12 02:59:32,235: INFO/MainProcess] Scheduler: Sending due task check-profile-heartbeats-every-15s (profiles.check_profile_heartbeats)
[2026-05-12 02:59:37,460: INFO/MainProcess] Scheduler: Sending due task cleanup-stale-runtimes-every-10s (profiles.cleanup_stale_runtimes)
[2026-05-12 02:59:42,990: INFO/MainProcess] Scheduler: Sending due task check-profile-heartbeats-every-minute (profiles.check_profile_heartbeats)
[2026-05-12 02:59:47,255: INFO/MainProcess] Scheduler: Sending due task check-profile-heartbeats-every-15s (profiles.check_profile_heartbeats)
[2026-05-12 02:59:47,314: INFO/MainProcess] Scheduler: Sending due task reconcile-stale-messages-every-minute (messaging.reconcile_stale_messages)
[2026-05-12 02:59:47,481: INFO/MainProcess] Scheduler: Sending due task cleanup-stale-runtimes-every-10s (profiles.cleanup_stale_runtimes)
[2026-05-12 02:59:57,502: INFO/MainProcess] Scheduler: Sending due task cleanup-stale-runtimes-every-10s (profiles.cleanup_stale_runtimes)
[2026-05-12 03:00:02,275: INFO/MainProcess] Scheduler: Sending due task check-profile-heartbeats-every-15s (profiles.check_profile_heartbeats)
[2026-05-12 03:00:07,522: INFO/MainProcess] Scheduler: Sending due task cleanup-stale-runtimes-every-10s (profiles.cleanup_stale_runtimes)
[2026-05-12 03:00:13,010: INFO/MainProcess] Scheduler: Sending due task check-profile-heartbeats-every-minute (profiles.check_profile_heartbeats)
[2026-05-12 03:00:17,295: INFO/MainProcess] Scheduler: Sending due task check-profile-heartbeats-every-15s (profiles.check_profile_heartbeats)
[2026-05-12 03:00:17,542: INFO/MainProcess] Scheduler: Sending due task cleanup-stale-runtimes-every-10s (profiles.cleanup_stale_runtimes)
[2026-05-12 03:00:27,562: INFO/MainProcess] Scheduler: Sending due task cleanup-stale-runtimes-every-10s (profiles.cleanup_stale_runtimes)
[2026-05-12 03:00:32,315: INFO/MainProcess] Scheduler: Sending due task check-profile-heartbeats-every-15s (profiles.check_profile_heartbeats)
[2026-05-12 03:00:37,581: INFO/MainProcess] Scheduler: Sending due task cleanup-stale-runtimes-every-10s (profiles.cleanup_stale_runtimes)
[2026-05-12 03:00:43,032: INFO/MainProcess] Scheduler: Sending due task check-profile-heartbeats-every-minute (profiles.check_profile_heartbeats)
[2026-05-12 03:00:47,128: INFO/MainProcess] Scheduler: Sending due task sync-gologin-profiles-every-3-minutes (profiles.sync_gologin_profiles)
[2026-05-12 03:00:47,334: INFO/MainProcess] Scheduler: Sending due task reconcile-stale-messages-every-minute (messaging.reconcile_stale_messages)
[2026-05-12 03:00:47,365: INFO/MainProcess] Scheduler: Sending due task check-profile-heartbeats-every-15s (profiles.check_profile_heartbeats)
[2026-05-12 03:00:47,601: INFO/MainProcess] Scheduler: Sending due task cleanup-stale-runtimes-every-10s (profiles.cleanup_stale_runtimes)
[2026-05-12 03:00:57,622: INFO/MainProcess] Scheduler: Sending due task cleanup-stale-runtimes-every-10s (profiles.cleanup_stale_runtimes)
[2026-05-12 03:01:02,385: INFO/MainProcess] Scheduler: Sending due task check-profile-heartbeats-every-15s (profiles.check_profile_heartbeats)
[2026-05-12 03:01:07,643: INFO/MainProcess] Scheduler: Sending due task cleanup-stale-runtimes-every-10s (profiles.cleanup_stale_runtimes)
[2026-05-12 03:01:13,053: INFO/MainProcess] Scheduler: Sending due task check-profile-heartbeats-every-minute (profiles.check_profile_heartbeats)
[2026-05-12 03:01:17,405: INFO/MainProcess] Scheduler: Sending due task check-profile-heartbeats-every-15s (profiles.check_profile_heartbeats)
[2026-05-12 03:01:17,663: INFO/MainProcess] Scheduler: Sending due task cleanup-stale-runtimes-every-10s (profiles.cleanup_stale_runtimes)
[2026-05-12 03:01:27,683: INFO/MainProcess] Scheduler: Sending due task cleanup-stale-runtimes-every-10s (profiles.cleanup_stale_runtimes)
[2026-05-12 03:01:32,426: INFO/MainProcess] Scheduler: Sending due task check-profile-heartbeats-every-15s (profiles.check_profile_heartbeats)
[2026-05-12 03:01:37,702: INFO/MainProcess] Scheduler: Sending due task cleanup-stale-runtimes-every-10s (profiles.cleanup_stale_runtimes)
[2026-05-12 03:01:43,074: INFO/MainProcess] Scheduler: Sending due task check-profile-heartbeats-every-minute (profiles.check_profile_heartbeats)
[2026-05-12 03:01:47,356: INFO/MainProcess] Scheduler: Sending due task reconcile-stale-messages-every-minute (messaging.reconcile_stale_messages)
[2026-05-12 03:01:47,446: INFO/MainProcess] Scheduler: Sending due task check-profile-heartbeats-every-15s (profiles.check_profile_heartbeats)
[2026-05-12 03:01:47,724: INFO/MainProcess] Scheduler: Sending due task cleanup-stale-runtimes-every-10s (profiles.cleanup_stale_runtimes)
[2026-05-12 03:01:57,745: INFO/MainProcess] Scheduler: Sending due task cleanup-stale-runtimes-every-10s (profiles.cleanup_stale_runtimes)
[2026-05-12 03:02:02,466: INFO/MainProcess] Scheduler: Sending due task check-profile-heartbeats-every-15s (profiles.check_profile_heartbeats)
[2026-05-12 03:02:07,764: INFO/MainProcess] Scheduler: Sending due task cleanup-stale-runtimes-every-10s (profiles.cleanup_stale_runtimes)
[2026-05-12 03:02:13,095: INFO/MainProcess] Scheduler: Sending due task check-profile-heartbeats-every-minute (profiles.check_profile_heartbeats)
[2026-05-12 03:02:17,486: INFO/MainProcess] Scheduler: Sending due task check-profile-heartbeats-every-15s (profiles.check_profile_heartbeats)
[2026-05-12 03:02:17,785: INFO/MainProcess] Scheduler: Sending due task cleanup-stale-runtimes-every-10s (profiles.cleanup_stale_runtimes)
[2026-05-12 03:02:27,805: INFO/MainProcess] Scheduler: Sending due task cleanup-stale-runtimes-every-10s (profiles.cleanup_stale_runtimes)
[2026-05-12 03:02:32,506: INFO/MainProcess] Scheduler: Sending due task check-profile-heartbeats-every-15s (profiles.check_profile_heartbeats)
[2026-05-12 03:02:37,935: INFO/MainProcess] Scheduler: Sending due task cleanup-stale-runtimes-every-10s (profiles.cleanup_stale_runtimes)
[2026-05-12 03:02:43,111: INFO/MainProcess] Scheduler: Sending due task check-profile-heartbeats-every-minute (profiles.check_profile_heartbeats)
[2026-05-12 03:02:47,376: INFO/MainProcess] Scheduler: Sending due task reconcile-stale-messages-every-minute (messaging.reconcile_stale_messages)
[2026-05-12 03:02:47,526: INFO/MainProcess] Scheduler: Sending due task check-profile-heartbeats-every-15s (profiles.check_profile_heartbeats)
[2026-05-12 03:02:47,956: INFO/MainProcess] Scheduler: Sending due task cleanup-stale-runtimes-every-10s (profiles.cleanup_stale_runtimes)
[2026-05-12 03:02:57,977: INFO/MainProcess] Scheduler: Sending due task cleanup-stale-runtimes-every-10s (profiles.cleanup_stale_runtimes)
[2026-05-12 03:03:02,548: INFO/MainProcess] Scheduler: Sending due task check-profile-heartbeats-every-15s (profiles.check_profile_heartbeats)
[2026-05-12 03:03:07,999: INFO/MainProcess] Scheduler: Sending due task cleanup-stale-runtimes-every-10s (profiles.cleanup_stale_runtimes)
[2026-05-12 03:03:13,130: INFO/MainProcess] Scheduler: Sending due task check-profile-heartbeats-every-minute (profiles.check_profile_heartbeats)
[2026-05-12 03:03:17,568: INFO/MainProcess] Scheduler: Sending due task check-profile-heartbeats-every-15s (profiles.check_profile_heartbeats)
[2026-05-12 03:03:18,019: INFO/MainProcess] Scheduler: Sending due task cleanup-stale-runtimes-every-10s (profiles.cleanup_stale_runtimes)
[2026-05-12 03:03:28,039: INFO/MainProcess] Scheduler: Sending due task cleanup-stale-runtimes-every-10s (profiles.cleanup_stale_runtimes)
[2026-05-12 03:03:32,588: INFO/MainProcess] Scheduler: Sending due task check-profile-heartbeats-every-15s (profiles.check_profile_heartbeats)
[2026-05-12 03:03:38,174: INFO/MainProcess] Scheduler: Sending due task cleanup-stale-runtimes-every-10s (profiles.cleanup_stale_runtimes)
[2026-05-12 03:03:43,150: INFO/MainProcess] Scheduler: Sending due task check-profile-heartbeats-every-minute (profiles.check_profile_heartbeats)
[2026-05-12 03:03:47,197: INFO/MainProcess] Scheduler: Sending due task sync-gologin-profiles-every-3-minutes (profiles.sync_gologin_profiles)
[2026-05-12 03:03:47,396: INFO/MainProcess] Scheduler: Sending due task reconcile-stale-messages-every-minute (messaging.reconcile_stale_messages)
[2026-05-12 03:03:47,608: INFO/MainProcess] Scheduler: Sending due task check-profile-heartbeats-every-15s (profiles.check_profile_heartbeats)
[2026-05-12 03:03:48,204: INFO/MainProcess] Scheduler: Sending due task cleanup-stale-runtimes-every-10s (profiles.cleanup_stale_runtimes)
[2026-05-12 03:03:58,225: INFO/MainProcess] Scheduler: Sending due task cleanup-stale-runtimes-every-10s (profiles.cleanup_stale_runtimes)
[2026-05-12 03:04:02,628: INFO/MainProcess] Scheduler: Sending due task check-profile-heartbeats-every-15s (profiles.check_profile_heartbeats)
[2026-05-12 03:04:08,245: INFO/MainProcess] Scheduler: Sending due task cleanup-stale-runtimes-every-10s (profiles.cleanup_stale_runtimes)
[2026-05-12 03:04:13,170: INFO/MainProcess] Scheduler: Sending due task check-profile-heartbeats-every-minute (profiles.check_profile_heartbeats)
[2026-05-12 03:04:17,648: INFO/MainProcess] Scheduler: Sending due task check-profile-heartbeats-every-15s (profiles.check_profile_heartbeats)
[2026-05-12 03:04:18,265: INFO/MainProcess] Scheduler: Sending due task cleanup-stale-runtimes-every-10s (profiles.cleanup_stale_runtimes)
[2026-05-12 03:04:28,285: INFO/MainProcess] Scheduler: Sending due task cleanup-stale-runtimes-every-10s (profiles.cleanup_stale_runtimes)
[2026-05-12 03:04:32,668: INFO/MainProcess] Scheduler: Sending due task check-profile-heartbeats-every-15s (profiles.check_profile_heartbeats)
[2026-05-12 03:04:38,305: INFO/MainProcess] Scheduler: Sending due task cleanup-stale-runtimes-every-10s (profiles.cleanup_stale_runtimes)
[2026-05-12 03:04:43,192: INFO/MainProcess] Scheduler: Sending due task check-profile-heartbeats-every-minute (profiles.check_profile_heartbeats)
[2026-05-12 03:04:47,417: INFO/MainProcess] Scheduler: Sending due task reconcile-stale-messages-every-minute (messaging.reconcile_stale_messages)
[2026-05-12 03:04:47,688: INFO/MainProcess] Scheduler: Sending due task check-profile-heartbeats-every-15s (profiles.check_profile_heartbeats)
[2026-05-12 03:04:48,326: INFO/MainProcess] Scheduler: Sending due task cleanup-stale-runtimes-every-10s (profiles.cleanup_stale_runtimes)
[2026-05-12 03:04:58,346: INFO/MainProcess] Scheduler: Sending due task cleanup-stale-runtimes-every-10s (profiles.cleanup_stale_runtimes)
[2026-05-12 03:05:02,709: INFO/MainProcess] Scheduler: Sending due task check-profile-heartbeats-every-15s (profiles.check_profile_heartbeats)
[2026-05-12 03:05:08,367: INFO/MainProcess] Scheduler: Sending due task cleanup-stale-runtimes-every-10s (profiles.cleanup_stale_runtimes)
[2026-05-12 03:05:13,213: INFO/MainProcess] Scheduler: Sending due task check-profile-heartbeats-every-minute (profiles.check_profile_heartbeats)
[2026-05-12 03:05:17,732: INFO/MainProcess] Scheduler: Sending due task check-profile-heartbeats-every-15s (profiles.check_profile_heartbeats)
[2026-05-12 03:05:18,388: INFO/MainProcess] Scheduler: Sending due task cleanup-stale-runtimes-every-10s (profiles.cleanup_stale_runtimes)
[2026-05-12 03:05:28,409: INFO/MainProcess] Scheduler: Sending due task cleanup-stale-runtimes-every-10s (profiles.cleanup_stale_runtimes)
[2026-05-12 03:05:32,752: INFO/MainProcess] Scheduler: Sending due task check-profile-heartbeats-every-15s (profiles.check_profile_heartbeats)
[2026-05-12 03:05:38,432: INFO/MainProcess] Scheduler: Sending due task cleanup-stale-runtimes-every-10s (profiles.cleanup_stale_runtimes)
[2026-05-12 03:05:43,234: INFO/MainProcess] Scheduler: Sending due task check-profile-heartbeats-every-minute (profiles.check_profile_heartbeats)
[2026-05-12 03:05:47,438: INFO/MainProcess] Scheduler: Sending due task reconcile-stale-messages-every-minute (messaging.reconcile_stale_messages)
[2026-05-12 03:05:47,876: INFO/MainProcess] Scheduler: Sending due task check-profile-heartbeats-every-15s (profiles.check_profile_heartbeats)
[2026-05-12 03:05:48,452: INFO/MainProcess] Scheduler: Sending due task cleanup-stale-runtimes-every-10s (profiles.cleanup_stale_runtimes)
[2026-05-12 03:05:58,474: INFO/MainProcess] Scheduler: Sending due task cleanup-stale-runtimes-every-10s (profiles.cleanup_stale_runtimes)
[2026-05-12 03:06:02,897: INFO/MainProcess] Scheduler: Sending due task check-profile-heartbeats-every-15s (profiles.check_profile_heartbeats)
[2026-05-12 03:06:08,501: INFO/MainProcess] Scheduler: Sending due task cleanup-stale-runtimes-every-10s (profiles.cleanup_stale_runtimes)
[2026-05-12 03:06:13,255: INFO/MainProcess] Scheduler: Sending due task check-profile-heartbeats-every-minute (profiles.check_profile_heartbeats)
[2026-05-12 03:06:17,917: INFO/MainProcess] Scheduler: Sending due task check-profile-heartbeats-every-15s (profiles.check_profile_heartbeats)
[2026-05-12 03:06:18,522: INFO/MainProcess] Scheduler: Sending due task cleanup-stale-runtimes-every-10s (profiles.cleanup_stale_runtimes)
[2026-05-12 03:06:28,542: INFO/MainProcess] Scheduler: Sending due task cleanup-stale-runtimes-every-10s (profiles.cleanup_stale_runtimes)
[2026-05-12 03:06:32,937: INFO/MainProcess] Scheduler: Sending due task check-profile-heartbeats-every-15s (profiles.check_profile_heartbeats)
[2026-05-12 03:06:38,562: INFO/MainProcess] Scheduler: Sending due task cleanup-stale-runtimes-every-10s (profiles.cleanup_stale_runtimes)
[2026-05-12 03:06:43,276: INFO/MainProcess] Scheduler: Sending due task check-profile-heartbeats-every-minute (profiles.check_profile_heartbeats)
[2026-05-12 03:06:47,263: INFO/MainProcess] Scheduler: Sending due task sync-gologin-profiles-every-3-minutes (profiles.sync_gologin_profiles)
[2026-05-12 03:06:47,459: INFO/MainProcess] Scheduler: Sending due task reconcile-stale-messages-every-minute (messaging.reconcile_stale_messages)
[2026-05-12 03:06:47,960: INFO/MainProcess] Scheduler: Sending due task check-profile-heartbeats-every-15s (profiles.check_profile_heartbeats)
[2026-05-12 03:06:48,583: INFO/MainProcess] Scheduler: Sending due task cleanup-stale-runtimes-every-10s (profiles.cleanup_stale_runtimes)
[2026-05-12 03:06:58,604: INFO/MainProcess] Scheduler: Sending due task cleanup-stale-runtimes-every-10s (profiles.cleanup_stale_runtimes)
[2026-05-12 03:07:02,981: INFO/MainProcess] Scheduler: Sending due task check-profile-heartbeats-every-15s (profiles.check_profile_heartbeats)
[2026-05-12 03:07:08,623: INFO/MainProcess] Scheduler: Sending due task cleanup-stale-runtimes-every-10s (profiles.cleanup_stale_runtimes)
[2026-05-12 03:07:13,295: INFO/MainProcess] Scheduler: Sending due task check-profile-heartbeats-every-minute (profiles.check_profile_heartbeats)
[2026-05-12 03:07:18,001: INFO/MainProcess] Scheduler: Sending due task check-profile-heartbeats-every-15s (profiles.check_profile_heartbeats)
[2026-05-12 03:07:18,643: INFO/MainProcess] Scheduler: Sending due task cleanup-stale-runtimes-every-10s (profiles.cleanup_stale_runtimes)
[2026-05-12 03:07:28,665: INFO/MainProcess] Scheduler: Sending due task cleanup-stale-runtimes-every-10s (profiles.cleanup_stale_runtimes)
[2026-05-12 03:07:33,023: INFO/MainProcess] Scheduler: Sending due task check-profile-heartbeats-every-15s (profiles.check_profile_heartbeats)
[2026-05-12 03:07:38,685: INFO/MainProcess] Scheduler: Sending due task cleanup-stale-runtimes-every-10s (profiles.cleanup_stale_runtimes)
[2026-05-12 03:07:43,424: INFO/MainProcess] Scheduler: Sending due task check-profile-heartbeats-every-minute (profiles.check_profile_heartbeats)
[2026-05-12 03:07:47,589: INFO/MainProcess] Scheduler: Sending due task reconcile-stale-messages-every-minute (messaging.reconcile_stale_messages)
[2026-05-12 03:07:48,042: INFO/MainProcess] Scheduler: Sending due task check-profile-heartbeats-every-15s (profiles.check_profile_heartbeats)
[2026-05-12 03:07:48,812: INFO/MainProcess] Scheduler: Sending due task cleanup-stale-runtimes-every-10s (profiles.cleanup_stale_runtimes)
[2026-05-12 03:07:58,832: INFO/MainProcess] Scheduler: Sending due task cleanup-stale-runtimes-every-10s (profiles.cleanup_stale_runtimes)
[2026-05-12 03:08:03,064: INFO/MainProcess] Scheduler: Sending due task check-profile-heartbeats-every-15s (profiles.check_profile_heartbeats)
[2026-05-12 03:08:08,854: INFO/MainProcess] Scheduler: Sending due task cleanup-stale-runtimes-every-10s (profiles.cleanup_stale_runtimes)
[2026-05-12 03:08:13,444: INFO/MainProcess] Scheduler: Sending due task check-profile-heartbeats-every-minute (profiles.check_profile_heartbeats)
[2026-05-12 03:08:18,085: INFO/MainProcess] Scheduler: Sending due task check-profile-heartbeats-every-15s (profiles.check_profile_heartbeats)
[2026-05-12 03:08:18,874: INFO/MainProcess] Scheduler: Sending due task cleanup-stale-runtimes-every-10s (profiles.cleanup_stale_runtimes)
[2026-05-12 03:08:28,895: INFO/MainProcess] Scheduler: Sending due task cleanup-stale-runtimes-every-10s (profiles.cleanup_stale_runtimes)
[2026-05-12 03:08:33,106: INFO/MainProcess] Scheduler: Sending due task check-profile-heartbeats-every-15s (profiles.check_profile_heartbeats)
[2026-05-12 03:08:38,917: INFO/MainProcess] Scheduler: Sending due task cleanup-stale-runtimes-every-10s (profiles.cleanup_stale_runtimes)
[2026-05-12 03:08:43,464: INFO/MainProcess] Scheduler: Sending due task check-profile-heartbeats-every-minute (profiles.check_profile_heartbeats)
[2026-05-12 03:08:47,609: INFO/MainProcess] Scheduler: Sending due task reconcile-stale-messages-every-minute (messaging.reconcile_stale_messages)
[2026-05-12 03:08:48,125: INFO/MainProcess] Scheduler: Sending due task check-profile-heartbeats-every-15s (profiles.check_profile_heartbeats)
[2026-05-12 03:08:48,936: INFO/MainProcess] Scheduler: Sending due task cleanup-stale-runtimes-every-10s (profiles.cleanup_stale_runtimes)
[2026-05-12 03:08:58,957: INFO/MainProcess] Scheduler: Sending due task cleanup-stale-runtimes-every-10s (profiles.cleanup_stale_runtimes)
[2026-05-12 03:09:03,144: INFO/MainProcess] Scheduler: Sending due task check-profile-heartbeats-every-15s (profiles.check_profile_heartbeats)
[2026-05-12 03:09:08,978: INFO/MainProcess] Scheduler: Sending due task cleanup-stale-runtimes-every-10s (profiles.cleanup_stale_runtimes)
[2026-05-12 03:09:13,484: INFO/MainProcess] Scheduler: Sending due task check-profile-heartbeats-every-minute (profiles.check_profile_heartbeats)
[2026-05-12 03:09:18,164: INFO/MainProcess] Scheduler: Sending due task check-profile-heartbeats-every-15s (profiles.check_profile_heartbeats)
[2026-05-12 03:09:18,999: INFO/MainProcess] Scheduler: Sending due task cleanup-stale-runtimes-every-10s (profiles.cleanup_stale_runtimes)
[2026-05-12 03:09:29,019: INFO/MainProcess] Scheduler: Sending due task cleanup-stale-runtimes-every-10s (profiles.cleanup_stale_runtimes)
[2026-05-12 03:09:33,184: INFO/MainProcess] Scheduler: Sending due task check-profile-heartbeats-every-15s (profiles.check_profile_heartbeats)
[2026-05-12 03:09:39,038: INFO/MainProcess] Scheduler: Sending due task cleanup-stale-runtimes-every-10s (profiles.cleanup_stale_runtimes)
[2026-05-12 03:09:43,505: INFO/MainProcess] Scheduler: Sending due task check-profile-heartbeats-every-minute (profiles.check_profile_heartbeats)
[2026-05-12 03:09:47,327: INFO/MainProcess] Scheduler: Sending due task sync-gologin-profiles-every-3-minutes (profiles.sync_gologin_profiles)
[2026-05-12 03:09:47,629: INFO/MainProcess] Scheduler: Sending due task reconcile-stale-messages-every-minute (messaging.reconcile_stale_messages)
[2026-05-12 03:09:48,307: INFO/MainProcess] Scheduler: Sending due task check-profile-heartbeats-every-15s (profiles.check_profile_heartbeats)
[2026-05-12 03:09:49,058: INFO/MainProcess] Scheduler: Sending due task cleanup-stale-runtimes-every-10s (profiles.cleanup_stale_runtimes)
[2026-05-12 03:09:59,077: INFO/MainProcess] Scheduler: Sending due task cleanup-stale-runtimes-every-10s (profiles.cleanup_stale_runtimes)
[2026-05-12 03:10:03,329: INFO/MainProcess] Scheduler: Sending due task check-profile-heartbeats-every-15s (profiles.check_profile_heartbeats)
[2026-05-12 03:10:09,098: INFO/MainProcess] Scheduler: Sending due task cleanup-stale-runtimes-every-10s (profiles.cleanup_stale_runtimes)
[2026-05-12 03:10:13,527: INFO/MainProcess] Scheduler: Sending due task check-profile-heartbeats-every-minute (profiles.check_profile_heartbeats)
[2026-05-12 03:10:18,351: INFO/MainProcess] Scheduler: Sending due task check-profile-heartbeats-every-15s (profiles.check_profile_heartbeats)
[2026-05-12 03:10:19,121: INFO/MainProcess] Scheduler: Sending due task cleanup-stale-runtimes-every-10s (profiles.cleanup_stale_runtimes)
[2026-05-12 03:10:29,142: INFO/MainProcess] Scheduler: Sending due task cleanup-stale-runtimes-every-10s (profiles.cleanup_stale_runtimes)
[2026-05-12 03:10:33,371: INFO/MainProcess] Scheduler: Sending due task check-profile-heartbeats-every-15s (profiles.check_profile_heartbeats)
[2026-05-12 03:10:39,162: INFO/MainProcess] Scheduler: Sending due task cleanup-stale-runtimes-every-10s (profiles.cleanup_stale_runtimes)
[2026-05-12 03:10:43,659: INFO/MainProcess] Scheduler: Sending due task check-profile-heartbeats-every-minute (profiles.check_profile_heartbeats)
[2026-05-12 03:10:47,649: INFO/MainProcess] Scheduler: Sending due task reconcile-stale-messages-every-minute (messaging.reconcile_stale_messages)
[2026-05-12 03:10:48,391: INFO/MainProcess] Scheduler: Sending due task check-profile-heartbeats-every-15s (profiles.check_profile_heartbeats)
[2026-05-12 03:10:49,183: INFO/MainProcess] Scheduler: Sending due task cleanup-stale-runtimes-every-10s (profiles.cleanup_stale_runtimes)
[2026-05-12 03:10:59,204: INFO/MainProcess] Scheduler: Sending due task cleanup-stale-runtimes-every-10s (profiles.cleanup_stale_runtimes)
[2026-05-12 03:11:03,412: INFO/MainProcess] Scheduler: Sending due task check-profile-heartbeats-every-15s (profiles.check_profile_heartbeats)
[2026-05-12 03:11:09,226: INFO/MainProcess] Scheduler: Sending due task cleanup-stale-runtimes-every-10s (profiles.cleanup_stale_runtimes)
[2026-05-12 03:11:13,680: INFO/MainProcess] Scheduler: Sending due task check-profile-heartbeats-every-minute (profiles.check_profile_heartbeats)
[2026-05-12 03:11:18,434: INFO/MainProcess] Scheduler: Sending due task check-profile-heartbeats-every-15s (profiles.check_profile_heartbeats)
[2026-05-12 03:11:19,251: INFO/MainProcess] Scheduler: Sending due task cleanup-stale-runtimes-every-10s (profiles.cleanup_stale_runtimes)
