[2026-05-10 03:17:32,082: INFO/MainProcess] Connected to redis://localhost:6379/0
[2026-05-10 03:17:34,138: INFO/MainProcess] mingle: searching for neighbors
[2026-05-10 03:17:41,314: WARNING/MainProcess] C:\Users\admin\Desktop\Backend\venv\Lib\site-packages\celery\app\control.py:56: DuplicateNodenameWarning: Received multiple replies from node name: celery@DESKTOP-AL8P1A2.
Please make sure you give each node a unique nodename using
the celery worker `-n` option.
  warnings.warn(DuplicateNodenameWarning(

[2026-05-10 03:17:41,314: INFO/MainProcess] mingle: all alone
[2026-05-10 03:17:51,544: INFO/MainProcess] celery@DESKTOP-AL8P1A2 ready.
[2026-05-10 03:17:51,549: INFO/MainProcess] Task profiles.sync_gologin_profiles[f2350e0f-6902-4157-bbfa-584f86313ad8] received
[2026-05-10 03:17:55,220: INFO/MainProcess] Task profiles.sync_gologin_profiles[f2350e0f-6902-4157-bbfa-584f86313ad8] succeeded in 3.670677000000069s: {'status': 'ok', 'remote': 30, 'created': 0, 'synced': 30, 'renamed': 0, 'missing': 17}
[2026-05-10 03:17:55,224: INFO/MainProcess] Task profiles.check_profile_heartbeats[57f8021a-b3fe-4789-83fb-10c519c6e53d] received
[2026-05-10 03:17:55,293: INFO/MainProcess] Task profiles.check_profile_heartbeats[57f8021a-b3fe-4789-83fb-10c519c6e53d] succeeded in 0.06886130000020785s: {'stale': 0}
[2026-05-10 03:18:46,641: INFO/MainProcess] Task profiles.check_profile_heartbeats[eba217c3-b790-461d-854d-2bc26c9a63be] received
[2026-05-10 03:18:46,724: INFO/MainProcess] Task profiles.check_profile_heartbeats[eba217c3-b790-461d-854d-2bc26c9a63be] succeeded in 0.08314170000085142s: {'stale': 0}
[2026-05-10 03:19:46,685: INFO/MainProcess] Task profiles.check_profile_heartbeats[eb221080-f00c-4996-b66a-38dcf82ab64c] received
[2026-05-10 03:19:46,753: INFO/MainProcess] Task profiles.check_profile_heartbeats[eb221080-f00c-4996-b66a-38dcf82ab64c] succeeded in 0.06765249999989464s: {'stale': 0}
[2026-05-10 03:20:42,383: INFO/MainProcess] Task profiles.sync_gologin_profiles[7720b00b-4193-47a0-a67f-8a41ee076e89] received
[2026-05-10 03:20:44,087: INFO/MainProcess] Task profiles.sync_gologin_profiles[7720b00b-4193-47a0-a67f-8a41ee076e89] succeeded in 1.704181700000845s: {'status': 'ok', 'remote': 30, 'created': 0, 'synced': 30, 'renamed': 0, 'missing': 17}
[2026-05-10 03:20:46,789: INFO/MainProcess] Task profiles.check_profile_heartbeats[b9fa2242-f82b-4a96-8ed6-141a4f6161cb] received
[2026-05-10 03:20:46,859: INFO/MainProcess] Task profiles.check_profile_heartbeats[b9fa2242-f82b-4a96-8ed6-141a4f6161cb] succeeded in 0.06997499999852153s: {'stale': 0}
[2026-05-11 05:57:04,195: INFO/MainProcess] Connected to redis://localhost:6379/0
[2026-05-11 05:57:06,228: INFO/MainProcess] mingle: searching for neighbors
[2026-05-11 05:57:13,342: INFO/MainProcess] mingle: all alone
[2026-05-11 05:57:23,492: INFO/MainProcess] default@DESKTOP-AL8P1A2 ready.
[2026-05-11 05:57:42,788: INFO/MainProcess] Task profiles.sync_gologin_profiles[f18a1f33-8b50-4ab3-ab2e-c991bdf633f4] received
[2026-05-11 05:57:43,702: INFO/MainProcess] Task profiles.sync_gologin_profiles[f18a1f33-8b50-4ab3-ab2e-c991bdf633f4] succeeded in 0.9134327000065241s: {'status': 'ok', 'remote': 30, 'created': 0, 'synced': 30, 'renamed': 0, 'missing': 19}
[2026-05-11 05:57:43,705: INFO/MainProcess] Task profiles.check_profile_heartbeats[80a0da79-5d23-46e5-9ce3-dd4d78bc102e] received
[2026-05-11 05:57:43,750: INFO/MainProcess] Task profiles.check_profile_heartbeats[80a0da79-5d23-46e5-9ce3-dd4d78bc102e] succeeded in 0.04523089999565855s: {'stale': 0}
[2026-05-11 05:57:51,467: INFO/MainProcess] missed heartbeat from campaign@DESKTOP-AL8P1A2
[2026-05-11 05:58:12,915: INFO/MainProcess] Task profiles.check_profile_heartbeats[0fbc1671-7dfe-4e39-9bb8-0dfa6b4ea767] received
[2026-05-11 05:58:13,004: INFO/MainProcess] Task profiles.check_profile_heartbeats[0fbc1671-7dfe-4e39-9bb8-0dfa6b4ea767] succeeded in 0.08762019999267068s: {'stale': 0}
[2026-05-11 05:58:43,012: INFO/MainProcess] Task profiles.check_profile_heartbeats[0cfb8388-3da8-4b84-9b8b-3d5ddd6348c0] received
[2026-05-11 05:58:43,052: INFO/MainProcess] Task profiles.check_profile_heartbeats[0cfb8388-3da8-4b84-9b8b-3d5ddd6348c0] succeeded in 0.03953469998668879s: {'stale': 0}
[2026-05-11 05:58:43,054: INFO/MainProcess] Task profiles.check_profile_heartbeats[58b88baa-503c-4d54-badb-b1cf66bc696c] received
[2026-05-11 05:58:43,097: INFO/MainProcess] Task profiles.check_profile_heartbeats[58b88baa-503c-4d54-badb-b1cf66bc696c] succeeded in 0.04198470000119414s: {'stale': 0}
[2026-05-11 05:58:51,472: INFO/MainProcess] missed heartbeat from campaign@DESKTOP-AL8P1A2
[2026-05-11 05:58:58,526: INFO/MainProcess] sync with retry@DESKTOP-AL8P1A2
[2026-05-11 05:59:04,312: INFO/MainProcess] sync with incoming@DESKTOP-AL8P1A2
[2026-05-11 05:59:06,717: INFO/MainProcess] sync with celery@DESKTOP-AL8P1A2
[2026-05-11 05:59:08,984: INFO/MainProcess] Task profiles.check_profile_heartbeats[f836fab2-2b98-4d0c-95d7-a0b5c6c14541] received
[2026-05-11 05:59:09,025: INFO/MainProcess] Task profiles.check_profile_heartbeats[f836fab2-2b98-4d0c-95d7-a0b5c6c14541] succeeded in 0.04022929999337066s: {'stale': 0}
[2026-05-11 05:59:13,032: INFO/MainProcess] Task profiles.check_profile_heartbeats[34422799-80db-437e-893c-1445e0fec4ea] received
[2026-05-11 05:59:13,068: INFO/MainProcess] Task profiles.check_profile_heartbeats[34422799-80db-437e-893c-1445e0fec4ea] succeeded in 0.03633509999781381s: {'stale': 0}
[2026-05-11 05:59:43,051: INFO/MainProcess] Task profiles.check_profile_heartbeats[d05d6a37-fb76-419a-bb72-615682bac518] received
[2026-05-11 05:59:43,091: INFO/MainProcess] Task profiles.check_profile_heartbeats[d05d6a37-fb76-419a-bb72-615682bac518] succeeded in 0.03953209999599494s: {'stale': 0}
[2026-05-11 05:59:51,476: INFO/MainProcess] missed heartbeat from campaign@DESKTOP-AL8P1A2
[2026-05-11 06:00:13,072: INFO/MainProcess] Task profiles.check_profile_heartbeats[1c858aaf-178b-4135-9980-263fe1cb38ff] received
[2026-05-11 06:00:13,113: INFO/MainProcess] Task profiles.check_profile_heartbeats[1c858aaf-178b-4135-9980-263fe1cb38ff] succeeded in 0.040084899999783374s: {'stale': 0}
[2026-05-11 06:00:38,730: INFO/MainProcess] Task profiles.sync_gologin_profiles[950e5805-37ef-4f77-9690-2492d207f415] received
[2026-05-11 06:00:39,624: INFO/MainProcess] Task profiles.sync_gologin_profiles[950e5805-37ef-4f77-9690-2492d207f415] succeeded in 0.8943470000085654s: {'status': 'ok', 'remote': 30, 'created': 0, 'synced': 30, 'renamed': 0, 'missing': 19}
[2026-05-11 06:00:39,627: INFO/MainProcess] Task profiles.check_profile_heartbeats[90243a89-3746-467d-969c-6af5a4c57b0a] received
[2026-05-11 06:00:39,668: INFO/MainProcess] Task profiles.check_profile_heartbeats[90243a89-3746-467d-969c-6af5a4c57b0a] succeeded in 0.04102049999346491s: {'stale': 0}
[2026-05-11 06:00:43,170: INFO/MainProcess] Task profiles.check_profile_heartbeats[5c13f597-e0cc-4007-abbb-40c6fe8cbfb6] received
[2026-05-11 06:00:43,343: INFO/MainProcess] Task profiles.check_profile_heartbeats[5c13f597-e0cc-4007-abbb-40c6fe8cbfb6] succeeded in 0.17285339999943972s: {'stale': 0}
[2026-05-11 06:00:51,481: INFO/MainProcess] missed heartbeat from celery@DESKTOP-AL8P1A2
[2026-05-11 06:01:13,190: INFO/MainProcess] Task profiles.check_profile_heartbeats[27961ba5-b910-457c-b939-b413771ee94a] received
[2026-05-11 06:01:13,228: INFO/MainProcess] Task profiles.check_profile_heartbeats[27961ba5-b910-457c-b939-b413771ee94a] succeeded in 0.03783820000535343s: {'stale': 0}
[2026-05-11 06:01:39,087: INFO/MainProcess] Task profiles.check_profile_heartbeats[98fc0417-6575-4797-a774-cbd903bde3b9] received
[2026-05-11 06:01:39,128: INFO/MainProcess] Task profiles.check_profile_heartbeats[98fc0417-6575-4797-a774-cbd903bde3b9] succeeded in 0.03996049999841489s: {'stale': 0}
[2026-05-11 06:01:43,209: INFO/MainProcess] Task profiles.check_profile_heartbeats[914a8559-9205-456e-b7c4-681071395d62] received
[2026-05-11 06:01:43,353: INFO/MainProcess] Task profiles.check_profile_heartbeats[914a8559-9205-456e-b7c4-681071395d62] succeeded in 0.14371140000002924s: {'stale': 0}
[2026-05-11 06:01:51,488: INFO/MainProcess] missed heartbeat from celery@DESKTOP-AL8P1A2
[2026-05-11 06:02:09,113: INFO/MainProcess] Task profiles.check_profile_heartbeats[93700062-64a8-4540-9f40-0f6d001d0e35] received
[2026-05-11 06:02:09,156: INFO/MainProcess] Task profiles.check_profile_heartbeats[93700062-64a8-4540-9f40-0f6d001d0e35] succeeded in 0.04231269999581855s: {'stale': 0}
[2026-05-11 06:02:13,231: INFO/MainProcess] Task profiles.check_profile_heartbeats[8191d228-8b4b-4814-8863-b00b65341150] received
[2026-05-11 06:02:13,270: INFO/MainProcess] Task profiles.check_profile_heartbeats[8191d228-8b4b-4814-8863-b00b65341150] succeeded in 0.039433600002666935s: {'stale': 0}
[2026-05-11 06:02:26,491: INFO/MainProcess] missed heartbeat from celery@DESKTOP-AL8P1A2
[2026-05-11 06:02:43,251: INFO/MainProcess] Task profiles.check_profile_heartbeats[f6a02121-ba93-4ff4-8d4b-210b678cd6f7] received
[2026-05-11 06:02:43,299: INFO/MainProcess] Task profiles.check_profile_heartbeats[f6a02121-ba93-4ff4-8d4b-210b678cd6f7] succeeded in 0.04729349999979604s: {'stale': 0}
[2026-05-11 06:02:51,493: INFO/MainProcess] missed heartbeat from campaign@DESKTOP-AL8P1A2
[2026-05-11 06:02:51,494: INFO/MainProcess] missed heartbeat from celery@DESKTOP-AL8P1A2
[2026-05-11 06:02:56,494: INFO/MainProcess] missed heartbeat from campaign@DESKTOP-AL8P1A2
[2026-05-11 06:03:09,155: INFO/MainProcess] Task profiles.check_profile_heartbeats[4891da58-abad-40bd-9aa4-67eadb96e67c] received
[2026-05-11 06:03:09,193: INFO/MainProcess] Task profiles.check_profile_heartbeats[4891da58-abad-40bd-9aa4-67eadb96e67c] succeeded in 0.0382878999953391s: {'stale': 0}
[2026-05-11 06:03:13,278: INFO/MainProcess] Task profiles.check_profile_heartbeats[a1045bb0-1ea0-4e2a-8133-2116478c339f] received
[2026-05-11 06:03:13,336: INFO/MainProcess] Task profiles.check_profile_heartbeats[a1045bb0-1ea0-4e2a-8133-2116478c339f] succeeded in 0.05752570000186097s: {'stale': 0}
[2026-05-11 06:03:38,758: INFO/MainProcess] Task profiles.sync_gologin_profiles[c8f7dfb2-cc31-414b-8015-1dbae44cba0e] received
[2026-05-11 06:03:39,718: INFO/MainProcess] Task profiles.sync_gologin_profiles[c8f7dfb2-cc31-414b-8015-1dbae44cba0e] succeeded in 0.9604053999937605s: {'status': 'ok', 'remote': 30, 'created': 0, 'synced': 30, 'renamed': 0, 'missing': 19}
[2026-05-11 06:03:39,720: INFO/MainProcess] Task profiles.check_profile_heartbeats[f73674ba-6d10-4088-aabf-904c096576cb] received
[2026-05-11 06:03:39,883: INFO/MainProcess] Task profiles.check_profile_heartbeats[f73674ba-6d10-4088-aabf-904c096576cb] succeeded in 0.1627928000089014s: {'stale': 0}
[2026-05-11 06:03:43,510: INFO/MainProcess] Task profiles.check_profile_heartbeats[b3e45aa0-5817-41f1-b251-634c03553141] received
[2026-05-11 06:03:43,563: INFO/MainProcess] Task profiles.check_profile_heartbeats[b3e45aa0-5817-41f1-b251-634c03553141] succeeded in 0.05222640000283718s: {'stale': 0}
[2026-05-11 06:03:55,219: INFO/MainProcess] missed heartbeat from campaign@DESKTOP-AL8P1A2
[2026-05-11 06:04:00,220: INFO/MainProcess] missed heartbeat from celery@DESKTOP-AL8P1A2
[2026-05-11 06:04:00,220: INFO/MainProcess] missed heartbeat from campaign@DESKTOP-AL8P1A2
[2026-05-11 06:04:09,299: INFO/MainProcess] Task profiles.check_profile_heartbeats[333f38a3-f17d-4994-a027-ddd526e81185] received
[2026-05-11 06:04:09,336: INFO/MainProcess] Task profiles.check_profile_heartbeats[333f38a3-f17d-4994-a027-ddd526e81185] succeeded in 0.03696480000508018s: {'stale': 0}
[2026-05-11 06:04:39,321: INFO/MainProcess] Task profiles.check_profile_heartbeats[0cdd70b1-d36d-45e4-bba6-5cc00eceb43c] received
[2026-05-11 06:04:39,464: INFO/MainProcess] Task profiles.check_profile_heartbeats[0cdd70b1-d36d-45e4-bba6-5cc00eceb43c] succeeded in 0.1425638000073377s: {'stale': 0}
[2026-05-11 06:04:43,562: INFO/MainProcess] Task profiles.check_profile_heartbeats[b8f69806-9ed1-4a69-ab71-7eb3de6f3412] received
[2026-05-11 06:04:43,622: INFO/MainProcess] Task profiles.check_profile_heartbeats[b8f69806-9ed1-4a69-ab71-7eb3de6f3412] succeeded in 0.05974409999907948s: {'stale': 0}
[2026-05-11 06:04:55,224: INFO/MainProcess] missed heartbeat from campaign@DESKTOP-AL8P1A2
[2026-05-11 06:05:00,225: INFO/MainProcess] missed heartbeat from celery@DESKTOP-AL8P1A2
[2026-05-11 06:05:00,225: INFO/MainProcess] missed heartbeat from campaign@DESKTOP-AL8P1A2
[2026-05-11 06:05:09,343: INFO/MainProcess] Task profiles.check_profile_heartbeats[7d96ac10-9dcf-4ecb-b0f5-052b29c3016c] received
[2026-05-11 06:05:09,395: INFO/MainProcess] Task profiles.check_profile_heartbeats[7d96ac10-9dcf-4ecb-b0f5-052b29c3016c] succeeded in 0.051904099993407726s: {'stale': 0}
[2026-05-11 06:05:43,612: INFO/MainProcess] Task profiles.check_profile_heartbeats[8bcb2b96-d4f8-417c-bb07-eb21882b3782] received
[2026-05-11 06:05:43,670: INFO/MainProcess] Task profiles.check_profile_heartbeats[8bcb2b96-d4f8-417c-bb07-eb21882b3782] succeeded in 0.057163200006471016s: {'stale': 0}
[2026-05-11 06:05:55,229: INFO/MainProcess] missed heartbeat from celery@DESKTOP-AL8P1A2
[2026-05-11 06:06:05,231: INFO/MainProcess] missed heartbeat from campaign@DESKTOP-AL8P1A2
[2026-05-11 06:06:05,231: INFO/MainProcess] missed heartbeat from celery@DESKTOP-AL8P1A2
[2026-05-11 06:06:09,399: INFO/MainProcess] Task profiles.check_profile_heartbeats[1084422e-bef7-457a-a153-aa67d7e50ead] received
[2026-05-11 06:06:09,462: INFO/MainProcess] Task profiles.check_profile_heartbeats[1084422e-bef7-457a-a153-aa67d7e50ead] succeeded in 0.06258379999781027s: {'stale': 0}
[2026-05-11 06:06:13,637: INFO/MainProcess] Task profiles.check_profile_heartbeats[53548eda-0701-47cb-9f3f-ac21ebfbbee5] received
[2026-05-11 06:06:13,687: INFO/MainProcess] Task profiles.check_profile_heartbeats[53548eda-0701-47cb-9f3f-ac21ebfbbee5] succeeded in 0.04987269999401178s: {'stale': 0}
[2026-05-11 06:06:38,780: INFO/MainProcess] Task profiles.sync_gologin_profiles[fcceeb02-958c-4060-b608-95fbcadd6e92] received
[2026-05-11 06:06:40,047: INFO/MainProcess] Task profiles.sync_gologin_profiles[fcceeb02-958c-4060-b608-95fbcadd6e92] succeeded in 1.2665909999923315s: {'status': 'ok', 'remote': 30, 'created': 0, 'synced': 30, 'renamed': 0, 'missing': 19}
[2026-05-11 06:06:43,683: INFO/MainProcess] Task profiles.check_profile_heartbeats[9d4eb263-3024-4ab7-ac78-02289fb693c5] received
[2026-05-11 06:06:43,763: INFO/MainProcess] Task profiles.check_profile_heartbeats[9d4eb263-3024-4ab7-ac78-02289fb693c5] succeeded in 0.08027570000558626s: {'stale': 0}
[2026-05-11 06:06:55,235: INFO/MainProcess] missed heartbeat from campaign@DESKTOP-AL8P1A2
[2026-05-11 06:06:55,235: INFO/MainProcess] missed heartbeat from celery@DESKTOP-AL8P1A2
[2026-05-11 06:07:05,236: INFO/MainProcess] missed heartbeat from celery@DESKTOP-AL8P1A2
[2026-05-11 06:07:09,459: INFO/MainProcess] Task profiles.check_profile_heartbeats[518de18b-df29-412b-b038-4f238ee319f1] received
[2026-05-11 06:07:09,525: INFO/MainProcess] Task profiles.check_profile_heartbeats[518de18b-df29-412b-b038-4f238ee319f1] succeeded in 0.06588290000217967s: {'stale': 0}
[2026-05-11 06:07:10,237: INFO/MainProcess] missed heartbeat from campaign@DESKTOP-AL8P1A2
[2026-05-11 06:07:13,703: INFO/MainProcess] Task profiles.check_profile_heartbeats[eca204dc-ff7e-4f54-993c-e532ff69a03e] received
[2026-05-11 06:07:13,763: INFO/MainProcess] Task profiles.check_profile_heartbeats[eca204dc-ff7e-4f54-993c-e532ff69a03e] succeeded in 0.05949499999405816s: {'stale': 0}
[2026-05-11 06:07:15,238: INFO/MainProcess] missed heartbeat from celery@DESKTOP-AL8P1A2
[2026-05-11 06:07:43,729: INFO/MainProcess] Task profiles.check_profile_heartbeats[ee91ea92-d2d4-45ea-b675-0437734d53cd] received
[2026-05-11 06:07:43,783: INFO/MainProcess] Task profiles.check_profile_heartbeats[ee91ea92-d2d4-45ea-b675-0437734d53cd] succeeded in 0.05395870000938885s: {'stale': 0}
[2026-05-11 06:07:50,241: INFO/MainProcess] missed heartbeat from celery@DESKTOP-AL8P1A2
[2026-05-11 06:07:55,242: INFO/MainProcess] missed heartbeat from campaign@DESKTOP-AL8P1A2
[2026-05-11 06:08:00,243: INFO/MainProcess] missed heartbeat from celery@DESKTOP-AL8P1A2
[2026-05-11 06:08:00,244: INFO/MainProcess] missed heartbeat from campaign@DESKTOP-AL8P1A2
[2026-05-11 06:08:09,521: INFO/MainProcess] Task profiles.check_profile_heartbeats[9d2c83ea-ef17-4f5f-ab33-fb6674fbf51d] received
[2026-05-11 06:08:09,583: INFO/MainProcess] Task profiles.check_profile_heartbeats[9d2c83ea-ef17-4f5f-ab33-fb6674fbf51d] succeeded in 0.06154619999870192s: {'stale': 0}
[2026-05-11 06:08:10,245: INFO/MainProcess] missed heartbeat from campaign@DESKTOP-AL8P1A2
[2026-05-11 06:08:13,754: INFO/MainProcess] Task profiles.check_profile_heartbeats[3ae49036-51c3-45cf-a5c3-c25db0aeec38] received
[2026-05-11 06:08:13,811: INFO/MainProcess] Task profiles.check_profile_heartbeats[3ae49036-51c3-45cf-a5c3-c25db0aeec38] succeeded in 0.056435799997416325s: {'stale': 0}
[2026-05-11 06:08:15,245: INFO/MainProcess] missed heartbeat from celery@DESKTOP-AL8P1A2
[2026-05-11 18:08:00,646: INFO/MainProcess] Connected to redis://localhost:6379/0
[2026-05-11 18:08:02,693: INFO/MainProcess] mingle: searching for neighbors
[2026-05-11 18:08:09,845: INFO/MainProcess] mingle: all alone
[2026-05-11 18:08:20,061: INFO/MainProcess] default@DESKTOP-AL8P1A2 ready.
[2026-05-11 18:08:20,066: INFO/MainProcess] Task profiles.check_profile_heartbeats[8a645022-872e-405b-8504-8251be69bbd0] received
[2026-05-11 18:08:20,185: INFO/MainProcess] Task profiles.check_profile_heartbeats[8a645022-872e-405b-8504-8251be69bbd0] succeeded in 0.11915379999845754s: {'stale': 0}
[2026-05-11 18:08:20,190: INFO/MainProcess] Task profiles.check_profile_heartbeats[f9a03bc7-8fd0-4b88-a7dc-a812d3638919] received
[2026-05-11 18:08:20,281: INFO/MainProcess] Task profiles.check_profile_heartbeats[f9a03bc7-8fd0-4b88-a7dc-a812d3638919] succeeded in 0.09078779999981634s: {'stale': 0}
[2026-05-11 18:08:20,285: INFO/MainProcess] Task profiles.check_profile_heartbeats[c4eae9cb-7d9d-4be8-b5da-00882332988a] received
[2026-05-11 18:08:20,375: INFO/MainProcess] Task profiles.check_profile_heartbeats[c4eae9cb-7d9d-4be8-b5da-00882332988a] succeeded in 0.08966390001296531s: {'stale': 0}
[2026-05-11 18:08:20,380: INFO/MainProcess] Task profiles.check_profile_heartbeats[7dc41a43-fe0c-4c16-b18a-4bd0c94b574f] received
[2026-05-11 18:08:20,473: INFO/MainProcess] Task profiles.check_profile_heartbeats[7dc41a43-fe0c-4c16-b18a-4bd0c94b574f] succeeded in 0.09247819999291096s: {'stale': 0}
[2026-05-11 18:08:20,477: INFO/MainProcess] Task profiles.check_profile_heartbeats[42843edf-b247-4d25-b7ac-a9c577690f7a] received
[2026-05-11 18:08:20,571: INFO/MainProcess] Task profiles.check_profile_heartbeats[42843edf-b247-4d25-b7ac-a9c577690f7a] succeeded in 0.09375550001277588s: {'stale': 0}
[2026-05-11 18:08:20,575: INFO/MainProcess] Task profiles.sync_gologin_profiles[33fce982-4812-4b4c-970b-039fa5e695f5] received
[2026-05-11 18:08:21,949: INFO/MainProcess] Task profiles.sync_gologin_profiles[33fce982-4812-4b4c-970b-039fa5e695f5] succeeded in 1.3726708000031067s: {'status': 'ok', 'remote': 30, 'created': 0, 'synced': 30, 'renamed': 0, 'missing': 19}
[2026-05-11 18:08:21,954: INFO/MainProcess] Task profiles.check_profile_heartbeats[116f5a94-950a-45e3-ad79-965b10e5c122] received
[2026-05-11 18:08:22,054: INFO/MainProcess] Task profiles.check_profile_heartbeats[116f5a94-950a-45e3-ad79-965b10e5c122] succeeded in 0.09988490000250749s: {'stale': 0}
[2026-05-11 18:08:22,059: INFO/MainProcess] Task profiles.check_profile_heartbeats[139ce18c-4b6b-44ed-8232-c03dab5ce9d6] received
[2026-05-11 18:08:22,155: INFO/MainProcess] Task profiles.check_profile_heartbeats[139ce18c-4b6b-44ed-8232-c03dab5ce9d6] succeeded in 0.09599580000212882s: {'stale': 0}
[2026-05-11 18:08:22,159: INFO/MainProcess] Task profiles.check_profile_heartbeats[7a00c5f6-1040-4fd7-8b1e-ad8bff882d74] received
[2026-05-11 18:08:22,254: INFO/MainProcess] Task profiles.check_profile_heartbeats[7a00c5f6-1040-4fd7-8b1e-ad8bff882d74] succeeded in 0.09404009999707341s: {'stale': 0}
[2026-05-11 18:08:22,258: INFO/MainProcess] Task profiles.check_profile_heartbeats[fe58412b-1926-421c-8583-ede7f08bf6a6] received
[2026-05-11 18:08:22,352: INFO/MainProcess] Task profiles.check_profile_heartbeats[fe58412b-1926-421c-8583-ede7f08bf6a6] succeeded in 0.09393699999782257s: {'stale': 0}
[2026-05-11 18:08:22,357: INFO/MainProcess] Task profiles.check_profile_heartbeats[c66e2945-e7f3-4853-9c71-7dd7a94944a1] received
[2026-05-11 18:08:22,458: INFO/MainProcess] Task profiles.check_profile_heartbeats[c66e2945-e7f3-4853-9c71-7dd7a94944a1] succeeded in 0.10050490000867285s: {'stale': 0}
[2026-05-11 18:08:22,462: INFO/MainProcess] Task profiles.check_profile_heartbeats[b5a5cbeb-8729-4a11-ac62-2d64fe328889] received
[2026-05-11 18:08:22,558: INFO/MainProcess] Task profiles.check_profile_heartbeats[b5a5cbeb-8729-4a11-ac62-2d64fe328889] succeeded in 0.09493069999734871s: {'stale': 0}
[2026-05-11 18:08:22,563: INFO/MainProcess] Task profiles.sync_gologin_profiles[42be6349-8790-4f11-a321-adec821deb42] received
[2026-05-11 18:08:23,820: INFO/MainProcess] Task profiles.sync_gologin_profiles[42be6349-8790-4f11-a321-adec821deb42] succeeded in 1.2567637000029208s: {'status': 'ok', 'remote': 30, 'created': 0, 'synced': 30, 'renamed': 0, 'missing': 19}
[2026-05-11 18:08:23,825: INFO/MainProcess] Task profiles.check_profile_heartbeats[8c35708e-484e-475e-be9d-2ae062785c86] received
[2026-05-11 18:08:23,920: INFO/MainProcess] Task profiles.check_profile_heartbeats[8c35708e-484e-475e-be9d-2ae062785c86] succeeded in 0.09436839999398217s: {'stale': 0}
[2026-05-11 18:08:23,924: INFO/MainProcess] Task profiles.check_profile_heartbeats[7f2c1136-6702-4b7e-935e-a947153e6bfa] received
[2026-05-11 18:08:24,020: INFO/MainProcess] Task profiles.check_profile_heartbeats[7f2c1136-6702-4b7e-935e-a947153e6bfa] succeeded in 0.09520170000905637s: {'stale': 0}
[2026-05-11 18:08:24,024: INFO/MainProcess] Task profiles.check_profile_heartbeats[abb03579-c5eb-4800-8a0e-eb8c8aaf068a] received
[2026-05-11 18:08:24,118: INFO/MainProcess] Task profiles.check_profile_heartbeats[abb03579-c5eb-4800-8a0e-eb8c8aaf068a] succeeded in 0.09365220001200214s: {'stale': 0}
[2026-05-11 18:08:24,122: INFO/MainProcess] Task profiles.check_profile_heartbeats[e8fe9ca3-4ccb-4a41-8cb4-80a99d55963c] received
[2026-05-11 18:08:24,219: INFO/MainProcess] Task profiles.check_profile_heartbeats[e8fe9ca3-4ccb-4a41-8cb4-80a99d55963c] succeeded in 0.09639970000716858s: {'stale': 0}
[2026-05-11 18:08:24,222: INFO/MainProcess] Task profiles.check_profile_heartbeats[37ee053b-dff4-4954-8b1b-614bbcb70cbc] received
[2026-05-11 18:08:24,318: INFO/MainProcess] Task profiles.check_profile_heartbeats[37ee053b-dff4-4954-8b1b-614bbcb70cbc] succeeded in 0.09458810000796802s: {'stale': 0}
[2026-05-11 18:08:24,321: INFO/MainProcess] Task profiles.check_profile_heartbeats[88b1997c-7fb6-4fee-89f4-c2f0e33b4b13] received
[2026-05-11 18:08:24,411: INFO/MainProcess] Task profiles.check_profile_heartbeats[88b1997c-7fb6-4fee-89f4-c2f0e33b4b13] succeeded in 0.08944460000202525s: {'stale': 0}
[2026-05-11 18:08:24,416: INFO/MainProcess] Task profiles.sync_gologin_profiles[a23cd0d3-4b25-41d7-bb54-aef93f09f470] received
[2026-05-11 18:08:25,667: INFO/MainProcess] Task profiles.sync_gologin_profiles[a23cd0d3-4b25-41d7-bb54-aef93f09f470] succeeded in 1.2509663000091678s: {'status': 'ok', 'remote': 30, 'created': 0, 'synced': 30, 'renamed': 0, 'missing': 19}
[2026-05-11 18:08:25,672: INFO/MainProcess] Task profiles.check_profile_heartbeats[fa33a603-f2ad-4351-9276-ad49190e5f37] received
[2026-05-11 18:08:25,760: INFO/MainProcess] Task profiles.check_profile_heartbeats[fa33a603-f2ad-4351-9276-ad49190e5f37] succeeded in 0.08736879999923985s: {'stale': 0}
[2026-05-11 18:08:25,764: INFO/MainProcess] Task profiles.check_profile_heartbeats[54940804-9bb1-478e-881c-8025a46c62c5] received
[2026-05-11 18:08:25,862: INFO/MainProcess] Task profiles.check_profile_heartbeats[54940804-9bb1-478e-881c-8025a46c62c5] succeeded in 0.09675870000501163s: {'stale': 0}
[2026-05-11 18:08:25,866: INFO/MainProcess] Task profiles.check_profile_heartbeats[e3f91c21-0d71-4a93-b446-61cbbe4ab225] received
[2026-05-11 18:08:25,963: INFO/MainProcess] Task profiles.check_profile_heartbeats[e3f91c21-0d71-4a93-b446-61cbbe4ab225] succeeded in 0.09644039999693632s: {'stale': 0}
[2026-05-11 18:08:25,967: INFO/MainProcess] Task profiles.check_profile_heartbeats[a916c8fa-87ed-42f5-bd9c-ddbf5e6ea7ad] received
[2026-05-11 18:08:26,071: INFO/MainProcess] Task profiles.check_profile_heartbeats[a916c8fa-87ed-42f5-bd9c-ddbf5e6ea7ad] succeeded in 0.10318759999063332s: {'stale': 0}
[2026-05-11 18:08:26,076: INFO/MainProcess] Task profiles.check_profile_heartbeats[5f2a87a6-a17f-410a-a574-ffbd949a3657] received
[2026-05-11 18:08:26,172: INFO/MainProcess] Task profiles.check_profile_heartbeats[5f2a87a6-a17f-410a-a574-ffbd949a3657] succeeded in 0.0951020999928005s: {'stale': 0}
[2026-05-11 18:08:26,176: INFO/MainProcess] Task profiles.check_profile_heartbeats[b4326795-2084-4b03-b7ca-c8c36344d21e] received
[2026-05-11 18:08:26,275: INFO/MainProcess] Task profiles.check_profile_heartbeats[b4326795-2084-4b03-b7ca-c8c36344d21e] succeeded in 0.09905330000037793s: {'stale': 0}
[2026-05-11 18:08:26,279: INFO/MainProcess] Task profiles.sync_gologin_profiles[b28fc891-b676-4711-a8f7-d489bb80c43e] received
[2026-05-11 18:08:27,744: INFO/MainProcess] Task profiles.sync_gologin_profiles[b28fc891-b676-4711-a8f7-d489bb80c43e] succeeded in 1.4637323999922955s: {'status': 'ok', 'remote': 30, 'created': 0, 'synced': 30, 'renamed': 0, 'missing': 19}
[2026-05-11 18:08:27,749: INFO/MainProcess] Task profiles.check_profile_heartbeats[028718e2-4768-46b7-b16d-6d0199d62b92] received
[2026-05-11 18:08:27,843: INFO/MainProcess] Task profiles.check_profile_heartbeats[028718e2-4768-46b7-b16d-6d0199d62b92] succeeded in 0.09306759999890346s: {'stale': 0}
[2026-05-11 18:08:27,847: INFO/MainProcess] Task profiles.check_profile_heartbeats[adc10409-7252-46f9-a7de-63d6d0cdd891] received
[2026-05-11 18:08:27,941: INFO/MainProcess] Task profiles.check_profile_heartbeats[adc10409-7252-46f9-a7de-63d6d0cdd891] succeeded in 0.09311640000669286s: {'stale': 0}
[2026-05-11 18:08:27,945: INFO/MainProcess] Task profiles.check_profile_heartbeats[c9c9be2d-dccb-4ec3-9cc8-9556c3dc3d9d] received
[2026-05-11 18:08:28,040: INFO/MainProcess] Task profiles.check_profile_heartbeats[c9c9be2d-dccb-4ec3-9cc8-9556c3dc3d9d] succeeded in 0.09412460000021383s: {'stale': 0}
[2026-05-11 18:08:28,044: INFO/MainProcess] Task profiles.check_profile_heartbeats[3731bf18-3d24-4c13-978e-a8aece738efb] received
[2026-05-11 18:08:28,136: INFO/MainProcess] Task profiles.check_profile_heartbeats[3731bf18-3d24-4c13-978e-a8aece738efb] succeeded in 0.09109600000374485s: {'stale': 0}
[2026-05-11 18:08:28,141: INFO/MainProcess] Task profiles.check_profile_heartbeats[9e4f1ba8-749c-40f7-b776-f442479571af] received
[2026-05-11 18:08:28,232: INFO/MainProcess] Task profiles.check_profile_heartbeats[9e4f1ba8-749c-40f7-b776-f442479571af] succeeded in 0.0905707999918377s: {'stale': 0}
[2026-05-11 18:08:28,236: INFO/MainProcess] Task profiles.check_profile_heartbeats[81027d2d-185a-4b3b-ab5d-b6fecfd3ef81] received
[2026-05-11 18:08:28,332: INFO/MainProcess] Task profiles.check_profile_heartbeats[81027d2d-185a-4b3b-ab5d-b6fecfd3ef81] succeeded in 0.09577230000286363s: {'stale': 0}
[2026-05-11 18:08:28,336: INFO/MainProcess] Task profiles.sync_gologin_profiles[77a08f12-d730-40e0-a53b-4625fc3ed4d5] received
[2026-05-11 18:08:30,256: INFO/MainProcess] Task profiles.sync_gologin_profiles[77a08f12-d730-40e0-a53b-4625fc3ed4d5] succeeded in 1.919382799998857s: {'status': 'ok', 'remote': 30, 'created': 0, 'synced': 30, 'renamed': 0, 'missing': 19}
[2026-05-11 18:08:30,261: INFO/MainProcess] Task profiles.check_profile_heartbeats[1ce49de6-acd0-4fbd-a97e-931094868c8c] received
[2026-05-11 18:08:30,354: INFO/MainProcess] Task profiles.check_profile_heartbeats[1ce49de6-acd0-4fbd-a97e-931094868c8c] succeeded in 0.0922732999897562s: {'stale': 0}
[2026-05-11 18:08:30,358: INFO/MainProcess] Task profiles.check_profile_heartbeats[99e25a19-514f-4876-9f2c-fc6a9eb0ee8d] received
[2026-05-11 18:08:30,449: INFO/MainProcess] Task profiles.check_profile_heartbeats[99e25a19-514f-4876-9f2c-fc6a9eb0ee8d] succeeded in 0.0900992000097176s: {'stale': 0}
[2026-05-11 18:08:30,453: INFO/MainProcess] Task profiles.sync_gologin_profiles[ad9f1a62-6c97-4a48-8cff-cc2160ec7a43] received
[2026-05-11 18:08:31,671: INFO/MainProcess] 14 of 14 channels over capacity in group dashboard
[2026-05-11 18:08:31,690: INFO/MainProcess] 14 of 14 channels over capacity in group dashboard
[2026-05-11 18:08:31,710: INFO/MainProcess] 14 of 14 channels over capacity in group dashboard
[2026-05-11 18:08:31,728: INFO/MainProcess] 14 of 14 channels over capacity in group dashboard
[2026-05-11 18:08:31,748: INFO/MainProcess] 14 of 14 channels over capacity in group dashboard
[2026-05-11 18:08:31,768: INFO/MainProcess] 14 of 14 channels over capacity in group dashboard
[2026-05-11 18:08:31,786: INFO/MainProcess] 14 of 14 channels over capacity in group dashboard
[2026-05-11 18:08:31,805: INFO/MainProcess] 14 of 14 channels over capacity in group dashboard
[2026-05-11 18:08:31,824: INFO/MainProcess] 14 of 14 channels over capacity in group dashboard
[2026-05-11 18:08:31,843: INFO/MainProcess] 14 of 14 channels over capacity in group dashboard
[2026-05-11 18:08:31,865: INFO/MainProcess] 14 of 14 channels over capacity in group dashboard
[2026-05-11 18:08:31,884: INFO/MainProcess] 14 of 14 channels over capacity in group dashboard
[2026-05-11 18:08:31,903: INFO/MainProcess] 14 of 14 channels over capacity in group dashboard
[2026-05-11 18:08:31,922: INFO/MainProcess] 14 of 14 channels over capacity in group dashboard
[2026-05-11 18:08:31,943: INFO/MainProcess] Task profiles.sync_gologin_profiles[ad9f1a62-6c97-4a48-8cff-cc2160ec7a43] succeeded in 1.489897599996766s: {'status': 'ok', 'remote': 30, 'created': 0, 'synced': 30, 'renamed': 0, 'missing': 19}
[2026-05-11 18:08:31,948: INFO/MainProcess] Task profiles.check_profile_heartbeats[06b67c78-1bbe-4eed-a43e-b2f774a49a01] received
[2026-05-11 18:08:32,040: INFO/MainProcess] Task profiles.check_profile_heartbeats[06b67c78-1bbe-4eed-a43e-b2f774a49a01] succeeded in 0.0913072999974247s: {'stale': 0}
[2026-05-11 18:08:32,044: INFO/MainProcess] Task profiles.check_profile_heartbeats[78444dbc-1c86-4d42-bd70-2169df700fc3] received
[2026-05-11 18:08:32,139: INFO/MainProcess] Task profiles.check_profile_heartbeats[78444dbc-1c86-4d42-bd70-2169df700fc3] succeeded in 0.0942125000001397s: {'stale': 0}
[2026-05-11 18:08:32,143: INFO/MainProcess] Task profiles.check_profile_heartbeats[f3528ab6-a8a1-40d9-ad05-4ebc7fbd9745] received
[2026-05-11 18:08:32,236: INFO/MainProcess] Task profiles.check_profile_heartbeats[f3528ab6-a8a1-40d9-ad05-4ebc7fbd9745] succeeded in 0.09206320000521373s: {'stale': 0}
[2026-05-11 18:08:32,240: INFO/MainProcess] Task profiles.check_profile_heartbeats[705e7bc9-8e6f-48fd-9d9c-ed51464f95ff] received
[2026-05-11 18:08:32,331: INFO/MainProcess] Task profiles.check_profile_heartbeats[705e7bc9-8e6f-48fd-9d9c-ed51464f95ff] succeeded in 0.0906364999973448s: {'stale': 0}
[2026-05-11 18:08:32,335: INFO/MainProcess] Task profiles.check_profile_heartbeats[67ff676b-3ccc-46fc-aaa4-de4506d92a63] received
[2026-05-11 18:08:32,431: INFO/MainProcess] Task profiles.check_profile_heartbeats[67ff676b-3ccc-46fc-aaa4-de4506d92a63] succeeded in 0.09524569999484811s: {'stale': 0}
[2026-05-11 18:08:32,435: INFO/MainProcess] Task profiles.check_profile_heartbeats[ad70d955-cf9f-4747-b6e9-f7b99dbb47b5] received
[2026-05-11 18:08:32,530: INFO/MainProcess] Task profiles.check_profile_heartbeats[ad70d955-cf9f-4747-b6e9-f7b99dbb47b5] succeeded in 0.09395080000103917s: {'stale': 0}
[2026-05-11 18:08:32,534: INFO/MainProcess] Task profiles.sync_gologin_profiles[a7a6114d-754e-4d58-9f4b-0339d053ad75] received
[2026-05-11 18:08:33,629: INFO/MainProcess] 14 of 14 channels over capacity in group dashboard
[2026-05-11 18:08:33,648: INFO/MainProcess] 14 of 14 channels over capacity in group dashboard
[2026-05-11 18:08:33,667: INFO/MainProcess] 14 of 14 channels over capacity in group dashboard
[2026-05-11 18:08:33,687: INFO/MainProcess] 14 of 14 channels over capacity in group dashboard
[2026-05-11 18:08:33,707: INFO/MainProcess] 14 of 14 channels over capacity in group dashboard
[2026-05-11 18:08:33,726: INFO/MainProcess] 14 of 14 channels over capacity in group dashboard
[2026-05-11 18:08:33,745: INFO/MainProcess] 14 of 14 channels over capacity in group dashboard
[2026-05-11 18:08:33,765: INFO/MainProcess] 14 of 14 channels over capacity in group dashboard
[2026-05-11 18:08:33,785: INFO/MainProcess] 14 of 14 channels over capacity in group dashboard
[2026-05-11 18:08:33,804: INFO/MainProcess] 14 of 14 channels over capacity in group dashboard
[2026-05-11 18:08:33,822: INFO/MainProcess] 14 of 14 channels over capacity in group dashboard
[2026-05-11 18:08:33,840: INFO/MainProcess] 14 of 14 channels over capacity in group dashboard
[2026-05-11 18:08:33,859: INFO/MainProcess] 14 of 14 channels over capacity in group dashboard
[2026-05-11 18:08:33,879: INFO/MainProcess] 14 of 14 channels over capacity in group dashboard
[2026-05-11 18:08:33,897: INFO/MainProcess] 14 of 14 channels over capacity in group dashboard
[2026-05-11 18:08:33,916: INFO/MainProcess] 14 of 14 channels over capacity in group dashboard
[2026-05-11 18:08:33,934: INFO/MainProcess] 14 of 14 channels over capacity in group dashboard
[2026-05-11 18:08:33,954: INFO/MainProcess] 14 of 14 channels over capacity in group dashboard
[2026-05-11 18:08:33,973: INFO/MainProcess] 14 of 14 channels over capacity in group dashboard
[2026-05-11 18:08:33,995: INFO/MainProcess] Task profiles.sync_gologin_profiles[a7a6114d-754e-4d58-9f4b-0339d053ad75] succeeded in 1.4598258000041824s: {'status': 'ok', 'remote': 30, 'created': 0, 'synced': 30, 'renamed': 0, 'missing': 19}
[2026-05-11 18:08:34,000: INFO/MainProcess] Task profiles.check_profile_heartbeats[b6f1c0a7-9ffd-4859-b869-6ff4a8655ea5] received
[2026-05-11 18:08:34,092: INFO/MainProcess] Task profiles.check_profile_heartbeats[b6f1c0a7-9ffd-4859-b869-6ff4a8655ea5] succeeded in 0.09224379999795929s: {'stale': 0}
[2026-05-11 18:08:34,098: INFO/MainProcess] Task profiles.check_profile_heartbeats[f5edfdaf-378e-4d60-b955-7e307db603ff] received
[2026-05-11 18:08:34,195: INFO/MainProcess] Task profiles.check_profile_heartbeats[f5edfdaf-378e-4d60-b955-7e307db603ff] succeeded in 0.09716560000379104s: {'stale': 0}
[2026-05-11 18:08:34,199: INFO/MainProcess] Task profiles.check_profile_heartbeats[26a05d48-628b-4405-ab0a-1a26f614884d] received
[2026-05-11 18:08:34,286: INFO/MainProcess] Task profiles.check_profile_heartbeats[26a05d48-628b-4405-ab0a-1a26f614884d] succeeded in 0.08632869999564718s: {'stale': 0}
[2026-05-11 18:08:34,290: INFO/MainProcess] Task profiles.check_profile_heartbeats[e2b88b24-9f5c-47d2-b8ab-a9e5f6b98139] received
[2026-05-11 18:08:34,390: INFO/MainProcess] Task profiles.check_profile_heartbeats[e2b88b24-9f5c-47d2-b8ab-a9e5f6b98139] succeeded in 0.09907189999648836s: {'stale': 0}
[2026-05-11 18:08:34,394: INFO/MainProcess] Task profiles.check_profile_heartbeats[753a3656-5f84-4c83-9142-1e2ec4a59c57] received
[2026-05-11 18:08:34,492: INFO/MainProcess] Task profiles.check_profile_heartbeats[753a3656-5f84-4c83-9142-1e2ec4a59c57] succeeded in 0.09728739999991376s: {'stale': 0}
[2026-05-11 18:08:34,495: INFO/MainProcess] Task profiles.check_profile_heartbeats[75171b24-e266-4224-a20b-a0525e78ff3e] received
[2026-05-11 18:08:34,589: INFO/MainProcess] Task profiles.check_profile_heartbeats[75171b24-e266-4224-a20b-a0525e78ff3e] succeeded in 0.09330339998996351s: {'stale': 0}
[2026-05-11 18:08:34,593: INFO/MainProcess] Task profiles.sync_gologin_profiles[e1e4b91a-eb2f-40e7-b103-a0a32fe9e539] received
[2026-05-11 18:08:35,622: INFO/MainProcess] 14 of 14 channels over capacity in group dashboard
[2026-05-11 18:08:35,641: INFO/MainProcess] 14 of 14 channels over capacity in group dashboard
[2026-05-11 18:08:35,662: INFO/MainProcess] 14 of 14 channels over capacity in group dashboard
[2026-05-11 18:08:35,682: INFO/MainProcess] 14 of 14 channels over capacity in group dashboard
[2026-05-11 18:08:35,701: INFO/MainProcess] 14 of 14 channels over capacity in group dashboard
[2026-05-11 18:08:35,719: INFO/MainProcess] 14 of 14 channels over capacity in group dashboard
[2026-05-11 18:08:35,748: INFO/MainProcess] 14 of 14 channels over capacity in group dashboard
[2026-05-11 18:08:35,767: INFO/MainProcess] 14 of 14 channels over capacity in group dashboard
[2026-05-11 18:08:35,786: INFO/MainProcess] 14 of 14 channels over capacity in group dashboard
[2026-05-11 18:08:35,805: INFO/MainProcess] 14 of 14 channels over capacity in group dashboard
[2026-05-11 18:08:35,824: INFO/MainProcess] 14 of 14 channels over capacity in group dashboard
[2026-05-11 18:08:35,843: INFO/MainProcess] 14 of 14 channels over capacity in group dashboard
[2026-05-11 18:08:35,863: INFO/MainProcess] 14 of 14 channels over capacity in group dashboard
[2026-05-11 18:08:35,881: INFO/MainProcess] 14 of 14 channels over capacity in group dashboard
[2026-05-11 18:08:35,900: INFO/MainProcess] 14 of 14 channels over capacity in group dashboard
[2026-05-11 18:08:35,918: INFO/MainProcess] 14 of 14 channels over capacity in group dashboard
[2026-05-11 18:08:35,936: INFO/MainProcess] 14 of 14 channels over capacity in group dashboard
[2026-05-11 18:08:35,958: INFO/MainProcess] 14 of 14 channels over capacity in group dashboard
[2026-05-11 18:08:35,976: INFO/MainProcess] 14 of 14 channels over capacity in group dashboard
[2026-05-11 18:08:35,998: INFO/MainProcess] Task profiles.sync_gologin_profiles[e1e4b91a-eb2f-40e7-b103-a0a32fe9e539] succeeded in 1.4034925000014482s: {'status': 'ok', 'remote': 30, 'created': 0, 'synced': 30, 'renamed': 0, 'missing': 19}
[2026-05-11 18:08:36,003: INFO/MainProcess] Task profiles.check_profile_heartbeats[9f631228-81ec-4835-857d-fb67c4b4de2f] received
[2026-05-11 18:08:36,103: INFO/MainProcess] Task profiles.check_profile_heartbeats[9f631228-81ec-4835-857d-fb67c4b4de2f] succeeded in 0.0992028000036953s: {'stale': 0}
[2026-05-11 18:08:36,107: INFO/MainProcess] Task profiles.check_profile_heartbeats[b5e8abcd-0276-49e8-b711-1900f982e5c0] received
[2026-05-11 18:08:36,214: INFO/MainProcess] Task profiles.check_profile_heartbeats[b5e8abcd-0276-49e8-b711-1900f982e5c0] succeeded in 0.1072007000038866s: {'stale': 0}
[2026-05-11 18:08:36,218: INFO/MainProcess] Task profiles.check_profile_heartbeats[68c0c1ca-4d8d-4d08-a5a5-ea6ba3de98f1] received
[2026-05-11 18:08:36,312: INFO/MainProcess] Task profiles.check_profile_heartbeats[68c0c1ca-4d8d-4d08-a5a5-ea6ba3de98f1] succeeded in 0.09351089999836404s: {'stale': 0}
[2026-05-11 18:08:36,316: INFO/MainProcess] Task profiles.check_profile_heartbeats[5c7365d1-fdaa-4076-9170-cbe05cad69d9] received
[2026-05-11 18:08:36,409: INFO/MainProcess] Task profiles.check_profile_heartbeats[5c7365d1-fdaa-4076-9170-cbe05cad69d9] succeeded in 0.09191200000350364s: {'stale': 0}
[2026-05-11 18:08:36,413: INFO/MainProcess] Task profiles.check_profile_heartbeats[b6ef4aa1-a4cb-4555-8720-37d37c9ca555] received
[2026-05-11 18:08:36,508: INFO/MainProcess] Task profiles.check_profile_heartbeats[b6ef4aa1-a4cb-4555-8720-37d37c9ca555] succeeded in 0.09503539999423083s: {'stale': 0}
[2026-05-11 18:08:36,512: INFO/MainProcess] Task profiles.check_profile_heartbeats[4bf3b92f-2b96-4c4e-8a5f-40145eab3fe5] received
[2026-05-11 18:08:36,637: INFO/MainProcess] Task profiles.check_profile_heartbeats[4bf3b92f-2b96-4c4e-8a5f-40145eab3fe5] succeeded in 0.12382540000544395s: {'stale': 0}
[2026-05-11 18:08:36,640: INFO/MainProcess] Task profiles.sync_gologin_profiles[6df94ae0-55c1-4b68-8b50-cdcebf666ab7] received
[2026-05-11 18:08:37,733: INFO/MainProcess] 14 of 14 channels over capacity in group dashboard
[2026-05-11 18:08:37,751: INFO/MainProcess] 14 of 14 channels over capacity in group dashboard
[2026-05-11 18:08:37,770: INFO/MainProcess] 14 of 14 channels over capacity in group dashboard
[2026-05-11 18:08:37,789: INFO/MainProcess] 14 of 14 channels over capacity in group dashboard
[2026-05-11 18:08:37,808: INFO/MainProcess] 14 of 14 channels over capacity in group dashboard
[2026-05-11 18:08:37,828: INFO/MainProcess] 14 of 14 channels over capacity in group dashboard
[2026-05-11 18:08:37,847: INFO/MainProcess] 14 of 14 channels over capacity in group dashboard
[2026-05-11 18:08:37,865: INFO/MainProcess] 14 of 14 channels over capacity in group dashboard
[2026-05-11 18:08:37,884: INFO/MainProcess] 14 of 14 channels over capacity in group dashboard
[2026-05-11 18:08:37,903: INFO/MainProcess] 14 of 14 channels over capacity in group dashboard
[2026-05-11 18:08:37,923: INFO/MainProcess] 14 of 14 channels over capacity in group dashboard
[2026-05-11 18:08:37,942: INFO/MainProcess] 14 of 14 channels over capacity in group dashboard
[2026-05-11 18:08:37,962: INFO/MainProcess] 14 of 14 channels over capacity in group dashboard
[2026-05-11 18:08:37,981: INFO/MainProcess] 14 of 14 channels over capacity in group dashboard
[2026-05-11 18:08:38,001: INFO/MainProcess] 14 of 14 channels over capacity in group dashboard
[2026-05-11 18:08:38,020: INFO/MainProcess] 14 of 14 channels over capacity in group dashboard
[2026-05-11 18:08:38,039: INFO/MainProcess] 14 of 14 channels over capacity in group dashboard
[2026-05-11 18:08:38,059: INFO/MainProcess] 14 of 14 channels over capacity in group dashboard
[2026-05-11 18:08:38,078: INFO/MainProcess] 14 of 14 channels over capacity in group dashboard
[2026-05-11 18:08:38,099: INFO/MainProcess] Task profiles.sync_gologin_profiles[6df94ae0-55c1-4b68-8b50-cdcebf666ab7] succeeded in 1.4577508000074886s: {'status': 'ok', 'remote': 30, 'created': 0, 'synced': 30, 'renamed': 0, 'missing': 19}
[2026-05-11 18:08:38,104: INFO/MainProcess] Task profiles.check_profile_heartbeats[2f5d43e3-2f98-431f-b6ec-28f232d7c377] received
[2026-05-11 18:08:38,210: INFO/MainProcess] Task profiles.check_profile_heartbeats[2f5d43e3-2f98-431f-b6ec-28f232d7c377] succeeded in 0.10564449999947101s: {'stale': 0}
[2026-05-11 18:08:38,214: INFO/MainProcess] Task profiles.sync_gologin_profiles[31016c39-3396-4e45-9136-c13726b30884] received
[2026-05-11 18:08:39,283: INFO/MainProcess] 14 of 14 channels over capacity in group dashboard
[2026-05-11 18:08:39,302: INFO/MainProcess] 14 of 14 channels over capacity in group dashboard
[2026-05-11 18:08:39,320: INFO/MainProcess] 14 of 14 channels over capacity in group dashboard
[2026-05-11 18:08:39,340: INFO/MainProcess] 14 of 14 channels over capacity in group dashboard
[2026-05-11 18:08:39,358: INFO/MainProcess] 14 of 14 channels over capacity in group dashboard
[2026-05-11 18:08:39,380: INFO/MainProcess] 14 of 14 channels over capacity in group dashboard
[2026-05-11 18:08:39,398: INFO/MainProcess] 14 of 14 channels over capacity in group dashboard
[2026-05-11 18:08:39,416: INFO/MainProcess] 14 of 14 channels over capacity in group dashboard
[2026-05-11 18:08:39,435: INFO/MainProcess] 14 of 14 channels over capacity in group dashboard
[2026-05-11 18:08:39,454: INFO/MainProcess] 14 of 14 channels over capacity in group dashboard
[2026-05-11 18:08:39,473: INFO/MainProcess] 14 of 14 channels over capacity in group dashboard
[2026-05-11 18:08:39,493: INFO/MainProcess] 14 of 14 channels over capacity in group dashboard
[2026-05-11 18:08:39,512: INFO/MainProcess] 14 of 14 channels over capacity in group dashboard
[2026-05-11 18:08:39,530: INFO/MainProcess] 14 of 14 channels over capacity in group dashboard
[2026-05-11 18:08:39,549: INFO/MainProcess] 14 of 14 channels over capacity in group dashboard
[2026-05-11 18:08:39,567: INFO/MainProcess] 14 of 14 channels over capacity in group dashboard
[2026-05-11 18:08:39,585: INFO/MainProcess] 14 of 14 channels over capacity in group dashboard
[2026-05-11 18:08:39,607: INFO/MainProcess] 14 of 14 channels over capacity in group dashboard
[2026-05-11 18:08:39,670: INFO/MainProcess] 14 of 14 channels over capacity in group dashboard
[2026-05-11 18:08:39,690: INFO/MainProcess] Task profiles.sync_gologin_profiles[31016c39-3396-4e45-9136-c13726b30884] succeeded in 1.475811900003464s: {'status': 'ok', 'remote': 30, 'created': 0, 'synced': 30, 'renamed': 0, 'missing': 19}
[2026-05-11 18:08:39,696: INFO/MainProcess] Task profiles.check_profile_heartbeats[6b551f8b-3743-4ebb-bd12-26aded613218] received
[2026-05-11 18:08:39,789: INFO/MainProcess] Task profiles.check_profile_heartbeats[6b551f8b-3743-4ebb-bd12-26aded613218] succeeded in 0.09294810000574216s: {'stale': 0}
[2026-05-11 18:08:39,794: INFO/MainProcess] Task profiles.check_profile_heartbeats[8c1a31fb-31df-4072-ba6a-3f26c974145a] received
[2026-05-11 18:08:39,890: INFO/MainProcess] Task profiles.check_profile_heartbeats[8c1a31fb-31df-4072-ba6a-3f26c974145a] succeeded in 0.09530309999536257s: {'stale': 0}
[2026-05-11 18:09:32,719: INFO/MainProcess] Connected to redis://localhost:6379/0
[2026-05-11 18:09:34,754: INFO/MainProcess] mingle: searching for neighbors
[2026-05-11 18:09:42,204: INFO/MainProcess] mingle: all alone
[2026-05-11 18:09:52,434: INFO/MainProcess] default@DESKTOP-AL8P1A2 ready.
[2026-05-11 18:09:52,439: INFO/MainProcess] Task profiles.check_profile_heartbeats[8ce7b8cf-54e6-43d0-b4b4-dcd3411da386] received
[2026-05-11 18:09:52,554: INFO/MainProcess] Task profiles.check_profile_heartbeats[8ce7b8cf-54e6-43d0-b4b4-dcd3411da386] succeeded in 0.11403989999962505s: {'stale': 0}
[2026-05-11 18:10:01,605: INFO/MainProcess] Task profiles.check_profile_heartbeats[99b5ee12-b0f9-4a82-ae2b-b1e3f47552e6] received
[2026-05-11 18:10:01,698: INFO/MainProcess] Task profiles.check_profile_heartbeats[99b5ee12-b0f9-4a82-ae2b-b1e3f47552e6] succeeded in 0.09253890000400133s: {'stale': 0}
[2026-05-11 18:10:31,679: INFO/MainProcess] Task profiles.check_profile_heartbeats[f8be40ba-3fb4-4fed-9de4-32c196467f7c] received
[2026-05-11 18:10:31,778: INFO/MainProcess] Task profiles.check_profile_heartbeats[f8be40ba-3fb4-4fed-9de4-32c196467f7c] succeeded in 0.09861850000743289s: {'stale': 0}
[2026-05-11 18:10:59,527: INFO/MainProcess] Task profiles.sync_gologin_profiles[c99e2a23-f28a-47ce-bf52-6662717091d1] received
[2026-05-11 18:11:00,946: INFO/MainProcess] Task profiles.sync_gologin_profiles[c99e2a23-f28a-47ce-bf52-6662717091d1] succeeded in 1.4177240999997593s: {'status': 'ok', 'remote': 30, 'created': 0, 'synced': 30, 'renamed': 0, 'missing': 19}
[2026-05-11 18:11:01,748: INFO/MainProcess] Task profiles.check_profile_heartbeats[20cfac19-cd16-4056-b569-88d83c217ab0] received
[2026-05-11 18:11:01,853: INFO/MainProcess] Task profiles.check_profile_heartbeats[20cfac19-cd16-4056-b569-88d83c217ab0] succeeded in 0.10481000000436325s: {'stale': 0}
[2026-05-11 18:11:31,827: INFO/MainProcess] Task profiles.check_profile_heartbeats[1499f7f3-abd6-48db-9072-f254c616e6f2] received
[2026-05-11 18:11:31,935: INFO/MainProcess] Task profiles.check_profile_heartbeats[1499f7f3-abd6-48db-9072-f254c616e6f2] succeeded in 0.10773449999396689s: {'stale': 0}
[2026-05-11 18:12:01,899: INFO/MainProcess] Task profiles.check_profile_heartbeats[e5ad2eaa-086c-4b3c-ac08-0529d3144385] received
[2026-05-11 18:12:01,998: INFO/MainProcess] Task profiles.check_profile_heartbeats[e5ad2eaa-086c-4b3c-ac08-0529d3144385] succeeded in 0.09899650000443216s: {'stale': 0}
[2026-05-11 18:12:31,962: INFO/MainProcess] Task profiles.check_profile_heartbeats[176160d1-0dd9-4ed9-a5f6-b4ee0cbd63b3] received
[2026-05-11 18:12:32,072: INFO/MainProcess] Task profiles.check_profile_heartbeats[176160d1-0dd9-4ed9-a5f6-b4ee0cbd63b3] succeeded in 0.10938520000490826s: {'stale': 0}
[2026-05-11 18:13:02,021: INFO/MainProcess] Task profiles.check_profile_heartbeats[d15580d6-4c13-4823-81d8-54ce060dd650] received
[2026-05-11 18:13:02,118: INFO/MainProcess] Task profiles.check_profile_heartbeats[d15580d6-4c13-4823-81d8-54ce060dd650] succeeded in 0.09641640000336338s: {'stale': 0}
[2026-05-11 18:13:32,088: INFO/MainProcess] Task profiles.check_profile_heartbeats[629b37f6-8a9b-47dc-9223-42f3d9ff261a] received
[2026-05-11 18:13:32,188: INFO/MainProcess] Task profiles.check_profile_heartbeats[629b37f6-8a9b-47dc-9223-42f3d9ff261a] succeeded in 0.09961109999858309s: {'stale': 0}
[2026-05-11 18:13:59,606: INFO/MainProcess] Task profiles.sync_gologin_profiles[62e22665-e44a-4e61-9463-bc736602b900] received
[2026-05-11 18:14:01,968: INFO/MainProcess] Task profiles.sync_gologin_profiles[62e22665-e44a-4e61-9463-bc736602b900] succeeded in 2.361177700004191s: {'status': 'ok', 'remote': 30, 'created': 0, 'synced': 30, 'renamed': 0, 'missing': 19}
[2026-05-11 18:14:02,141: INFO/MainProcess] Task profiles.check_profile_heartbeats[2aed992b-262c-4bbd-ac1f-ec10c19ca60b] received
[2026-05-11 18:14:02,231: INFO/MainProcess] Task profiles.check_profile_heartbeats[2aed992b-262c-4bbd-ac1f-ec10c19ca60b] succeeded in 0.08892419999756385s: {'stale': 0}
[2026-05-11 18:14:32,474: INFO/MainProcess] Task profiles.check_profile_heartbeats[8d913d7b-f2d3-4ebf-b9f2-1244a447b95c] received
[2026-05-11 18:14:32,572: INFO/MainProcess] Task profiles.check_profile_heartbeats[8d913d7b-f2d3-4ebf-b9f2-1244a447b95c] succeeded in 0.09771750000072643s: {'stale': 0}
[2026-05-11 18:15:02,538: INFO/MainProcess] Task profiles.check_profile_heartbeats[75be9629-f17d-4240-87fa-68b3808f1939] received
[2026-05-11 18:15:02,640: INFO/MainProcess] Task profiles.check_profile_heartbeats[75be9629-f17d-4240-87fa-68b3808f1939] succeeded in 0.10199209999700543s: {'stale': 0}
[2026-05-11 18:15:32,598: INFO/MainProcess] Task profiles.check_profile_heartbeats[f856de5d-5a88-4edc-93fd-19066004df41] received
[2026-05-11 18:15:32,703: INFO/MainProcess] Task profiles.check_profile_heartbeats[f856de5d-5a88-4edc-93fd-19066004df41] succeeded in 0.10481900000013411s: {'stale': 0}
[2026-05-11 18:16:02,663: INFO/MainProcess] Task profiles.check_profile_heartbeats[cdea4e55-90f0-430e-9e1b-1306177adc1b] received
[2026-05-11 18:16:02,764: INFO/MainProcess] Task profiles.check_profile_heartbeats[cdea4e55-90f0-430e-9e1b-1306177adc1b] succeeded in 0.09963939999579452s: {'stale': 0}
[2026-05-11 18:16:32,724: INFO/MainProcess] Task profiles.check_profile_heartbeats[13b8ab5e-54df-4f16-bb90-6873547eed3b] received
[2026-05-11 18:16:32,827: INFO/MainProcess] Task profiles.check_profile_heartbeats[13b8ab5e-54df-4f16-bb90-6873547eed3b] succeeded in 0.10261109999555629s: {'stale': 0}
[2026-05-11 18:16:59,664: INFO/MainProcess] Task profiles.sync_gologin_profiles[15e55ba8-4a05-43e2-9042-dc66be393fb5] received
[2026-05-11 18:17:01,248: INFO/MainProcess] Task profiles.sync_gologin_profiles[15e55ba8-4a05-43e2-9042-dc66be393fb5] succeeded in 1.5832538999966346s: {'status': 'ok', 'remote': 30, 'created': 0, 'synced': 30, 'renamed': 0, 'missing': 19}
[2026-05-11 18:17:02,795: INFO/MainProcess] Task profiles.check_profile_heartbeats[b723b817-59d2-4cee-85ca-fa0754faf45d] received
[2026-05-11 18:17:02,892: INFO/MainProcess] Task profiles.check_profile_heartbeats[b723b817-59d2-4cee-85ca-fa0754faf45d] succeeded in 0.09599099999468308s: {'stale': 0}
[2026-05-11 18:17:32,855: INFO/MainProcess] Task profiles.check_profile_heartbeats[36dd70f1-89bc-4169-bc31-5fe5b75c1e9e] received
[2026-05-11 18:17:32,947: INFO/MainProcess] Task profiles.check_profile_heartbeats[36dd70f1-89bc-4169-bc31-5fe5b75c1e9e] succeeded in 0.09137860000191722s: {'stale': 0}
[2026-05-11 18:20:34,103: INFO/MainProcess] missed heartbeat from retry@DESKTOP-AL8P1A2
[2026-05-11 18:20:34,822: INFO/MainProcess] Task profiles.sync_gologin_profiles[37a59458-31ed-436d-b292-d28b2f581e56] received
[2026-05-11 18:20:34,971: INFO/MainProcess] Task profiles.sync_gologin_profiles[37a59458-31ed-436d-b292-d28b2f581e56] succeeded in 0.14864299999317154s: {'status': 'failed', 'error': 'HTTPSConnectionPool(host=\'api.gologin.com\', port=443): Max retries exceeded with url: /browser/v2?page=1&perPage=50 (Caused by NameResolutionError("HTTPSConnection(host=\'api.gologin.com\', port=443): Failed to resolve \'api.gologin.com\' ([Errno 11001] getaddrinfo failed)"))'}
[2026-05-11 18:20:34,987: INFO/MainProcess] Task profiles.check_profile_heartbeats[1dcfdf16-de8f-4a7b-ad36-2c4898a4d0f5] received
[2026-05-11 18:20:35,128: INFO/MainProcess] Task profiles.check_profile_heartbeats[1dcfdf16-de8f-4a7b-ad36-2c4898a4d0f5] succeeded in 0.14043470000615343s: {'stale': 0}
[2026-05-11 18:44:34,343: INFO/MainProcess] missed heartbeat from incoming@DESKTOP-AL8P1A2
[2026-05-11 18:44:34,344: INFO/MainProcess] missed heartbeat from campaign@DESKTOP-AL8P1A2
[2026-05-11 18:44:34,344: INFO/MainProcess] missed heartbeat from retry@DESKTOP-AL8P1A2
[2026-05-11 18:44:35,801: INFO/MainProcess] Task profiles.sync_gologin_profiles[a26f8203-6347-413e-9653-4ff9ee248282] received
[2026-05-11 18:44:35,976: INFO/MainProcess] Task profiles.sync_gologin_profiles[a26f8203-6347-413e-9653-4ff9ee248282] succeeded in 0.17337819997919723s: {'status': 'failed', 'error': 'HTTPSConnectionPool(host=\'api.gologin.com\', port=443): Max retries exceeded with url: /browser/v2?page=1&perPage=50 (Caused by NameResolutionError("HTTPSConnection(host=\'api.gologin.com\', port=443): Failed to resolve \'api.gologin.com\' ([Errno 11001] getaddrinfo failed)"))'}
[2026-05-11 18:44:36,032: INFO/MainProcess] Task profiles.check_profile_heartbeats[aeaf8abc-8430-44c6-804f-1edb5e48aa60] received
[2026-05-11 18:44:36,136: INFO/MainProcess] Task profiles.check_profile_heartbeats[aeaf8abc-8430-44c6-804f-1edb5e48aa60] succeeded in 0.10352430000784807s: {'stale': 0}
[2026-05-11 18:45:06,096: INFO/MainProcess] Task profiles.check_profile_heartbeats[26732479-3dc3-4b8c-8f49-c1aa62842dd0] received
[2026-05-11 18:45:06,193: INFO/MainProcess] Task profiles.check_profile_heartbeats[26732479-3dc3-4b8c-8f49-c1aa62842dd0] succeeded in 0.09658750001108274s: {'stale': 0}
[2026-05-11 18:45:36,155: INFO/MainProcess] Task profiles.check_profile_heartbeats[632bae0e-9ca5-42ee-a963-0d0296ed1324] received
[2026-05-11 18:45:36,253: INFO/MainProcess] Task profiles.check_profile_heartbeats[632bae0e-9ca5-42ee-a963-0d0296ed1324] succeeded in 0.09765149999293499s: {'stale': 0}
[2026-05-11 18:46:06,296: INFO/MainProcess] Task profiles.check_profile_heartbeats[83168ebf-c448-48f9-909a-eb51bce6e91e] received
[2026-05-11 18:46:06,418: INFO/MainProcess] Task profiles.check_profile_heartbeats[83168ebf-c448-48f9-909a-eb51bce6e91e] succeeded in 0.12186499999370426s: {'stale': 0}
[2026-05-11 18:46:36,355: INFO/MainProcess] Task profiles.check_profile_heartbeats[2ece6709-c0e0-4736-8466-4b386f0d6809] received
[2026-05-11 18:46:36,445: INFO/MainProcess] Task profiles.check_profile_heartbeats[2ece6709-c0e0-4736-8466-4b386f0d6809] succeeded in 0.08948000002419576s: {'stale': 0}
[2026-05-11 18:47:06,409: INFO/MainProcess] Task profiles.check_profile_heartbeats[959132ee-e12f-4ddf-bf09-5e5ca4525446] received
[2026-05-11 18:47:06,503: INFO/MainProcess] Task profiles.check_profile_heartbeats[959132ee-e12f-4ddf-bf09-5e5ca4525446] succeeded in 0.09310580001329072s: {'stale': 0}
[2026-05-11 18:47:36,025: INFO/MainProcess] Task profiles.sync_gologin_profiles[c584e229-5df4-4ecc-a174-fb0a8d0638b3] received
[2026-05-11 18:47:37,339: INFO/MainProcess] Task profiles.sync_gologin_profiles[c584e229-5df4-4ecc-a174-fb0a8d0638b3] succeeded in 1.3132999000081327s: {'status': 'ok', 'remote': 30, 'created': 0, 'synced': 30, 'renamed': 0, 'missing': 19}
[2026-05-11 18:47:37,344: INFO/MainProcess] Task profiles.check_profile_heartbeats[a9f0135d-ac08-4b2c-a42c-c0d05dc491dd] received
[2026-05-11 18:47:37,444: INFO/MainProcess] Task profiles.check_profile_heartbeats[a9f0135d-ac08-4b2c-a42c-c0d05dc491dd] succeeded in 0.0990546999964863s: {'stale': 0}
[2026-05-11 18:48:06,534: INFO/MainProcess] Task profiles.check_profile_heartbeats[2e65c041-22a4-4834-a5c8-bb36c8689b84] received
[2026-05-11 18:48:06,627: INFO/MainProcess] Task profiles.check_profile_heartbeats[2e65c041-22a4-4834-a5c8-bb36c8689b84] succeeded in 0.09218480001436546s: {'stale': 0}
[2026-05-11 18:48:36,593: INFO/MainProcess] Task profiles.check_profile_heartbeats[bea6127b-7f0f-4f1e-976f-4172fedee148] received
[2026-05-11 18:48:36,712: INFO/MainProcess] Task profiles.check_profile_heartbeats[bea6127b-7f0f-4f1e-976f-4172fedee148] succeeded in 0.11813830002211034s: {'stale': 0}
[2026-05-11 18:49:06,665: INFO/MainProcess] Task profiles.check_profile_heartbeats[7c0f2b66-a59d-4345-8357-ee28b974a1e8] received
[2026-05-11 18:49:06,767: INFO/MainProcess] Task profiles.check_profile_heartbeats[7c0f2b66-a59d-4345-8357-ee28b974a1e8] succeeded in 0.10134379999362864s: {'stale': 0}
[2026-05-11 18:49:25,835: INFO/MainProcess] Task profiles.ensure_profile_runtime[e408382f-a371-4692-9212-86e90eae6842] received
[2026-05-11 18:49:31,903: WARNING/MainProcess] filename
[2026-05-11 18:49:31,903: WARNING/MainProcess]  
[2026-05-11 18:49:31,903: WARNING/MainProcess] C:\Users\admin\Desktop\Backend\venv\Lib\site-packages\gologin\gologin.py
[2026-05-11 18:49:31,995: INFO/MainProcess] Task profiles.ensure_profile_runtime[e408382f-a371-4692-9212-86e90eae6842] succeeded in 5.1848327000043355s: {'status': 'failed', 'error': '[Errno 13] Permission denied: \'C:\\Users\\admin\\AppData\\Local\\Temp\\gologin_69ff136f053556332e3e2774\\Default\\Network\\Cookies\''}
[2026-05-11 18:49:36,724: INFO/MainProcess] Task profiles.check_profile_heartbeats[82182cf7-03f0-4b59-bee1-8e459dd65746] received
[2026-05-11 18:49:36,816: INFO/MainProcess] Task profiles.check_profile_heartbeats[82182cf7-03f0-4b59-bee1-8e459dd65746] succeeded in 0.09123269998235628s: {'stale': 0}
[2026-05-11 18:50:06,787: INFO/MainProcess] Task profiles.check_profile_heartbeats[2fdf6727-f694-4cb5-80a0-d150c55016ca] received
[2026-05-11 18:50:06,984: INFO/MainProcess] Task profiles.check_profile_heartbeats[2fdf6727-f694-4cb5-80a0-d150c55016ca] succeeded in 0.1966293999867048s: {'stale': 0}
[2026-05-11 18:50:36,181: INFO/MainProcess] Task profiles.sync_gologin_profiles[dd32fc3f-eecf-4f20-9767-bbc3b7d364ec] received
[2026-05-11 18:50:37,649: INFO/MainProcess] Task profiles.sync_gologin_profiles[dd32fc3f-eecf-4f20-9767-bbc3b7d364ec] succeeded in 1.4664977999927942s: {'status': 'ok', 'remote': 30, 'created': 0, 'synced': 30, 'renamed': 0, 'missing': 19}
[2026-05-11 18:50:37,655: INFO/MainProcess] Task profiles.check_profile_heartbeats[924112db-b4a5-46bf-bfc3-ef31e7be9b59] received
[2026-05-11 18:50:37,760: INFO/MainProcess] Task profiles.check_profile_heartbeats[924112db-b4a5-46bf-bfc3-ef31e7be9b59] succeeded in 0.10433119998197071s: {'stale': 0}
[2026-05-11 18:51:06,910: INFO/MainProcess] Task profiles.check_profile_heartbeats[8efd4c36-405c-486e-9219-b7d94c04f18c] received
[2026-05-11 18:51:07,008: INFO/MainProcess] Task profiles.check_profile_heartbeats[8efd4c36-405c-486e-9219-b7d94c04f18c] succeeded in 0.09702799998922274s: {'stale': 0}
[2026-05-11 18:51:36,968: INFO/MainProcess] Task profiles.check_profile_heartbeats[daf258de-29da-4245-9e9f-5cec9912126a] received
[2026-05-11 18:51:37,058: INFO/MainProcess] Task profiles.check_profile_heartbeats[daf258de-29da-4245-9e9f-5cec9912126a] succeeded in 0.08930670001427643s: {'stale': 0}
[2026-05-11 18:52:07,031: INFO/MainProcess] Task profiles.check_profile_heartbeats[31be65c1-3e5c-4d46-8b56-2a95ee54ab7e] received
[2026-05-11 18:52:07,138: INFO/MainProcess] Task profiles.check_profile_heartbeats[31be65c1-3e5c-4d46-8b56-2a95ee54ab7e] succeeded in 0.10604529999545775s: {'stale': 0}
[2026-05-11 18:52:37,088: INFO/MainProcess] Task profiles.check_profile_heartbeats[d6a498a4-16ce-49ca-beba-a872f7982e07] received
[2026-05-11 18:52:37,188: INFO/MainProcess] Task profiles.check_profile_heartbeats[d6a498a4-16ce-49ca-beba-a872f7982e07] succeeded in 0.09948540001641959s: {'stale': 0}
[2026-05-11 18:53:07,148: INFO/MainProcess] Task profiles.check_profile_heartbeats[eaa87534-df0c-4bb1-8829-c695fe71bb8d] received
[2026-05-11 18:53:07,254: INFO/MainProcess] Task profiles.check_profile_heartbeats[eaa87534-df0c-4bb1-8829-c695fe71bb8d] succeeded in 0.10485740000149235s: {'stale': 0}
[2026-05-11 18:53:36,335: INFO/MainProcess] Task profiles.sync_gologin_profiles[e4483ef1-7601-4c3d-8c31-4418d06227ff] received
[2026-05-11 18:53:37,846: INFO/MainProcess] Task profiles.sync_gologin_profiles[e4483ef1-7601-4c3d-8c31-4418d06227ff] succeeded in 1.510344200010877s: {'status': 'ok', 'remote': 30, 'created': 0, 'synced': 30, 'renamed': 0, 'missing': 19}
[2026-05-11 18:53:37,852: INFO/MainProcess] Task profiles.check_profile_heartbeats[950634a3-9fe3-482e-b8c2-acd4b9463b83] received
[2026-05-11 18:53:37,953: INFO/MainProcess] Task profiles.check_profile_heartbeats[950634a3-9fe3-482e-b8c2-acd4b9463b83] succeeded in 0.1008696999924723s: {'stale': 0}
[2026-05-11 18:54:07,280: INFO/MainProcess] Task profiles.check_profile_heartbeats[ee1c8f2c-5fd6-4e84-884e-8235db193941] received
[2026-05-11 18:54:07,382: INFO/MainProcess] Task profiles.check_profile_heartbeats[ee1c8f2c-5fd6-4e84-884e-8235db193941] succeeded in 0.10148169999592938s: {'stale': 0}
[2026-05-11 18:54:37,299: INFO/MainProcess] Task profiles.check_profile_heartbeats[6c673ddf-f6c6-4234-8005-2627483fe33f] received
[2026-05-11 18:54:37,453: INFO/MainProcess] Task profiles.check_profile_heartbeats[6c673ddf-f6c6-4234-8005-2627483fe33f] succeeded in 0.15362940001068637s: {'stale': 0}
[2026-05-11 18:55:07,326: INFO/MainProcess] Task profiles.check_profile_heartbeats[9451d530-e3c1-4b77-a0e5-c73d677b285a] received
[2026-05-11 18:55:07,363: INFO/MainProcess] Task profiles.check_profile_heartbeats[9451d530-e3c1-4b77-a0e5-c73d677b285a] succeeded in 0.03670820000115782s: {'stale': 0}
[2026-05-11 18:55:37,346: INFO/MainProcess] Task profiles.check_profile_heartbeats[a89cc06a-e30a-40bb-9796-2d9f733a4bff] received
[2026-05-11 18:55:37,385: INFO/MainProcess] Task profiles.check_profile_heartbeats[a89cc06a-e30a-40bb-9796-2d9f733a4bff] succeeded in 0.03853910000179894s: {'stale': 0}
[2026-05-11 18:56:07,365: INFO/MainProcess] Task profiles.check_profile_heartbeats[7a852d0a-6fc4-4f4c-9f6b-7936446d1386] received
[2026-05-11 18:56:07,403: INFO/MainProcess] Task profiles.check_profile_heartbeats[7a852d0a-6fc4-4f4c-9f6b-7936446d1386] succeeded in 0.03792269999394193s: {'stale': 0}
[2026-05-11 18:56:36,388: INFO/MainProcess] Task profiles.sync_gologin_profiles[6166f91c-7bee-454e-9713-e47c3948c196] received
[2026-05-11 18:56:37,228: INFO/MainProcess] Task profiles.sync_gologin_profiles[6166f91c-7bee-454e-9713-e47c3948c196] succeeded in 0.8399663000018336s: {'status': 'ok', 'remote': 30, 'created': 0, 'synced': 30, 'renamed': 0, 'missing': 19}
[2026-05-11 18:56:37,385: INFO/MainProcess] Task profiles.check_profile_heartbeats[2a474c62-4cd8-4ced-a097-fffe19b1d594] received
[2026-05-11 18:56:37,433: INFO/MainProcess] Task profiles.check_profile_heartbeats[2a474c62-4cd8-4ced-a097-fffe19b1d594] succeeded in 0.04750509999576025s: {'stale': 0}
[2026-05-11 18:57:07,404: INFO/MainProcess] Task profiles.check_profile_heartbeats[330d92fe-cea4-403e-88e1-698c6e8ccae4] received
[2026-05-11 18:57:07,441: INFO/MainProcess] Task profiles.check_profile_heartbeats[330d92fe-cea4-403e-88e1-698c6e8ccae4] succeeded in 0.037161100015509874s: {'stale': 0}
[2026-05-11 18:57:37,423: INFO/MainProcess] Task profiles.check_profile_heartbeats[37c97df0-471d-42de-9290-06dfec73a16b] received
[2026-05-11 18:57:37,460: INFO/MainProcess] Task profiles.check_profile_heartbeats[37c97df0-471d-42de-9290-06dfec73a16b] succeeded in 0.03628019997267984s: {'stale': 0}
[2026-05-11 18:58:07,443: INFO/MainProcess] Task profiles.check_profile_heartbeats[3e48a236-fed5-4b87-ae05-8793ab8f1b3c] received
[2026-05-11 18:58:07,483: INFO/MainProcess] Task profiles.check_profile_heartbeats[3e48a236-fed5-4b87-ae05-8793ab8f1b3c] succeeded in 0.039720100001432s: {'stale': 0}
[2026-05-11 18:58:37,463: INFO/MainProcess] Task profiles.check_profile_heartbeats[5ccae456-7b5a-4ec0-a3e4-7bfc4dd0a9f1] received
[2026-05-11 18:58:37,500: INFO/MainProcess] Task profiles.check_profile_heartbeats[5ccae456-7b5a-4ec0-a3e4-7bfc4dd0a9f1] succeeded in 0.03717220001271926s: {'stale': 0}
[2026-05-11 18:59:07,484: INFO/MainProcess] Task profiles.check_profile_heartbeats[37d9218b-4ef1-4c3a-946a-f61a17893fcf] received
[2026-05-11 18:59:07,522: INFO/MainProcess] Task profiles.check_profile_heartbeats[37d9218b-4ef1-4c3a-946a-f61a17893fcf] succeeded in 0.03709050000179559s: {'stale': 0}
[2026-05-11 18:59:36,447: INFO/MainProcess] Task profiles.sync_gologin_profiles[5b801b52-c18f-4e0d-9ffe-6e0efe6972c2] received
[2026-05-11 18:59:37,302: INFO/MainProcess] Task profiles.sync_gologin_profiles[5b801b52-c18f-4e0d-9ffe-6e0efe6972c2] succeeded in 0.8548777000105474s: {'status': 'ok', 'remote': 30, 'created': 0, 'synced': 30, 'renamed': 0, 'missing': 19}
[2026-05-11 18:59:37,507: INFO/MainProcess] Task profiles.check_profile_heartbeats[e3c89fc7-a15a-4d99-9afd-1e3ae5a2b293] received
[2026-05-11 18:59:37,555: INFO/MainProcess] Task profiles.check_profile_heartbeats[e3c89fc7-a15a-4d99-9afd-1e3ae5a2b293] succeeded in 0.04779040001449175s: {'stale': 0}
[2026-05-11 19:00:07,526: INFO/MainProcess] Task profiles.check_profile_heartbeats[2bd9bd3a-8501-4229-8b6e-36d24f978e32] received
[2026-05-11 19:00:07,572: INFO/MainProcess] Task profiles.check_profile_heartbeats[2bd9bd3a-8501-4229-8b6e-36d24f978e32] succeeded in 0.04560789998504333s: {'stale': 0}
[2026-05-11 19:00:37,547: INFO/MainProcess] Task profiles.check_profile_heartbeats[552c841e-71b8-44c0-9781-84c68bfb9703] received
[2026-05-11 19:00:37,586: INFO/MainProcess] Task profiles.check_profile_heartbeats[552c841e-71b8-44c0-9781-84c68bfb9703] succeeded in 0.03898789998493157s: {'stale': 0}
[2026-05-11 19:01:07,570: INFO/MainProcess] Task profiles.check_profile_heartbeats[35f70419-fc1f-4f4b-884a-5ce2ad957746] received
[2026-05-11 19:01:07,612: INFO/MainProcess] Task profiles.check_profile_heartbeats[35f70419-fc1f-4f4b-884a-5ce2ad957746] succeeded in 0.04259420000016689s: {'stale': 0}
[2026-05-11 19:01:37,589: INFO/MainProcess] Task profiles.check_profile_heartbeats[493fa5f0-68a3-4638-b42b-3484704b6fd3] received
[2026-05-11 19:01:37,627: INFO/MainProcess] Task profiles.check_profile_heartbeats[493fa5f0-68a3-4638-b42b-3484704b6fd3] succeeded in 0.03760270000202581s: {'stale': 0}
[2026-05-11 19:02:07,610: INFO/MainProcess] Task profiles.check_profile_heartbeats[49d1d3ba-94da-42c5-83ea-930466d5133f] received
[2026-05-11 19:02:07,655: INFO/MainProcess] Task profiles.check_profile_heartbeats[49d1d3ba-94da-42c5-83ea-930466d5133f] succeeded in 0.04521849998855032s: {'stale': 0}
[2026-05-11 19:02:36,543: INFO/MainProcess] Task profiles.sync_gologin_profiles[6dd1df9d-7647-4836-8358-3c187b019f45] received
[2026-05-11 19:02:37,462: INFO/MainProcess] Task profiles.sync_gologin_profiles[6dd1df9d-7647-4836-8358-3c187b019f45] succeeded in 0.9178269999974873s: {'status': 'ok', 'remote': 30, 'created': 0, 'synced': 30, 'renamed': 0, 'missing': 19}
[2026-05-11 19:02:37,631: INFO/MainProcess] Task profiles.check_profile_heartbeats[6e73a1ae-93d1-4f82-8809-31e3075eb91c] received
[2026-05-11 19:02:37,686: INFO/MainProcess] Task profiles.check_profile_heartbeats[6e73a1ae-93d1-4f82-8809-31e3075eb91c] succeeded in 0.05394559999695048s: {'stale': 0}
[2026-05-11 19:03:07,651: INFO/MainProcess] Task profiles.check_profile_heartbeats[d6f90ea1-f357-4d8e-8205-ac3bab7a42ad] received
[2026-05-11 19:03:07,693: INFO/MainProcess] Task profiles.check_profile_heartbeats[d6f90ea1-f357-4d8e-8205-ac3bab7a42ad] succeeded in 0.041624800011049956s: {'stale': 0}
[2026-05-11 19:03:37,671: INFO/MainProcess] Task profiles.check_profile_heartbeats[b07999e1-b0e3-40e3-8c19-abdab6b01a65] received
[2026-05-11 19:03:37,713: INFO/MainProcess] Task profiles.check_profile_heartbeats[b07999e1-b0e3-40e3-8c19-abdab6b01a65] succeeded in 0.04079440000350587s: {'stale': 0}
[2026-05-11 19:04:07,693: INFO/MainProcess] Task profiles.check_profile_heartbeats[cd7eb74c-9093-4884-8ee4-889f3bbd988d] received
[2026-05-11 19:04:07,735: INFO/MainProcess] Task profiles.check_profile_heartbeats[cd7eb74c-9093-4884-8ee4-889f3bbd988d] succeeded in 0.04183459997875616s: {'stale': 0}
[2026-05-11 19:04:37,711: INFO/MainProcess] Task profiles.check_profile_heartbeats[2faf5adb-31f3-4558-86d5-f0c71f019d7b] received
[2026-05-11 19:04:37,748: INFO/MainProcess] Task profiles.check_profile_heartbeats[2faf5adb-31f3-4558-86d5-f0c71f019d7b] succeeded in 0.036679400014691055s: {'stale': 0}
[2026-05-11 19:05:07,755: INFO/MainProcess] Task profiles.check_profile_heartbeats[ddabc37f-51e3-42d7-817c-8630cb609738] received
[2026-05-11 19:05:07,794: INFO/MainProcess] Task profiles.check_profile_heartbeats[ddabc37f-51e3-42d7-817c-8630cb609738] succeeded in 0.038758199982112274s: {'stale': 0}
[2026-05-11 19:05:36,601: INFO/MainProcess] Task profiles.sync_gologin_profiles[09275c78-bdae-49a3-847a-6ae05eeaeec7] received
[2026-05-11 19:05:37,494: INFO/MainProcess] Task profiles.sync_gologin_profiles[09275c78-bdae-49a3-847a-6ae05eeaeec7] succeeded in 0.8925250000029337s: {'status': 'ok', 'remote': 30, 'created': 0, 'synced': 30, 'renamed': 0, 'missing': 19}
[2026-05-11 19:05:37,777: INFO/MainProcess] Task profiles.check_profile_heartbeats[4beea1a4-dfe0-4503-9823-ff690ec30ae4] received
[2026-05-11 19:05:37,827: INFO/MainProcess] Task profiles.check_profile_heartbeats[4beea1a4-dfe0-4503-9823-ff690ec30ae4] succeeded in 0.04897170001640916s: {'stale': 0}
[2026-05-11 19:06:07,797: INFO/MainProcess] Task profiles.check_profile_heartbeats[7dd5291c-f7e5-4653-9781-d42f8eb20acd] received
[2026-05-11 19:06:07,836: INFO/MainProcess] Task profiles.check_profile_heartbeats[7dd5291c-f7e5-4653-9781-d42f8eb20acd] succeeded in 0.038368300010915846s: {'stale': 0}
[2026-05-11 19:06:37,819: INFO/MainProcess] Task profiles.check_profile_heartbeats[64e56247-15c2-4b35-bcd5-bb5840dd0f3d] received
[2026-05-11 19:06:37,858: INFO/MainProcess] Task profiles.check_profile_heartbeats[64e56247-15c2-4b35-bcd5-bb5840dd0f3d] succeeded in 0.03818719999981113s: {'stale': 0}
[2026-05-11 19:07:07,839: INFO/MainProcess] Task profiles.check_profile_heartbeats[2a8b296a-a447-48d4-a40d-7bf0470c43e9] received
[2026-05-11 19:07:07,879: INFO/MainProcess] Task profiles.check_profile_heartbeats[2a8b296a-a447-48d4-a40d-7bf0470c43e9] succeeded in 0.03966869998839684s: {'stale': 0}
[2026-05-11 19:07:37,860: INFO/MainProcess] Task profiles.check_profile_heartbeats[5f8f0ac9-8738-4b09-94e4-94a9758d8285] received
[2026-05-11 19:07:37,900: INFO/MainProcess] Task profiles.check_profile_heartbeats[5f8f0ac9-8738-4b09-94e4-94a9758d8285] succeeded in 0.0395927999925334s: {'stale': 0}
[2026-05-11 19:08:07,881: INFO/MainProcess] Task profiles.check_profile_heartbeats[772a3cda-620d-41a6-95c7-8bb3ed839fc8] received
[2026-05-11 19:08:07,919: INFO/MainProcess] Task profiles.check_profile_heartbeats[772a3cda-620d-41a6-95c7-8bb3ed839fc8] succeeded in 0.037894100008998066s: {'stale': 0}
[2026-05-11 19:08:36,668: INFO/MainProcess] Task profiles.sync_gologin_profiles[9ef4f844-7432-4f70-9e17-dedbbe3f1df1] received
[2026-05-11 19:08:38,060: INFO/MainProcess] Task profiles.sync_gologin_profiles[9ef4f844-7432-4f70-9e17-dedbbe3f1df1] succeeded in 1.392337099998258s: {'status': 'ok', 'remote': 30, 'created': 0, 'synced': 30, 'renamed': 0, 'missing': 19}
[2026-05-11 19:08:38,063: INFO/MainProcess] Task profiles.check_profile_heartbeats[f52a7e20-537c-4534-b786-6817be547385] received
[2026-05-11 19:08:38,111: INFO/MainProcess] Task profiles.check_profile_heartbeats[f52a7e20-537c-4534-b786-6817be547385] succeeded in 0.0477534000237938s: {'stale': 0}
[2026-05-11 19:08:51,667: INFO/MainProcess] Connected to redis://localhost:6379/0
[2026-05-11 19:08:55,730: INFO/MainProcess] mingle: searching for neighbors
[2026-05-11 19:09:06,372: INFO/MainProcess] mingle: sync with 1 nodes
[2026-05-11 19:09:06,372: INFO/MainProcess] mingle: sync complete
[2026-05-11 19:09:14,562: INFO/MainProcess] default@DESKTOP-AL8P1A2 ready.
[2026-05-11 19:09:14,565: INFO/MainProcess] Task profiles.check_profile_heartbeats[8562223d-9117-40aa-bbae-7557603f9cd9] received
[2026-05-11 19:09:14,622: INFO/MainProcess] Task profiles.check_profile_heartbeats[8562223d-9117-40aa-bbae-7557603f9cd9] succeeded in 0.05673620000015944s: {'stale': 0}
[2026-05-11 19:09:37,947: INFO/MainProcess] Task profiles.check_profile_heartbeats[02e64b17-376a-4b70-b5c1-5301b88a1a1e] received
[2026-05-11 19:09:37,990: INFO/MainProcess] Task profiles.check_profile_heartbeats[02e64b17-376a-4b70-b5c1-5301b88a1a1e] succeeded in 0.04225559998303652s: {'stale': 0}
[2026-05-11 19:10:07,968: INFO/MainProcess] Task profiles.check_profile_heartbeats[ab197c12-d002-4735-8d2a-2cff3f156a18] received
[2026-05-11 19:10:08,015: INFO/MainProcess] Task profiles.check_profile_heartbeats[ab197c12-d002-4735-8d2a-2cff3f156a18] succeeded in 0.046872799983248115s: {'stale': 0}
[2026-05-11 19:10:37,990: INFO/MainProcess] Task profiles.check_profile_heartbeats[da9d57d6-5fce-4324-b697-9abb2aefe1e7] received
[2026-05-11 19:10:38,034: INFO/MainProcess] Task profiles.check_profile_heartbeats[da9d57d6-5fce-4324-b697-9abb2aefe1e7] succeeded in 0.04343069999595173s: {'stale': 0}
[2026-05-11 19:11:08,017: INFO/MainProcess] Task profiles.check_profile_heartbeats[81a47735-b30a-4adf-8d64-ec4c60a985dd] received
[2026-05-11 19:11:08,069: INFO/MainProcess] Task profiles.check_profile_heartbeats[81a47735-b30a-4adf-8d64-ec4c60a985dd] succeeded in 0.05168530001537874s: {'stale': 0}
[2026-05-11 19:11:36,752: INFO/MainProcess] Task profiles.sync_gologin_profiles[5e12f6b6-b050-4fcc-b1cf-131d208b69e0] received
[2026-05-11 19:11:37,949: INFO/MainProcess] Task profiles.sync_gologin_profiles[5e12f6b6-b050-4fcc-b1cf-131d208b69e0] succeeded in 1.1964380999852438s: {'status': 'ok', 'remote': 30, 'created': 0, 'synced': 30, 'renamed': 0, 'missing': 19}
[2026-05-11 19:11:38,066: INFO/MainProcess] Task profiles.check_profile_heartbeats[48fc391f-e22a-4fe4-870b-480fc0af0cad] received
[2026-05-11 19:11:38,147: INFO/MainProcess] Task profiles.check_profile_heartbeats[48fc391f-e22a-4fe4-870b-480fc0af0cad] succeeded in 0.08111530001042411s: {'stale': 0}
[2026-05-11 19:12:08,093: INFO/MainProcess] Task profiles.check_profile_heartbeats[f53b0b2e-b9c5-4de0-9382-4718f283bcad] received
[2026-05-11 19:12:08,153: INFO/MainProcess] Task profiles.check_profile_heartbeats[f53b0b2e-b9c5-4de0-9382-4718f283bcad] succeeded in 0.05940749999717809s: {'stale': 0}
[2026-05-11 19:12:38,112: INFO/MainProcess] Task profiles.check_profile_heartbeats[a992dc14-4a6b-4c4e-a6e8-1c37572cf383] received
[2026-05-11 19:12:38,161: INFO/MainProcess] Task profiles.check_profile_heartbeats[a992dc14-4a6b-4c4e-a6e8-1c37572cf383] succeeded in 0.04850460001034662s: {'stale': 0}
[2026-05-11 19:13:08,236: INFO/MainProcess] Task profiles.check_profile_heartbeats[1db024d1-94fe-4833-b1d2-4ec0620d86bb] received
[2026-05-11 19:13:08,279: INFO/MainProcess] Task profiles.check_profile_heartbeats[1db024d1-94fe-4833-b1d2-4ec0620d86bb] succeeded in 0.0423239000083413s: {'stale': 0}
[2026-05-11 19:13:38,269: INFO/MainProcess] Task profiles.check_profile_heartbeats[9aea5af2-f420-4e82-8b4f-e41c96a871dc] received
[2026-05-11 19:13:38,334: INFO/MainProcess] Task profiles.check_profile_heartbeats[9aea5af2-f420-4e82-8b4f-e41c96a871dc] succeeded in 0.06471760000567883s: {'stale': 0}
[2026-05-11 19:14:08,399: INFO/MainProcess] Task profiles.check_profile_heartbeats[9e915a74-8417-42a5-af63-a5075861270e] received
[2026-05-11 19:14:08,458: INFO/MainProcess] Task profiles.check_profile_heartbeats[9e915a74-8417-42a5-af63-a5075861270e] succeeded in 0.059119600016856566s: {'stale': 0}
[2026-05-11 19:14:17,102: INFO/MainProcess] Task profiles.ensure_profile_runtime[84df6efe-d630-4877-a451-8958fcc531a1] received
[2026-05-11 19:14:23,907: WARNING/MainProcess] filename
[2026-05-11 19:14:23,908: WARNING/MainProcess]  
[2026-05-11 19:14:23,908: WARNING/MainProcess] C:\Users\admin\Desktop\Backend\venv\Lib\site-packages\gologin\gologin.py
[2026-05-11 19:14:23,989: INFO/MainProcess] Task profiles.ensure_profile_runtime[84df6efe-d630-4877-a451-8958fcc531a1] succeeded in 4.017675200011581s: {'status': 'failed', 'error': '[Errno 13] Permission denied: \'C:\\Users\\admin\\AppData\\Local\\Temp\\gologin_69ff137410712a687a8421f7\\Default\\Network\\Cookies\''}
[2026-05-11 19:14:36,845: INFO/MainProcess] Task profiles.sync_gologin_profiles[2633ee1c-e75f-4b93-9910-8341cc560737] received
[2026-05-11 19:14:38,372: INFO/MainProcess] Task profiles.sync_gologin_profiles[2633ee1c-e75f-4b93-9910-8341cc560737] succeeded in 1.5270136999897659s: {'status': 'ok', 'remote': 30, 'created': 0, 'synced': 30, 'renamed': 0, 'missing': 19}
[2026-05-11 19:14:38,461: INFO/MainProcess] Task profiles.check_profile_heartbeats[4cfaf0af-a774-4b99-9b54-c8ed7fd160a7] received
[2026-05-11 19:14:38,556: INFO/MainProcess] Task profiles.check_profile_heartbeats[4cfaf0af-a774-4b99-9b54-c8ed7fd160a7] succeeded in 0.09436879999702796s: {'stale': 0}
[2026-05-11 19:15:06,408: INFO/MainProcess] Task profiles.ensure_profile_runtime[a75ef112-7140-4b65-99ae-9d87cdfd68a9] received
[2026-05-11 19:15:08,479: INFO/MainProcess] Task profiles.check_profile_heartbeats[33699e88-b3f5-498d-ba7d-7d15f1f2dc48] received
[2026-05-11 19:15:08,514: INFO/MainProcess] Task profiles.check_profile_heartbeats[33699e88-b3f5-498d-ba7d-7d15f1f2dc48] succeeded in 0.035284999990835786s: {'stale': 0}
[2026-05-11 19:15:25,205: INFO/MainProcess] Task profiles.ensure_profile_runtime[a75ef112-7140-4b65-99ae-9d87cdfd68a9] succeeded in 13.798688900016714s: {'status': 'launched'}
[2026-05-11 19:15:38,500: INFO/MainProcess] Task profiles.check_profile_heartbeats[6a44a6bb-2974-4590-a773-d6259c3e6448] received
[2026-05-11 19:15:38,543: INFO/MainProcess] Task profiles.check_profile_heartbeats[6a44a6bb-2974-4590-a773-d6259c3e6448] succeeded in 0.043105099990498275s: {'stale': 0}
[2026-05-11 19:16:08,520: INFO/MainProcess] Task profiles.check_profile_heartbeats[a5e036ea-297e-4bef-9723-56a5c59a523d] received
[2026-05-11 19:16:08,562: INFO/MainProcess] Task profiles.check_profile_heartbeats[a5e036ea-297e-4bef-9723-56a5c59a523d] succeeded in 0.04098089999752119s: {'stale': 0}
[2026-05-11 19:16:38,544: INFO/MainProcess] Task profiles.check_profile_heartbeats[4d728568-edb4-4377-bcee-74cf405d3a16] received
[2026-05-11 19:16:38,601: INFO/MainProcess] Task profiles.check_profile_heartbeats[4d728568-edb4-4377-bcee-74cf405d3a16] succeeded in 0.05691340001067147s: {'stale': 0}
[2026-05-11 19:17:08,566: INFO/MainProcess] Task profiles.check_profile_heartbeats[0a130d00-444b-473c-aeeb-4adc7987916f] received
[2026-05-11 19:17:08,606: INFO/MainProcess] Task profiles.check_profile_heartbeats[0a130d00-444b-473c-aeeb-4adc7987916f] succeeded in 0.04020809999201447s: {'stale': 0}
[2026-05-11 19:17:36,958: INFO/MainProcess] Task profiles.sync_gologin_profiles[1f601afa-8eca-4ba4-96ed-56791ddec065] received
[2026-05-11 19:17:38,050: INFO/MainProcess] Task profiles.sync_gologin_profiles[1f601afa-8eca-4ba4-96ed-56791ddec065] succeeded in 1.0913844000024255s: {'status': 'ok', 'remote': 30, 'created': 0, 'synced': 30, 'renamed': 0, 'missing': 19}
[2026-05-11 19:17:38,611: INFO/MainProcess] Task profiles.check_profile_heartbeats[ca210da2-3430-44dc-bf79-2dbabdfb6541] received
[2026-05-11 19:17:38,688: INFO/MainProcess] Task profiles.check_profile_heartbeats[ca210da2-3430-44dc-bf79-2dbabdfb6541] succeeded in 0.07669829999213107s: {'stale': 0}
[2026-05-11 19:18:08,641: INFO/MainProcess] Task profiles.check_profile_heartbeats[308083ec-b0f4-405a-861b-24ee15f2357e] received
[2026-05-11 19:18:08,705: INFO/MainProcess] Task profiles.check_profile_heartbeats[308083ec-b0f4-405a-861b-24ee15f2357e] succeeded in 0.06376889999955893s: {'stale': 0}
[2026-05-11 19:18:38,659: INFO/MainProcess] Task profiles.check_profile_heartbeats[07e2427c-c4e7-4dc4-8fb6-1b78cf83525f] received
[2026-05-11 19:18:38,697: INFO/MainProcess] Task profiles.check_profile_heartbeats[07e2427c-c4e7-4dc4-8fb6-1b78cf83525f] succeeded in 0.037337199988542125s: {'stale': 0}
[2026-05-11 19:19:08,722: INFO/MainProcess] Task profiles.check_profile_heartbeats[f6b7f1f0-dcdc-4d7b-8b2d-f27b6be7d24b] received
[2026-05-11 19:19:08,796: INFO/MainProcess] Task profiles.check_profile_heartbeats[f6b7f1f0-dcdc-4d7b-8b2d-f27b6be7d24b] succeeded in 0.07369439999456517s: {'stale': 0}
[2026-05-11 19:19:38,740: INFO/MainProcess] Task profiles.check_profile_heartbeats[d3d58796-789d-4166-baaf-de4a6574ce69] received
[2026-05-11 19:19:38,783: INFO/MainProcess] Task profiles.check_profile_heartbeats[d3d58796-789d-4166-baaf-de4a6574ce69] succeeded in 0.042167300009168684s: {'stale': 0}
[2026-05-11 19:20:08,761: INFO/MainProcess] Task profiles.check_profile_heartbeats[8f6a252c-4dc9-40e8-9fda-12fe3807ebbb] received
[2026-05-11 19:20:08,802: INFO/MainProcess] Task profiles.check_profile_heartbeats[8f6a252c-4dc9-40e8-9fda-12fe3807ebbb] succeeded in 0.040008699987083673s: {'stale': 0}
[2026-05-11 19:20:37,015: INFO/MainProcess] Task profiles.sync_gologin_profiles[9860dc89-0883-4878-a0c5-73fb2b5fb5cb] received
[2026-05-11 19:20:38,668: INFO/MainProcess] Task profiles.sync_gologin_profiles[9860dc89-0883-4878-a0c5-73fb2b5fb5cb] succeeded in 1.6523922000196762s: {'status': 'ok', 'remote': 30, 'created': 0, 'synced': 30, 'renamed': 0, 'missing': 19}
[2026-05-11 19:20:38,788: INFO/MainProcess] Task profiles.check_profile_heartbeats[113e2029-f62f-4fa2-b1fb-a91c2cffe26a] received
[2026-05-11 19:20:38,859: INFO/MainProcess] Task profiles.check_profile_heartbeats[113e2029-f62f-4fa2-b1fb-a91c2cffe26a] succeeded in 0.07043209997937083s: {'stale': 0}
[2026-05-11 19:21:08,810: INFO/MainProcess] Task profiles.check_profile_heartbeats[857f219e-172c-4f19-a195-6c5b11b1b679] received
[2026-05-11 19:21:08,866: INFO/MainProcess] Task profiles.check_profile_heartbeats[857f219e-172c-4f19-a195-6c5b11b1b679] succeeded in 0.05611330000101589s: {'stale': 0}
[2026-05-11 19:21:38,830: INFO/MainProcess] Task profiles.check_profile_heartbeats[b271d545-86e1-4cf1-af37-9503e87d9f1f] received
[2026-05-11 19:21:38,866: INFO/MainProcess] Task profiles.check_profile_heartbeats[b271d545-86e1-4cf1-af37-9503e87d9f1f] succeeded in 0.035766500019235536s: {'stale': 0}
[2026-05-11 19:22:08,850: INFO/MainProcess] Task profiles.check_profile_heartbeats[df8f148d-c5f3-4fc6-b1a6-8d1b6723304a] received
[2026-05-11 19:22:08,888: INFO/MainProcess] Task profiles.check_profile_heartbeats[df8f148d-c5f3-4fc6-b1a6-8d1b6723304a] succeeded in 0.037086900003487244s: {'stale': 0}
[2026-05-11 19:22:38,871: INFO/MainProcess] Task profiles.check_profile_heartbeats[4dd3c12a-4796-44cc-aefe-9c51362d60f9] received
[2026-05-11 19:22:38,910: INFO/MainProcess] Task profiles.check_profile_heartbeats[4dd3c12a-4796-44cc-aefe-9c51362d60f9] succeeded in 0.039335699984803796s: {'stale': 0}
[2026-05-11 19:23:08,902: INFO/MainProcess] Task profiles.check_profile_heartbeats[d51e2985-4a9e-4674-8436-78bd23653709] received
[2026-05-11 19:23:08,962: INFO/MainProcess] Task profiles.check_profile_heartbeats[d51e2985-4a9e-4674-8436-78bd23653709] succeeded in 0.05894550000084564s: {'stale': 0}
[2026-05-11 19:23:37,074: INFO/MainProcess] Task profiles.sync_gologin_profiles[43692fbd-3d74-4ddb-b946-57dbb18cb42c] received
[2026-05-11 19:23:38,026: INFO/MainProcess] Task profiles.sync_gologin_profiles[43692fbd-3d74-4ddb-b946-57dbb18cb42c] succeeded in 0.951453899993794s: {'status': 'ok', 'remote': 30, 'created': 0, 'synced': 30, 'renamed': 0, 'missing': 19}
[2026-05-11 19:23:38,934: INFO/MainProcess] Task profiles.check_profile_heartbeats[3bb08dfe-a227-48c6-a302-89001d13808a] received
[2026-05-11 19:23:39,007: INFO/MainProcess] Task profiles.check_profile_heartbeats[3bb08dfe-a227-48c6-a302-89001d13808a] succeeded in 0.07239919999847189s: {'stale': 0}
[2026-05-11 19:24:09,060: INFO/MainProcess] Task profiles.check_profile_heartbeats[68a8e69b-ba75-428c-9c7e-c19b0bcf8496] received
[2026-05-11 19:24:09,101: INFO/MainProcess] Task profiles.check_profile_heartbeats[68a8e69b-ba75-428c-9c7e-c19b0bcf8496] succeeded in 0.04035130000556819s: {'stale': 0}
[2026-05-11 19:24:36,607: INFO/MainProcess] Task profiles.ensure_profile_runtime[b742d762-0827-44f0-b3d5-c75165beae7c] received
[2026-05-11 19:24:39,084: INFO/MainProcess] Task profiles.check_profile_heartbeats[4d274657-6f8b-46f5-946b-bad7821ec367] received
[2026-05-11 19:24:39,127: INFO/MainProcess] Task profiles.check_profile_heartbeats[4d274657-6f8b-46f5-946b-bad7821ec367] succeeded in 0.042260600021108985s: {'stale': 0}
[2026-05-11 19:24:51,339: INFO/MainProcess] Task profiles.ensure_profile_runtime[b742d762-0827-44f0-b3d5-c75165beae7c] succeeded in 9.732482700026594s: {'status': 'launched'}
[2026-05-11 19:25:09,126: INFO/MainProcess] Task profiles.check_profile_heartbeats[3df6bbdf-947a-4003-ac67-1e2d92c5deb5] received
[2026-05-11 19:25:09,196: INFO/MainProcess] Task profiles.check_profile_heartbeats[3df6bbdf-947a-4003-ac67-1e2d92c5deb5] succeeded in 0.0695547999930568s: {'stale': 0}
[2026-05-11 19:25:39,148: INFO/MainProcess] Task profiles.check_profile_heartbeats[60c4b145-9735-4239-bd5c-d58bf6c127bd] received
[2026-05-11 19:25:39,189: INFO/MainProcess] Task profiles.check_profile_heartbeats[60c4b145-9735-4239-bd5c-d58bf6c127bd] succeeded in 0.0405116000038106s: {'stale': 0}
[2026-05-11 19:26:09,168: INFO/MainProcess] Task profiles.check_profile_heartbeats[db487d83-07f7-4f73-92e5-9edced3a5b83] received
[2026-05-11 19:26:09,206: INFO/MainProcess] Task profiles.check_profile_heartbeats[db487d83-07f7-4f73-92e5-9edced3a5b83] succeeded in 0.03783230000408366s: {'stale': 0}
[2026-05-11 19:26:37,133: INFO/MainProcess] Task profiles.sync_gologin_profiles[4350499c-5f00-4f68-be95-7bb94bddff1a] received
[2026-05-11 19:26:38,844: INFO/MainProcess] Task profiles.sync_gologin_profiles[4350499c-5f00-4f68-be95-7bb94bddff1a] succeeded in 1.7102277999802027s: {'status': 'ok', 'remote': 30, 'created': 0, 'synced': 30, 'renamed': 0, 'missing': 19}
[2026-05-11 19:26:39,197: INFO/MainProcess] Task profiles.check_profile_heartbeats[44ecb7a8-68f4-4822-8508-18349169cbd6] received
[2026-05-11 19:26:39,263: INFO/MainProcess] Task profiles.check_profile_heartbeats[44ecb7a8-68f4-4822-8508-18349169cbd6] succeeded in 0.065493800007971s: {'stale': 0}
[2026-05-11 19:27:09,217: INFO/MainProcess] Task profiles.check_profile_heartbeats[6d892969-dd9c-4c13-8815-e57099ce75d0] received
[2026-05-11 19:27:09,260: INFO/MainProcess] Task profiles.check_profile_heartbeats[6d892969-dd9c-4c13-8815-e57099ce75d0] succeeded in 0.04179489999660291s: {'stale': 0}
[2026-05-11 19:27:39,238: INFO/MainProcess] Task profiles.check_profile_heartbeats[3a516b15-af9c-41cb-b566-7768eb8edb1e] received
[2026-05-11 19:27:39,274: INFO/MainProcess] Task profiles.check_profile_heartbeats[3a516b15-af9c-41cb-b566-7768eb8edb1e] succeeded in 0.035953600017819554s: {'stale': 0}
[2026-05-11 19:27:43,595: INFO/MainProcess] Task profiles.ensure_profile_runtime[a93a65c5-16ee-46cf-b5aa-9fa470dc584c] received
[2026-05-11 19:27:53,714: INFO/MainProcess] Task profiles.ensure_profile_runtime[a93a65c5-16ee-46cf-b5aa-9fa470dc584c] succeeded in 5.119897600001423s: {'status': 'launched'}
[2026-05-11 19:28:09,265: INFO/MainProcess] Task profiles.check_profile_heartbeats[c65e28d2-ee79-4980-8c90-96af31e1bd5a] received
[2026-05-11 19:28:09,306: INFO/MainProcess] Task profiles.check_profile_heartbeats[c65e28d2-ee79-4980-8c90-96af31e1bd5a] succeeded in 0.041013000009115785s: {'stale': 0}
[2026-05-11 19:28:39,284: INFO/MainProcess] Task profiles.check_profile_heartbeats[ced59879-1c10-4535-995d-1558aad283af] received
[2026-05-11 19:28:39,323: INFO/MainProcess] Task profiles.check_profile_heartbeats[ced59879-1c10-4535-995d-1558aad283af] succeeded in 0.038526899996213615s: {'stale': 0}
[2026-05-11 19:29:09,307: INFO/MainProcess] Task profiles.check_profile_heartbeats[d372fde5-73ef-4dc1-8bab-09c8119de5c2] received
[2026-05-11 19:29:09,356: INFO/MainProcess] Task profiles.check_profile_heartbeats[d372fde5-73ef-4dc1-8bab-09c8119de5c2] succeeded in 0.04784389998530969s: {'stale': 0}
[2026-05-11 19:29:37,192: INFO/MainProcess] Task profiles.sync_gologin_profiles[06de64cd-d569-4063-8f13-2497731bb919] received
[2026-05-11 19:29:38,454: INFO/MainProcess] Task profiles.sync_gologin_profiles[06de64cd-d569-4063-8f13-2497731bb919] succeeded in 1.261694400018314s: {'status': 'ok', 'remote': 30, 'created': 0, 'synced': 30, 'renamed': 0, 'missing': 19}
[2026-05-11 19:29:39,383: INFO/MainProcess] Task profiles.check_profile_heartbeats[1856098e-5032-4c0c-8a1c-b3254ec9f3a8] received
[2026-05-11 19:29:39,509: INFO/MainProcess] Task profiles.check_profile_heartbeats[1856098e-5032-4c0c-8a1c-b3254ec9f3a8] succeeded in 0.1250916999997571s: {'stale': 0}
[2026-05-11 19:30:09,411: INFO/MainProcess] Task profiles.check_profile_heartbeats[55269d5b-5e2e-47c4-bbf8-0c5a8affa378] received
[2026-05-11 19:30:09,455: INFO/MainProcess] Task profiles.check_profile_heartbeats[55269d5b-5e2e-47c4-bbf8-0c5a8affa378] succeeded in 0.04332950001116842s: {'stale': 0}
[2026-05-11 19:30:39,431: INFO/MainProcess] Task profiles.check_profile_heartbeats[684efa64-a07a-476b-980d-dbdc3a3dfc02] received
[2026-05-11 19:30:39,468: INFO/MainProcess] Task profiles.check_profile_heartbeats[684efa64-a07a-476b-980d-dbdc3a3dfc02] succeeded in 0.03689529999974184s: {'stale': 0}
[2026-05-11 19:30:43,658: INFO/MainProcess] Task profiles.ensure_profile_runtime[4fca2643-9eec-4076-96b2-1f3fabfd9347] received
[2026-05-11 19:30:53,000: INFO/MainProcess] Task profiles.ensure_profile_runtime[4fca2643-9eec-4076-96b2-1f3fabfd9347] succeeded in 4.343001200002618s: {'status': 'launched'}
[2026-05-11 19:31:09,453: INFO/MainProcess] Task profiles.check_profile_heartbeats[9d2a65da-a99b-45db-87d3-c53d85da6b46] received
[2026-05-11 19:31:09,490: INFO/MainProcess] Task profiles.check_profile_heartbeats[9d2a65da-a99b-45db-87d3-c53d85da6b46] succeeded in 0.03635839998605661s: {'stale': 0}
[2026-05-11 19:31:39,475: INFO/MainProcess] Task profiles.check_profile_heartbeats[997d9442-6f5a-446e-8575-3cf11d55db49] received
[2026-05-11 19:31:39,521: INFO/MainProcess] Task profiles.check_profile_heartbeats[997d9442-6f5a-446e-8575-3cf11d55db49] succeeded in 0.04587080000783317s: {'stale': 0}
[2026-05-11 19:32:09,495: INFO/MainProcess] Task profiles.check_profile_heartbeats[3b6709d4-d120-462b-8a8a-8c920362d533] received
[2026-05-11 19:32:09,534: INFO/MainProcess] Task profiles.check_profile_heartbeats[3b6709d4-d120-462b-8a8a-8c920362d533] succeeded in 0.038814200001070276s: {'stale': 0}
[2026-05-11 19:32:37,249: INFO/MainProcess] Task profiles.sync_gologin_profiles[09745eae-bfa3-4690-8eac-b235d94d9a22] received
[2026-05-11 19:32:38,134: INFO/MainProcess] Task profiles.sync_gologin_profiles[09745eae-bfa3-4690-8eac-b235d94d9a22] succeeded in 0.8846413999854121s: {'status': 'ok', 'remote': 30, 'created': 0, 'synced': 30, 'renamed': 0, 'missing': 19}
[2026-05-11 19:32:39,530: INFO/MainProcess] Task profiles.check_profile_heartbeats[86265055-7828-4d11-be71-816fd01fbbe7] received
[2026-05-11 19:32:39,591: INFO/MainProcess] Task profiles.check_profile_heartbeats[86265055-7828-4d11-be71-816fd01fbbe7] succeeded in 0.06013419997179881s: {'stale': 0}
[2026-05-11 19:33:09,550: INFO/MainProcess] Task profiles.check_profile_heartbeats[1a8375b7-9e8c-4294-b632-ad387c3e5522] received
[2026-05-11 19:33:09,587: INFO/MainProcess] Task profiles.check_profile_heartbeats[1a8375b7-9e8c-4294-b632-ad387c3e5522] succeeded in 0.03658419998828322s: {'stale': 0}
[2026-05-11 19:33:39,569: INFO/MainProcess] Task profiles.check_profile_heartbeats[948f1848-f5f3-44f1-a2d0-be50c70d368d] received
[2026-05-11 19:33:39,606: INFO/MainProcess] Task profiles.check_profile_heartbeats[948f1848-f5f3-44f1-a2d0-be50c70d368d] succeeded in 0.03611439999076538s: {'stale': 0}
[2026-05-11 19:33:43,710: INFO/MainProcess] Task profiles.ensure_profile_runtime[e29259d5-132b-4a34-81fb-1dd5f30301bf] received
[2026-05-11 19:33:52,709: INFO/MainProcess] Task profiles.ensure_profile_runtime[e29259d5-132b-4a34-81fb-1dd5f30301bf] succeeded in 3.9997562000062317s: {'status': 'launched'}
[2026-05-11 19:34:09,589: INFO/MainProcess] Task profiles.check_profile_heartbeats[a83deec9-749c-4464-be45-f0f73fef7b82] received
[2026-05-11 19:34:09,627: INFO/MainProcess] Task profiles.check_profile_heartbeats[a83deec9-749c-4464-be45-f0f73fef7b82] succeeded in 0.0369864999956917s: {'stale': 0}
[2026-05-11 19:34:39,716: INFO/MainProcess] Task profiles.check_profile_heartbeats[9af9075c-abb9-4def-bdc4-99524cdaf65a] received
[2026-05-11 19:34:39,753: INFO/MainProcess] Task profiles.check_profile_heartbeats[9af9075c-abb9-4def-bdc4-99524cdaf65a] succeeded in 0.03636009999900125s: {'stale': 0}
[2026-05-11 19:35:09,739: INFO/MainProcess] Task profiles.check_profile_heartbeats[28a29881-bb43-47bb-b60b-9eebc3b1a6bc] received
[2026-05-11 19:35:09,787: INFO/MainProcess] Task profiles.check_profile_heartbeats[28a29881-bb43-47bb-b60b-9eebc3b1a6bc] succeeded in 0.04798189998837188s: {'stale': 0}
[2026-05-11 19:35:37,307: INFO/MainProcess] Task profiles.sync_gologin_profiles[aa25fbad-3768-45f5-883d-ae24f2b94cfe] received
[2026-05-11 19:35:38,424: INFO/MainProcess] Task profiles.sync_gologin_profiles[aa25fbad-3768-45f5-883d-ae24f2b94cfe] succeeded in 1.116374499979429s: {'status': 'ok', 'remote': 30, 'created': 0, 'synced': 30, 'renamed': 0, 'missing': 19}
[2026-05-11 19:35:39,773: INFO/MainProcess] Task profiles.check_profile_heartbeats[9a00936a-66be-41ac-924b-6417b8e0b163] received
[2026-05-11 19:35:39,828: INFO/MainProcess] Task profiles.check_profile_heartbeats[9a00936a-66be-41ac-924b-6417b8e0b163] succeeded in 0.05456930000218563s: {'stale': 0}
[2026-05-11 19:36:09,791: INFO/MainProcess] Task profiles.check_profile_heartbeats[45cd5b77-d971-4eb5-9902-ba4bc0238d30] received
[2026-05-11 19:36:09,828: INFO/MainProcess] Task profiles.check_profile_heartbeats[45cd5b77-d971-4eb5-9902-ba4bc0238d30] succeeded in 0.036169500002870336s: {'stale': 0}
[2026-05-11 19:36:39,812: INFO/MainProcess] Task profiles.check_profile_heartbeats[d8391807-65ef-402c-9add-86864ea5b81e] received
[2026-05-11 19:36:39,849: INFO/MainProcess] Task profiles.check_profile_heartbeats[d8391807-65ef-402c-9add-86864ea5b81e] succeeded in 0.03669020000961609s: {'stale': 0}
[2026-05-11 19:36:43,774: INFO/MainProcess] Task profiles.ensure_profile_runtime[d5abe17b-72e8-4ab0-bed8-cf071ca0b48a] received
[2026-05-11 19:36:53,365: INFO/MainProcess] Task profiles.ensure_profile_runtime[d5abe17b-72e8-4ab0-bed8-cf071ca0b48a] succeeded in 4.591569599986542s: {'status': 'launched'}
[2026-05-11 19:37:09,834: INFO/MainProcess] Task profiles.check_profile_heartbeats[43608b2c-726a-497c-bda2-edcc28ec7166] received
[2026-05-11 19:37:09,870: INFO/MainProcess] Task profiles.check_profile_heartbeats[43608b2c-726a-497c-bda2-edcc28ec7166] succeeded in 0.03563889997894876s: {'stale': 0}
[2026-05-11 19:37:39,854: INFO/MainProcess] Task profiles.check_profile_heartbeats[e13a94b5-4628-485d-805f-8f9a062013fb] received
[2026-05-11 19:37:39,891: INFO/MainProcess] Task profiles.check_profile_heartbeats[e13a94b5-4628-485d-805f-8f9a062013fb] succeeded in 0.03623570001218468s: {'stale': 0}
[2026-05-11 19:38:09,874: INFO/MainProcess] Task profiles.check_profile_heartbeats[d99d2554-f093-4e0c-86ff-647d5a0a7e4e] received
[2026-05-11 19:38:09,918: INFO/MainProcess] Task profiles.check_profile_heartbeats[d99d2554-f093-4e0c-86ff-647d5a0a7e4e] succeeded in 0.043409000005340204s: {'stale': 0}
[2026-05-11 19:38:37,499: INFO/MainProcess] Task profiles.sync_gologin_profiles[215fbb5a-f8e6-4173-9762-46acb6b1d221] received
[2026-05-11 19:38:38,556: INFO/MainProcess] Task profiles.sync_gologin_profiles[215fbb5a-f8e6-4173-9762-46acb6b1d221] succeeded in 1.057047500013141s: {'status': 'ok', 'remote': 30, 'created': 0, 'synced': 30, 'renamed': 0, 'missing': 19}
[2026-05-11 19:38:39,911: INFO/MainProcess] Task profiles.check_profile_heartbeats[eb67b132-8afb-4ca2-8db4-e1be7610c114] received
[2026-05-11 19:38:39,992: INFO/MainProcess] Task profiles.check_profile_heartbeats[eb67b132-8afb-4ca2-8db4-e1be7610c114] succeeded in 0.08046040000044741s: {'stale': 0}
[2026-05-11 19:39:09,946: INFO/MainProcess] Task profiles.check_profile_heartbeats[a7b173a2-4486-4c7c-bc46-697705d1c0e0] received
[2026-05-11 19:39:10,013: INFO/MainProcess] Task profiles.check_profile_heartbeats[a7b173a2-4486-4c7c-bc46-697705d1c0e0] succeeded in 0.06715779998921789s: {'stale': 0}
[2026-05-11 19:39:39,966: INFO/MainProcess] Task profiles.check_profile_heartbeats[50d91ea0-baf5-4e2a-8642-3245e0cefab8] received
[2026-05-11 19:39:40,005: INFO/MainProcess] Task profiles.check_profile_heartbeats[50d91ea0-baf5-4e2a-8642-3245e0cefab8] succeeded in 0.038578699983190745s: {'stale': 0}
[2026-05-11 19:39:43,823: INFO/MainProcess] Task profiles.ensure_profile_runtime[014c32b6-44fd-4732-9d89-a9886f85dbaa] received
[2026-05-11 19:39:53,261: INFO/MainProcess] Task profiles.ensure_profile_runtime[014c32b6-44fd-4732-9d89-a9886f85dbaa] succeeded in 4.438580499991076s: {'status': 'launched'}
[2026-05-11 19:40:09,986: INFO/MainProcess] Task profiles.check_profile_heartbeats[73954bdc-de16-4bab-8ff4-615b07e3e896] received
[2026-05-11 19:40:10,023: INFO/MainProcess] Task profiles.check_profile_heartbeats[73954bdc-de16-4bab-8ff4-615b07e3e896] succeeded in 0.036439099989365786s: {'stale': 0}
[2026-05-11 19:40:40,005: INFO/MainProcess] Task profiles.check_profile_heartbeats[2ffd9461-4edc-4aa2-acc7-047e709d01a1] received
[2026-05-11 19:40:40,043: INFO/MainProcess] Task profiles.check_profile_heartbeats[2ffd9461-4edc-4aa2-acc7-047e709d01a1] succeeded in 0.037563899997621775s: {'stale': 0}
[2026-05-11 19:41:10,028: INFO/MainProcess] Task profiles.check_profile_heartbeats[8e48ee09-49a6-4905-9878-cc509f550e6c] received
[2026-05-11 19:41:10,072: INFO/MainProcess] Task profiles.check_profile_heartbeats[8e48ee09-49a6-4905-9878-cc509f550e6c] succeeded in 0.043423899973277s: {'stale': 0}
[2026-05-11 19:41:37,578: INFO/MainProcess] Task profiles.sync_gologin_profiles[1332806c-1eb0-47d1-a024-ec6af30a00ee] received
[2026-05-11 19:41:38,921: INFO/MainProcess] Task profiles.sync_gologin_profiles[1332806c-1eb0-47d1-a024-ec6af30a00ee] succeeded in 1.3429042999923695s: {'status': 'ok', 'remote': 30, 'created': 0, 'synced': 30, 'renamed': 0, 'missing': 19}
[2026-05-11 19:41:40,061: INFO/MainProcess] Task profiles.check_profile_heartbeats[13eac8db-757f-4562-87c4-339e417db249] received
[2026-05-11 19:41:40,148: INFO/MainProcess] Task profiles.check_profile_heartbeats[13eac8db-757f-4562-87c4-339e417db249] succeeded in 0.08668140001827851s: {'stale': 0}
[2026-05-11 19:42:10,081: INFO/MainProcess] Task profiles.check_profile_heartbeats[b60d50a5-c281-4b51-ad78-0fe631a2bd8f] received
[2026-05-11 19:42:10,120: INFO/MainProcess] Task profiles.check_profile_heartbeats[b60d50a5-c281-4b51-ad78-0fe631a2bd8f] succeeded in 0.0381805999786593s: {'stale': 0}
[2026-05-11 19:42:40,101: INFO/MainProcess] Task profiles.check_profile_heartbeats[9dbc561f-4b6d-4406-86c3-a7819f329d18] received
[2026-05-11 19:42:40,142: INFO/MainProcess] Task profiles.check_profile_heartbeats[9dbc561f-4b6d-4406-86c3-a7819f329d18] succeeded in 0.04105669999262318s: {'stale': 0}
[2026-05-11 19:43:10,124: INFO/MainProcess] Task profiles.check_profile_heartbeats[78a6ead8-b923-487f-804f-889b330a1b79] received
[2026-05-11 19:43:10,176: INFO/MainProcess] Task profiles.check_profile_heartbeats[78a6ead8-b923-487f-804f-889b330a1b79] succeeded in 0.0520781000086572s: {'stale': 0}
[2026-05-11 19:43:40,150: INFO/MainProcess] Task profiles.check_profile_heartbeats[dea9babd-1207-4008-a41c-a946d50c709e] received
[2026-05-11 19:43:40,206: INFO/MainProcess] Task profiles.check_profile_heartbeats[dea9babd-1207-4008-a41c-a946d50c709e] succeeded in 0.055407000007107854s: {'stale': 0}
[2026-05-11 19:44:10,174: INFO/MainProcess] Task profiles.check_profile_heartbeats[9d07414f-799e-469e-972e-7be9fe91ed50] received
[2026-05-11 19:44:10,226: INFO/MainProcess] Task profiles.check_profile_heartbeats[9d07414f-799e-469e-972e-7be9fe91ed50] succeeded in 0.052061199996387586s: {'stale': 0}
[2026-05-11 19:44:20,905: INFO/MainProcess] Task profiles.ensure_profile_runtime[62c33630-f0c5-4bb9-8ee9-1e4ee5a51c93] received
[2026-05-11 19:44:30,193: INFO/MainProcess] Task profiles.ensure_profile_runtime[62c33630-f0c5-4bb9-8ee9-1e4ee5a51c93] succeeded in 4.289598200004548s: {'status': 'launched'}
[2026-05-11 19:44:37,636: INFO/MainProcess] Task profiles.sync_gologin_profiles[d4a87c57-67e7-424d-8a28-347d9eab950c] received
[2026-05-11 19:44:38,536: INFO/MainProcess] Task profiles.sync_gologin_profiles[d4a87c57-67e7-424d-8a28-347d9eab950c] succeeded in 0.8995443000167143s: {'status': 'ok', 'remote': 30, 'created': 0, 'synced': 30, 'renamed': 0, 'missing': 19}
[2026-05-11 19:44:40,204: INFO/MainProcess] Task profiles.check_profile_heartbeats[53fc51a8-1164-4753-82d6-e2111c7c6241] received
[2026-05-11 19:44:40,278: INFO/MainProcess] Task profiles.check_profile_heartbeats[53fc51a8-1164-4753-82d6-e2111c7c6241] succeeded in 0.07313299999805167s: {'stale': 0}
[2026-05-11 19:45:10,226: INFO/MainProcess] Task profiles.check_profile_heartbeats[4d6c7a5b-2eac-4d63-b500-e0d4ab1377ba] received
[2026-05-11 19:45:10,277: INFO/MainProcess] Task profiles.check_profile_heartbeats[4d6c7a5b-2eac-4d63-b500-e0d4ab1377ba] succeeded in 0.05029000001377426s: {'stale': 0}
[2026-05-11 19:45:40,246: INFO/MainProcess] Task profiles.check_profile_heartbeats[3d761a0f-7d2f-492a-906b-7093274d03c3] received
[2026-05-11 19:45:40,284: INFO/MainProcess] Task profiles.check_profile_heartbeats[3d761a0f-7d2f-492a-906b-7093274d03c3] succeeded in 0.03755839998484589s: {'stale': 0}
[2026-05-11 19:46:10,267: INFO/MainProcess] Task profiles.check_profile_heartbeats[b19ff989-b10d-4f3f-b507-9a89c5ba570c] received
[2026-05-11 19:46:10,308: INFO/MainProcess] Task profiles.check_profile_heartbeats[b19ff989-b10d-4f3f-b507-9a89c5ba570c] succeeded in 0.040529999998398125s: {'stale': 0}
[2026-05-11 19:46:25,206: INFO/MainProcess] missed heartbeat from retry@DESKTOP-AL8P1A2
[2026-05-11 19:46:40,285: INFO/MainProcess] Task profiles.check_profile_heartbeats[a8322d6a-681d-4ba2-b613-daec3b9084c7] received
[2026-05-11 19:46:40,322: INFO/MainProcess] Task profiles.check_profile_heartbeats[a8322d6a-681d-4ba2-b613-daec3b9084c7] succeeded in 0.036559300002409145s: {'stale': 0}
[2026-05-11 19:47:10,306: INFO/MainProcess] Task profiles.check_profile_heartbeats[77d417e4-bc41-4159-943d-51591acaafa2] received
[2026-05-11 19:47:10,343: INFO/MainProcess] Task profiles.check_profile_heartbeats[77d417e4-bc41-4159-943d-51591acaafa2] succeeded in 0.03739990000030957s: {'stale': 0}
[2026-05-11 19:47:37,695: INFO/MainProcess] Task profiles.sync_gologin_profiles[3f51e627-5d1e-4535-b0cc-dd7e17799f75] received
[2026-05-11 19:47:38,824: INFO/MainProcess] Task profiles.sync_gologin_profiles[3f51e627-5d1e-4535-b0cc-dd7e17799f75] succeeded in 1.129354400007287s: {'status': 'ok', 'remote': 30, 'created': 0, 'synced': 30, 'renamed': 0, 'missing': 19}
[2026-05-11 19:47:40,344: INFO/MainProcess] Task profiles.check_profile_heartbeats[d2a4c5c2-b9f6-463b-88d4-f566015d3331] received
[2026-05-11 19:47:40,415: INFO/MainProcess] Task profiles.check_profile_heartbeats[d2a4c5c2-b9f6-463b-88d4-f566015d3331] succeeded in 0.07085260000894777s: {'stale': 0}
[2026-05-11 19:47:44,875: INFO/MainProcess] Task profiles.ensure_profile_runtime[9dfbcaba-36fd-493c-a33b-b1f714f999ec] received
[2026-05-11 19:47:54,251: INFO/MainProcess] Task profiles.ensure_profile_runtime[9dfbcaba-36fd-493c-a33b-b1f714f999ec] succeeded in 4.376301899988903s: {'status': 'launched'}
[2026-05-11 19:48:10,391: INFO/MainProcess] Task profiles.check_profile_heartbeats[0cec075f-0729-4686-8f43-32aa37c3fe0d] received
[2026-05-11 19:48:10,466: INFO/MainProcess] Task profiles.check_profile_heartbeats[0cec075f-0729-4686-8f43-32aa37c3fe0d] succeeded in 0.0748516000167001s: {'stale': 0}
[2026-05-11 19:48:40,436: INFO/MainProcess] Task profiles.check_profile_heartbeats[10e17639-b200-4cea-a6b8-1cb6f2f7eb5b] received
[2026-05-11 19:48:40,510: INFO/MainProcess] Task profiles.check_profile_heartbeats[10e17639-b200-4cea-a6b8-1cb6f2f7eb5b] succeeded in 0.07313619999331422s: {'stale': 0}
[2026-05-11 19:49:10,488: INFO/MainProcess] Task profiles.check_profile_heartbeats[64c0b86c-f972-431e-b750-0720488227fc] received
[2026-05-11 19:49:10,569: INFO/MainProcess] Task profiles.check_profile_heartbeats[64c0b86c-f972-431e-b750-0720488227fc] succeeded in 0.08019599999533966s: {'stale': 0}
[2026-05-11 19:49:40,530: INFO/MainProcess] Task profiles.check_profile_heartbeats[af74d05f-dedc-4b8d-81f6-1d51deecb233] received
[2026-05-11 19:49:40,600: INFO/MainProcess] Task profiles.check_profile_heartbeats[af74d05f-dedc-4b8d-81f6-1d51deecb233] succeeded in 0.06903040001634508s: {'stale': 0}
[2026-05-11 19:50:10,573: INFO/MainProcess] Task profiles.check_profile_heartbeats[77be093d-1f61-492f-8572-59e86d0c76b7] received
[2026-05-11 19:50:10,661: INFO/MainProcess] Task profiles.check_profile_heartbeats[77be093d-1f61-492f-8572-59e86d0c76b7] succeeded in 0.08684149998589419s: {'stale': 0}
[2026-05-11 19:50:37,823: INFO/MainProcess] Task profiles.sync_gologin_profiles[88a7cabb-8d0a-4141-823d-0703a401c364] received
[2026-05-11 19:50:39,156: INFO/MainProcess] Task profiles.sync_gologin_profiles[88a7cabb-8d0a-4141-823d-0703a401c364] succeeded in 1.3321363999857567s: {'status': 'ok', 'remote': 30, 'created': 0, 'synced': 30, 'renamed': 0, 'missing': 19}
[2026-05-11 19:50:40,620: INFO/MainProcess] Task profiles.check_profile_heartbeats[203f3ba3-5405-491d-843e-b2817aeb76ff] received
[2026-05-11 19:50:40,687: INFO/MainProcess] Task profiles.check_profile_heartbeats[203f3ba3-5405-491d-843e-b2817aeb76ff] succeeded in 0.06691420002607629s: {'stale': 0}
[2026-05-11 19:50:44,919: INFO/MainProcess] Task profiles.ensure_profile_runtime[64bf1325-de88-4aa7-8468-1a3e12c2f7a3] received
[2026-05-11 19:50:54,045: INFO/MainProcess] Task profiles.ensure_profile_runtime[64bf1325-de88-4aa7-8468-1a3e12c2f7a3] succeeded in 4.128254200011725s: {'status': 'launched'}
[2026-05-11 19:51:10,669: INFO/MainProcess] Task profiles.check_profile_heartbeats[de177c52-74f7-45b2-bde6-3b8f128873cf] received
[2026-05-11 19:51:10,746: INFO/MainProcess] Task profiles.check_profile_heartbeats[de177c52-74f7-45b2-bde6-3b8f128873cf] succeeded in 0.07615730000543408s: {'stale': 0}
[2026-05-11 19:51:40,710: INFO/MainProcess] Task profiles.check_profile_heartbeats[74196abc-c14b-45d6-b126-f8c68a9e0fc1] received
[2026-05-11 19:51:40,777: INFO/MainProcess] Task profiles.check_profile_heartbeats[74196abc-c14b-45d6-b126-f8c68a9e0fc1] succeeded in 0.06605339999077842s: {'stale': 0}
[2026-05-11 19:52:10,761: INFO/MainProcess] Task profiles.check_profile_heartbeats[a9cd0fef-a569-4be4-92f4-08982e5d1aa9] received
[2026-05-11 19:52:10,833: INFO/MainProcess] Task profiles.check_profile_heartbeats[a9cd0fef-a569-4be4-92f4-08982e5d1aa9] succeeded in 0.07116530000348575s: {'stale': 0}
[2026-05-11 19:52:40,820: INFO/MainProcess] Task profiles.check_profile_heartbeats[fa8a6ed6-9d6f-49ac-9e36-6340897bd588] received
[2026-05-11 19:52:40,901: INFO/MainProcess] Task profiles.check_profile_heartbeats[fa8a6ed6-9d6f-49ac-9e36-6340897bd588] succeeded in 0.08028559997910634s: {'stale': 0}
[2026-05-11 19:53:22,696: INFO/MainProcess] missed heartbeat from incoming@DESKTOP-AL8P1A2
[2026-05-11 19:53:22,698: INFO/MainProcess] missed heartbeat from retry@DESKTOP-AL8P1A2
[2026-05-11 19:53:23,059: INFO/MainProcess] Task profiles.check_profile_heartbeats[82b5cea0-c8f7-4062-858d-7740ecb0154f] received
[2026-05-11 19:53:23,278: INFO/MainProcess] Task profiles.check_profile_heartbeats[82b5cea0-c8f7-4062-858d-7740ecb0154f] succeeded in 0.2178655999887269s: {'stale': 0}
[2026-05-11 19:55:40,796: INFO/MainProcess] missed heartbeat from campaign@DESKTOP-AL8P1A2
[2026-05-11 19:55:40,796: INFO/MainProcess] missed heartbeat from retry@DESKTOP-AL8P1A2
[2026-05-11 19:55:40,797: INFO/MainProcess] missed heartbeat from incoming@DESKTOP-AL8P1A2
[2026-05-11 19:55:41,184: INFO/MainProcess] Task profiles.ensure_profile_runtime[f47c16b8-c6e3-4561-a2d1-f3b8a963bb4e] received
[2026-05-11 19:55:41,756: INFO/MainProcess] Task profiles.sync_gologin_profiles[e9b894d2-9fdd-4d33-a55c-8f926ac8879e] received
[2026-05-11 19:55:42,055: INFO/MainProcess] Task profiles.sync_gologin_profiles[e9b894d2-9fdd-4d33-a55c-8f926ac8879e] succeeded in 0.29861840000376105s: {'status': 'failed', 'error': 'HTTPSConnectionPool(host=\'api.gologin.com\', port=443): Max retries exceeded with url: /browser/v2?page=1&perPage=50 (Caused by NameResolutionError("HTTPSConnection(host=\'api.gologin.com\', port=443): Failed to resolve \'api.gologin.com\' ([Errno 11001] getaddrinfo failed)"))'}
[2026-05-11 19:55:42,093: INFO/MainProcess] Task profiles.check_profile_heartbeats[213844fe-1a24-48ee-b3ac-56fde7261a56] received
[2026-05-11 19:55:42,150: INFO/MainProcess] Task profiles.check_profile_heartbeats[213844fe-1a24-48ee-b3ac-56fde7261a56] succeeded in 0.056676800013519824s: {'stale': 0}
[2026-05-11 20:28:51,265: INFO/MainProcess] missed heartbeat from incoming@DESKTOP-AL8P1A2
[2026-05-11 20:28:51,267: INFO/MainProcess] missed heartbeat from campaign@DESKTOP-AL8P1A2
[2026-05-11 20:28:51,846: INFO/MainProcess] Task profiles.ensure_profile_runtime[9a16cba4-e481-4789-bc0f-3cdf5e110150] received
[2026-05-11 20:28:52,676: INFO/MainProcess] Task profiles.sync_gologin_profiles[41475117-f85e-42b4-8812-3c6fdfb7d2e5] received
[2026-05-11 20:28:52,807: INFO/MainProcess] Task profiles.sync_gologin_profiles[41475117-f85e-42b4-8812-3c6fdfb7d2e5] succeeded in 0.13089050000417046s: {'status': 'failed', 'error': 'HTTPSConnectionPool(host=\'api.gologin.com\', port=443): Max retries exceeded with url: /browser/v2?page=1&perPage=50 (Caused by NameResolutionError("HTTPSConnection(host=\'api.gologin.com\', port=443): Failed to resolve \'api.gologin.com\' ([Errno 11001] getaddrinfo failed)"))'}
[2026-05-11 20:28:52,844: INFO/MainProcess] Task profiles.check_profile_heartbeats[3d251386-49f1-4bde-8213-60694addbe11] received
[2026-05-11 20:28:52,952: INFO/MainProcess] Task profiles.check_profile_heartbeats[3d251386-49f1-4bde-8213-60694addbe11] succeeded in 0.10793460000422783s: {'stale': 0}
[2026-05-11 20:30:41,285: INFO/MainProcess] Task profiles.check_profile_heartbeats[913fd3a7-624d-4083-90e3-cc788bf99df3] received
[2026-05-11 20:30:41,456: INFO/MainProcess] Task profiles.check_profile_heartbeats[913fd3a7-624d-4083-90e3-cc788bf99df3] succeeded in 0.17016509998939s: {'stale': 0}
[2026-05-11 20:30:53,510: WARNING/MainProcess] filename
[2026-05-11 20:30:53,510: WARNING/MainProcess]  
[2026-05-11 20:30:53,510: WARNING/MainProcess] C:\Users\admin\Desktop\Backend\venv\Lib\site-packages\gologin\gologin.py
[2026-05-11 20:30:53,536: INFO/MainProcess] Task profiles.ensure_profile_runtime[f47c16b8-c6e3-4561-a2d1-f3b8a963bb4e] succeeded in 122.26863119998598s: {'status': 'failed', 'error': '[Errno 13] Permission denied: \'C:\\Users\\admin\\AppData\\Local\\Temp\\gologin_69ff137410712a687a8421f7\\Default\\Network\\Cookies\''}
[2026-05-11 20:30:57,003: WARNING/MainProcess] filename
[2026-05-11 20:30:57,004: WARNING/MainProcess]  
[2026-05-11 20:30:57,004: WARNING/MainProcess] C:\Users\admin\Desktop\Backend\venv\Lib\site-packages\gologin\gologin.py
[2026-05-11 20:30:57,027: INFO/MainProcess] Task profiles.ensure_profile_runtime[9a16cba4-e481-4789-bc0f-3cdf5e110150] succeeded in 3.4888247000053525s: {'status': 'failed', 'error': '[Errno 13] Permission denied: \'C:\\Users\\admin\\AppData\\Local\\Temp\\gologin_69ff137410712a687a8421f7\\Default\\Network\\Cookies\''}
[2026-05-11 20:31:11,286: INFO/MainProcess] Task profiles.check_profile_heartbeats[16d3ce61-0ba8-4142-97df-2e12b69c670b] received
[2026-05-11 20:31:11,341: INFO/MainProcess] Task profiles.check_profile_heartbeats[16d3ce61-0ba8-4142-97df-2e12b69c670b] succeeded in 0.0540235000080429s: {'stale': 0}
[2026-05-11 20:31:41,315: INFO/MainProcess] Task profiles.check_profile_heartbeats[fb026a89-cfb7-4f31-9c73-dab0ae2039e9] received
[2026-05-11 20:31:41,380: INFO/MainProcess] Task profiles.check_profile_heartbeats[fb026a89-cfb7-4f31-9c73-dab0ae2039e9] succeeded in 0.06425960001070052s: {'stale': 0}
[2026-05-11 20:31:52,765: INFO/MainProcess] Task profiles.sync_gologin_profiles[ba869cfc-637b-491f-9db4-af29b1c68169] received
[2026-05-11 20:31:53,925: INFO/MainProcess] Task profiles.sync_gologin_profiles[ba869cfc-637b-491f-9db4-af29b1c68169] succeeded in 1.1595143000013195s: {'status': 'ok', 'remote': 30, 'created': 0, 'synced': 30, 'renamed': 0, 'missing': 19}
[2026-05-11 20:32:11,344: INFO/MainProcess] Task profiles.check_profile_heartbeats[4f3f12e0-c7e9-4b1e-a280-5e293fe250a5] received
[2026-05-11 20:32:11,398: INFO/MainProcess] Task profiles.check_profile_heartbeats[4f3f12e0-c7e9-4b1e-a280-5e293fe250a5] succeeded in 0.05413929998758249s: {'stale': 0}
[2026-05-11 20:32:41,132: INFO/MainProcess] Task profiles.ensure_profile_runtime[e13929c6-f529-404b-9b81-ecce40dec62e] received
[2026-05-11 20:32:41,375: INFO/MainProcess] Task profiles.check_profile_heartbeats[52dac947-e7f0-4123-96da-bd98c1312c0f] received
[2026-05-11 20:32:41,438: INFO/MainProcess] Task profiles.check_profile_heartbeats[52dac947-e7f0-4123-96da-bd98c1312c0f] succeeded in 0.06348959999741055s: {'stale': 0}
[2026-05-11 20:33:10,498: ERROR/MainProcess] HTTP request failed: GET https://api.gologin.com/browser/features/69ff137410712a687a8421f7/info-for-run - Error: HTTPSConnectionPool(host='api.gologin.com', port=443): Max retries exceeded with url: /browser/features/69ff137410712a687a8421f7/info-for-run (Caused by NameResolutionError("HTTPSConnection(host='api.gologin.com', port=443): Failed to resolve 'api.gologin.com' ([Errno 11001] getaddrinfo failed)"))
[2026-05-11 20:33:10,498: INFO/MainProcess] Retrying request with alternative URL: https://api.gologin.co/browser/features/69ff137410712a687a8421f7/info-for-run
[2026-05-11 20:33:11,402: INFO/MainProcess] Task profiles.check_profile_heartbeats[eaff6438-4628-46c7-bbff-0bbc08fcc8a8] received
[2026-05-11 20:33:11,458: INFO/MainProcess] Task profiles.check_profile_heartbeats[eaff6438-4628-46c7-bbff-0bbc08fcc8a8] succeeded in 0.055264399998122826s: {'stale': 0}
[2026-05-11 20:33:21,633: ERROR/MainProcess] Retry request also failed: GET https://api.gologin.co/browser/features/69ff137410712a687a8421f7/info-for-run - Error: HTTPSConnectionPool(host='api.gologin.co', port=443): Max retries exceeded with url: /browser/features/69ff137410712a687a8421f7/info-for-run (Caused by NameResolutionError("HTTPSConnection(host='api.gologin.co', port=443): Failed to resolve 'api.gologin.co' ([Errno 11001] getaddrinfo failed)"))
[2026-05-11 20:33:21,676: WARNING/MainProcess] filename
[2026-05-11 20:33:21,676: WARNING/MainProcess]  
[2026-05-11 20:33:21,676: WARNING/MainProcess] C:\Users\admin\Desktop\Backend\venv\Lib\site-packages\gologin\gologin.py
[2026-05-11 20:33:21,680: WARNING/MainProcess] Retrying (Retry(total=2, connect=None, read=None, redirect=None, status=None)) after connection broken by 'NameResolutionError("HTTPSConnection(host='sentry-new.amzn.pro', port=443): Failed to resolve 'sentry-new.amzn.pro' ([Errno 11001] getaddrinfo failed)")': /api/25/envelope/
[2026-05-11 20:33:21,681: WARNING/MainProcess] Retrying (Retry(total=1, connect=None, read=None, redirect=None, status=None)) after connection broken by 'NameResolutionError("HTTPSConnection(host='sentry-new.amzn.pro', port=443): Failed to resolve 'sentry-new.amzn.pro' ([Errno 11001] getaddrinfo failed)")': /api/25/envelope/
[2026-05-11 20:33:21,681: WARNING/MainProcess] Retrying (Retry(total=0, connect=None, read=None, redirect=None, status=None)) after connection broken by 'NameResolutionError("HTTPSConnection(host='sentry-new.amzn.pro', port=443): Failed to resolve 'sentry-new.amzn.pro' ([Errno 11001] getaddrinfo failed)")': /api/25/envelope/
[2026-05-11 20:33:21,708: INFO/MainProcess] Task profiles.ensure_profile_runtime[e13929c6-f529-404b-9b81-ecce40dec62e] succeeded in 35.57752459999756s: {'status': 'failed', 'error': 'HTTPSConnectionPool(host=\'api.gologin.co\', port=443): Max retries exceeded with url: /browser/features/69ff137410712a687a8421f7/info-for-run (Caused by NameResolutionError("HTTPSConnection(host=\'api.gologin.co\', port=443): Failed to resolve \'api.gologin.co\' ([Errno 11001] getaddrinfo failed)"))'}
[2026-05-12 02:57:44,635: INFO/MainProcess] Connected to redis://localhost:6379/0
[2026-05-12 02:57:46,663: INFO/MainProcess] mingle: searching for neighbors
[2026-05-12 02:57:53,756: INFO/MainProcess] mingle: all alone
[2026-05-12 02:58:03,947: INFO/MainProcess] default@DESKTOP-AL8P1A2 ready.
[2026-05-12 02:58:03,949: INFO/MainProcess] Task profiles.check_profile_heartbeats[2da05bf1-f1f1-4ac8-b02d-e8b95d3ffdfe] received
[2026-05-12 02:58:03,993: INFO/MainProcess] Task profiles.check_profile_heartbeats[2da05bf1-f1f1-4ac8-b02d-e8b95d3ffdfe] succeeded in 0.04392640001606196s: {'stale': 0}
[2026-05-12 02:58:03,995: INFO/MainProcess] Task profiles.sync_gologin_profiles[e5c1658c-768b-4313-a98d-50ead831248a] received
[2026-05-12 02:58:04,943: INFO/MainProcess] Task profiles.sync_gologin_profiles[e5c1658c-768b-4313-a98d-50ead831248a] succeeded in 0.947791300015524s: {'status': 'ok', 'remote': 30, 'created': 0, 'synced': 30, 'renamed': 0, 'missing': 19}
[2026-05-12 02:58:04,946: INFO/MainProcess] Task profiles.check_profile_heartbeats[5bc52ca0-6e26-48c4-899f-86cc8dc9c8af] received
[2026-05-12 02:58:04,988: INFO/MainProcess] Task profiles.check_profile_heartbeats[5bc52ca0-6e26-48c4-899f-86cc8dc9c8af] succeeded in 0.04217649999191053s: {'stale': 0}
[2026-05-12 02:58:04,991: INFO/MainProcess] Task profiles.cleanup_stale_runtimes[f2244dc2-07c9-4cbc-9d47-7fc10dd01014] received
[2026-05-12 02:58:05,033: INFO/MainProcess] Task profiles.cleanup_stale_runtimes[f2244dc2-07c9-4cbc-9d47-7fc10dd01014] succeeded in 0.041937600006349385s: {'released': 0}
[2026-05-12 02:58:05,035: INFO/MainProcess] Task profiles.cleanup_stale_runtimes[e9516f48-1264-4637-824b-943919662869] received
[2026-05-12 02:58:05,076: INFO/MainProcess] Task profiles.cleanup_stale_runtimes[e9516f48-1264-4637-824b-943919662869] succeeded in 0.04077209997922182s: {'released': 0}
[2026-05-12 02:58:05,078: INFO/MainProcess] Task profiles.check_profile_heartbeats[3c0c5392-69ec-403c-a745-58b0281dac3e] received
[2026-05-12 02:58:05,121: INFO/MainProcess] Task profiles.check_profile_heartbeats[3c0c5392-69ec-403c-a745-58b0281dac3e] succeeded in 0.04243070000666194s: {'stale': 0}
[2026-05-12 02:58:05,123: INFO/MainProcess] Task profiles.ensure_profile_runtime[6cae94f1-2b29-4bf9-b037-cf6761dd500d] received
[2026-05-12 02:58:07,282: INFO/MainProcess] Task profiles.cleanup_stale_runtimes[af7295c4-d92c-4391-b1bf-7ee65910d5e5] received
[2026-05-12 02:58:07,322: INFO/MainProcess] Task profiles.cleanup_stale_runtimes[af7295c4-d92c-4391-b1bf-7ee65910d5e5] succeeded in 0.039469000010285527s: {'released': 0}
[2026-05-12 02:58:12,933: INFO/MainProcess] Task profiles.check_profile_heartbeats[39e4c7b1-b4d6-48e6-beec-20823afb6933] received
[2026-05-12 02:58:12,973: INFO/MainProcess] Task profiles.check_profile_heartbeats[39e4c7b1-b4d6-48e6-beec-20823afb6933] succeeded in 0.040490199986379594s: {'stale': 0}
[2026-05-12 02:58:14,927: WARNING/MainProcess] filename
[2026-05-12 02:58:14,928: WARNING/MainProcess]  
[2026-05-12 02:58:14,928: WARNING/MainProcess] C:\Users\admin\Desktop\Backend\venv\Lib\site-packages\gologin\gologin.py
[2026-05-12 02:58:14,960: INFO/MainProcess] Task profiles.ensure_profile_runtime[6cae94f1-2b29-4bf9-b037-cf6761dd500d] succeeded in 5.3922420000017155s: {'status': 'failed', 'error': '[Errno 22] Invalid argument: \'C:\\Users\\admin\\AppData\\Local\\Temp\\gologin_69ff136e7bd52b8361b353a4\\Default\\Account Web Data\''}
[2026-05-12 02:58:17,135: INFO/MainProcess] Task profiles.check_profile_heartbeats[090e72d1-b230-4c80-aced-599e7173db34] received
[2026-05-12 02:58:17,175: INFO/MainProcess] Task profiles.check_profile_heartbeats[090e72d1-b230-4c80-aced-599e7173db34] succeeded in 0.03938729999936186s: {'stale': 0}
[2026-05-12 02:58:17,302: INFO/MainProcess] Task profiles.cleanup_stale_runtimes[ce301896-4045-42a6-a064-b0d54b12114c] received
[2026-05-12 02:58:17,341: INFO/MainProcess] Task profiles.cleanup_stale_runtimes[ce301896-4045-42a6-a064-b0d54b12114c] succeeded in 0.038512099999934435s: {'released': 0}
[2026-05-12 02:58:27,322: INFO/MainProcess] Task profiles.cleanup_stale_runtimes[b3432235-39ef-479f-9fe9-467490a23311] received
[2026-05-12 02:58:27,362: INFO/MainProcess] Task profiles.cleanup_stale_runtimes[b3432235-39ef-479f-9fe9-467490a23311] succeeded in 0.03901490001589991s: {'released': 0}
[2026-05-12 02:58:32,156: INFO/MainProcess] Task profiles.check_profile_heartbeats[713a867b-6c3c-40bb-be98-40be85a292f5] received
[2026-05-12 02:58:32,194: INFO/MainProcess] Task profiles.check_profile_heartbeats[713a867b-6c3c-40bb-be98-40be85a292f5] succeeded in 0.038227599987294525s: {'stale': 0}
[2026-05-12 02:58:37,343: INFO/MainProcess] Task profiles.cleanup_stale_runtimes[bb6eea2f-fddd-45db-9432-190c7f5e3fee] received
[2026-05-12 02:58:37,383: INFO/MainProcess] Task profiles.cleanup_stale_runtimes[bb6eea2f-fddd-45db-9432-190c7f5e3fee] succeeded in 0.03982569999061525s: {'released': 0}
[2026-05-12 02:58:42,953: INFO/MainProcess] Task profiles.check_profile_heartbeats[42c8ad92-f463-450f-86eb-b1608e7973a9] received
[2026-05-12 02:58:42,993: INFO/MainProcess] Task profiles.check_profile_heartbeats[42c8ad92-f463-450f-86eb-b1608e7973a9] succeeded in 0.040134300012141466s: {'stale': 0}
[2026-05-12 02:58:47,177: INFO/MainProcess] Task profiles.check_profile_heartbeats[e7506fed-05f5-4b38-bf78-23569ecdf0f5] received
[2026-05-12 02:58:47,218: INFO/MainProcess] Task profiles.check_profile_heartbeats[e7506fed-05f5-4b38-bf78-23569ecdf0f5] succeeded in 0.0409741000039503s: {'stale': 0}
[2026-05-12 02:58:47,363: INFO/MainProcess] Task profiles.cleanup_stale_runtimes[7cab3180-5e81-4a6a-92f4-338b3d448827] received
[2026-05-12 02:58:47,404: INFO/MainProcess] Task profiles.cleanup_stale_runtimes[7cab3180-5e81-4a6a-92f4-338b3d448827] succeeded in 0.04015580000123009s: {'released': 0}
[2026-05-12 02:58:57,383: INFO/MainProcess] Task profiles.cleanup_stale_runtimes[4eed148e-f17f-44cc-aece-ed4a54dfa765] received
[2026-05-12 02:58:57,423: INFO/MainProcess] Task profiles.cleanup_stale_runtimes[4eed148e-f17f-44cc-aece-ed4a54dfa765] succeeded in 0.04039700000430457s: {'released': 0}
[2026-05-12 02:59:02,198: INFO/MainProcess] Task profiles.check_profile_heartbeats[e785f2f5-0dcb-4418-b057-d77dc458f3e9] received
[2026-05-12 02:59:02,236: INFO/MainProcess] Task profiles.check_profile_heartbeats[e785f2f5-0dcb-4418-b057-d77dc458f3e9] succeeded in 0.037771100003737956s: {'stale': 0}
[2026-05-12 02:59:07,403: INFO/MainProcess] Task profiles.cleanup_stale_runtimes[61105edd-1bf7-48b3-8999-40dfd67c0637] received
[2026-05-12 02:59:07,443: INFO/MainProcess] Task profiles.cleanup_stale_runtimes[61105edd-1bf7-48b3-8999-40dfd67c0637] succeeded in 0.03988440000102855s: {'released': 0}
[2026-05-12 02:59:12,972: INFO/MainProcess] Task profiles.check_profile_heartbeats[89378b98-d4fd-4568-9e17-db073f97427e] received
[2026-05-12 02:59:13,011: INFO/MainProcess] Task profiles.check_profile_heartbeats[89378b98-d4fd-4568-9e17-db073f97427e] succeeded in 0.03820940002333373s: {'stale': 0}
[2026-05-12 02:59:17,218: INFO/MainProcess] Task profiles.check_profile_heartbeats[7431b58f-5740-4b01-baf1-176f6e3b440b] received
[2026-05-12 02:59:17,258: INFO/MainProcess] Task profiles.check_profile_heartbeats[7431b58f-5740-4b01-baf1-176f6e3b440b] succeeded in 0.039315200003329664s: {'stale': 0}
[2026-05-12 02:59:17,422: INFO/MainProcess] Task profiles.cleanup_stale_runtimes[fe0c55e0-90f2-45f0-9ef4-d81f376ed596] received
[2026-05-12 02:59:17,461: INFO/MainProcess] Task profiles.cleanup_stale_runtimes[fe0c55e0-90f2-45f0-9ef4-d81f376ed596] succeeded in 0.038667800021357834s: {'released': 0}
[2026-05-12 02:59:27,443: INFO/MainProcess] Task profiles.cleanup_stale_runtimes[895f201c-431c-4e8d-9c17-e0dd1c768a78] received
[2026-05-12 02:59:27,483: INFO/MainProcess] Task profiles.cleanup_stale_runtimes[895f201c-431c-4e8d-9c17-e0dd1c768a78] succeeded in 0.039693099999567494s: {'released': 0}
[2026-05-12 02:59:32,237: INFO/MainProcess] Task profiles.check_profile_heartbeats[6085f9e2-0779-407f-8aaf-05888a9b88fc] received
[2026-05-12 02:59:32,276: INFO/MainProcess] Task profiles.check_profile_heartbeats[6085f9e2-0779-407f-8aaf-05888a9b88fc] succeeded in 0.03794940002262592s: {'stale': 0}
[2026-05-12 02:59:37,462: INFO/MainProcess] Task profiles.cleanup_stale_runtimes[ef940cac-ebd7-434a-9b6f-41d1b9cb888b] received
[2026-05-12 02:59:37,501: INFO/MainProcess] Task profiles.cleanup_stale_runtimes[ef940cac-ebd7-434a-9b6f-41d1b9cb888b] succeeded in 0.03856890002498403s: {'released': 0}
[2026-05-12 02:59:42,992: INFO/MainProcess] Task profiles.check_profile_heartbeats[d4ec3a6e-6215-4662-8dac-6bd9b1cea6cd] received
[2026-05-12 02:59:43,032: INFO/MainProcess] Task profiles.check_profile_heartbeats[d4ec3a6e-6215-4662-8dac-6bd9b1cea6cd] succeeded in 0.04017380002187565s: {'stale': 0}
[2026-05-12 02:59:47,257: INFO/MainProcess] Task profiles.check_profile_heartbeats[ffe31b7d-8425-481f-b246-3b0d72bc95d2] received
[2026-05-12 02:59:47,298: INFO/MainProcess] Task profiles.check_profile_heartbeats[ffe31b7d-8425-481f-b246-3b0d72bc95d2] succeeded in 0.0406111000047531s: {'stale': 0}
[2026-05-12 02:59:47,484: INFO/MainProcess] Task profiles.cleanup_stale_runtimes[59a13f28-9897-4d5b-bff4-324ac0007525] received
[2026-05-12 02:59:47,526: INFO/MainProcess] Task profiles.cleanup_stale_runtimes[59a13f28-9897-4d5b-bff4-324ac0007525] succeeded in 0.04195319997961633s: {'released': 0}
[2026-05-12 02:59:57,504: INFO/MainProcess] Task profiles.cleanup_stale_runtimes[0e7fe4f4-b928-400a-af00-b00b3b199e3e] received
[2026-05-12 02:59:57,544: INFO/MainProcess] Task profiles.cleanup_stale_runtimes[0e7fe4f4-b928-400a-af00-b00b3b199e3e] succeeded in 0.03969050000887364s: {'released': 0}
[2026-05-12 03:00:02,277: INFO/MainProcess] Task profiles.check_profile_heartbeats[92be3e76-61fa-4802-8fd2-ad67136650fd] received
[2026-05-12 03:00:02,317: INFO/MainProcess] Task profiles.check_profile_heartbeats[92be3e76-61fa-4802-8fd2-ad67136650fd] succeeded in 0.03971179999643937s: {'stale': 0}
[2026-05-12 03:00:07,524: INFO/MainProcess] Task profiles.cleanup_stale_runtimes[f1318a69-b063-4773-b00e-02c2868e6441] received
[2026-05-12 03:00:07,564: INFO/MainProcess] Task profiles.cleanup_stale_runtimes[f1318a69-b063-4773-b00e-02c2868e6441] succeeded in 0.03953020001063123s: {'released': 0}
[2026-05-12 03:00:13,012: INFO/MainProcess] Task profiles.check_profile_heartbeats[60d225fb-f2a5-40ec-87f5-832932333ab7] received
[2026-05-12 03:00:13,052: INFO/MainProcess] Task profiles.check_profile_heartbeats[60d225fb-f2a5-40ec-87f5-832932333ab7] succeeded in 0.0397141000139527s: {'stale': 0}
[2026-05-12 03:00:17,297: INFO/MainProcess] Task profiles.check_profile_heartbeats[80059d83-9c2a-43e3-81c2-947c5e1e8d92] received
[2026-05-12 03:00:17,337: INFO/MainProcess] Task profiles.check_profile_heartbeats[80059d83-9c2a-43e3-81c2-947c5e1e8d92] succeeded in 0.03979579999577254s: {'stale': 0}
[2026-05-12 03:00:17,544: INFO/MainProcess] Task profiles.cleanup_stale_runtimes[d4b5aef1-449c-4665-9480-97cf856d9cd1] received
[2026-05-12 03:00:17,583: INFO/MainProcess] Task profiles.cleanup_stale_runtimes[d4b5aef1-449c-4665-9480-97cf856d9cd1] succeeded in 0.03854050001245923s: {'released': 0}
[2026-05-12 03:00:27,564: INFO/MainProcess] Task profiles.cleanup_stale_runtimes[42cae4e6-2b43-4c5d-8198-f7c4800ec915] received
[2026-05-12 03:00:27,603: INFO/MainProcess] Task profiles.cleanup_stale_runtimes[42cae4e6-2b43-4c5d-8198-f7c4800ec915] succeeded in 0.03830999997444451s: {'released': 0}
[2026-05-12 03:00:32,317: INFO/MainProcess] Task profiles.check_profile_heartbeats[9bcb42aa-dcea-42d7-8070-efc374ad948d] received
[2026-05-12 03:00:32,357: INFO/MainProcess] Task profiles.check_profile_heartbeats[9bcb42aa-dcea-42d7-8070-efc374ad948d] succeeded in 0.0395896999980323s: {'stale': 0}
[2026-05-12 03:00:37,583: INFO/MainProcess] Task profiles.cleanup_stale_runtimes[e5b07efb-f155-49f0-b23e-1acd14b535d5] received
[2026-05-12 03:00:37,623: INFO/MainProcess] Task profiles.cleanup_stale_runtimes[e5b07efb-f155-49f0-b23e-1acd14b535d5] succeeded in 0.03928479997557588s: {'released': 0}
[2026-05-12 03:00:43,034: INFO/MainProcess] Task profiles.check_profile_heartbeats[42a4d5fb-b9a2-4932-b229-977aac1ab41f] received
[2026-05-12 03:00:43,074: INFO/MainProcess] Task profiles.check_profile_heartbeats[42a4d5fb-b9a2-4932-b229-977aac1ab41f] succeeded in 0.0390746999764815s: {'stale': 0}
[2026-05-12 03:00:47,130: INFO/MainProcess] Task profiles.sync_gologin_profiles[9cc84f4d-c13b-4113-86fa-29542421d091] received
[2026-05-12 03:00:47,970: INFO/MainProcess] Task profiles.sync_gologin_profiles[9cc84f4d-c13b-4113-86fa-29542421d091] succeeded in 0.8392982999794185s: {'status': 'ok', 'remote': 30, 'created': 0, 'synced': 30, 'renamed': 0, 'missing': 19}
[2026-05-12 03:00:47,972: INFO/MainProcess] Task profiles.check_profile_heartbeats[aa150a14-67f3-49ea-ad2e-349283835e37] received
[2026-05-12 03:00:48,010: INFO/MainProcess] Task profiles.check_profile_heartbeats[aa150a14-67f3-49ea-ad2e-349283835e37] succeeded in 0.038197999994736165s: {'stale': 0}
[2026-05-12 03:00:48,012: INFO/MainProcess] Task profiles.cleanup_stale_runtimes[1b999206-4d90-46cb-87d7-af5fe9fe541a] received
[2026-05-12 03:00:48,051: INFO/MainProcess] Task profiles.cleanup_stale_runtimes[1b999206-4d90-46cb-87d7-af5fe9fe541a] succeeded in 0.038734200003091246s: {'released': 0}
[2026-05-12 03:00:57,624: INFO/MainProcess] Task profiles.cleanup_stale_runtimes[d3ede47e-ceca-4572-b69a-c4a452233c6e] received
[2026-05-12 03:00:57,663: INFO/MainProcess] Task profiles.cleanup_stale_runtimes[d3ede47e-ceca-4572-b69a-c4a452233c6e] succeeded in 0.03916149999713525s: {'released': 0}
[2026-05-12 03:01:02,387: INFO/MainProcess] Task profiles.check_profile_heartbeats[e706296b-f8e9-4d5a-840a-3a4c6497d3ad] received
[2026-05-12 03:01:02,427: INFO/MainProcess] Task profiles.check_profile_heartbeats[e706296b-f8e9-4d5a-840a-3a4c6497d3ad] succeeded in 0.039335900015430525s: {'stale': 0}
[2026-05-12 03:01:07,645: INFO/MainProcess] Task profiles.cleanup_stale_runtimes[c3aa3eae-9a34-4173-9241-cf173fb47c39] received
[2026-05-12 03:01:07,684: INFO/MainProcess] Task profiles.cleanup_stale_runtimes[c3aa3eae-9a34-4173-9241-cf173fb47c39] succeeded in 0.039146299997810274s: {'released': 0}
[2026-05-12 03:01:13,055: INFO/MainProcess] Task profiles.check_profile_heartbeats[06a70667-e91c-484c-937b-9b7767ad01f0] received
[2026-05-12 03:01:13,093: INFO/MainProcess] Task profiles.check_profile_heartbeats[06a70667-e91c-484c-937b-9b7767ad01f0] succeeded in 0.03805070000817068s: {'stale': 0}
[2026-05-12 03:01:17,407: INFO/MainProcess] Task profiles.check_profile_heartbeats[89674e5b-fa10-42b8-a0ed-6a3a7f3abd42] received
[2026-05-12 03:01:17,448: INFO/MainProcess] Task profiles.check_profile_heartbeats[89674e5b-fa10-42b8-a0ed-6a3a7f3abd42] succeeded in 0.04107160001876764s: {'stale': 0}
[2026-05-12 03:01:17,665: INFO/MainProcess] Task profiles.cleanup_stale_runtimes[734cd19b-bfbe-4e80-ab88-ed3a9208ea4c] received
[2026-05-12 03:01:17,704: INFO/MainProcess] Task profiles.cleanup_stale_runtimes[734cd19b-bfbe-4e80-ab88-ed3a9208ea4c] succeeded in 0.0387648000032641s: {'released': 0}
[2026-05-12 03:01:27,685: INFO/MainProcess] Task profiles.cleanup_stale_runtimes[7b4c661c-2f55-4b39-875c-dedcb967ee2a] received
[2026-05-12 03:01:27,726: INFO/MainProcess] Task profiles.cleanup_stale_runtimes[7b4c661c-2f55-4b39-875c-dedcb967ee2a] succeeded in 0.04094979999354109s: {'released': 0}
[2026-05-12 03:01:32,428: INFO/MainProcess] Task profiles.check_profile_heartbeats[4afdd389-496a-4007-a684-10194c1cc60d] received
[2026-05-12 03:01:32,466: INFO/MainProcess] Task profiles.check_profile_heartbeats[4afdd389-496a-4007-a684-10194c1cc60d] succeeded in 0.03851980000035837s: {'stale': 0}
[2026-05-12 03:01:37,704: INFO/MainProcess] Task profiles.cleanup_stale_runtimes[e6f53b34-7dfe-4031-960f-d0bdd702149a] received
[2026-05-12 03:01:37,744: INFO/MainProcess] Task profiles.cleanup_stale_runtimes[e6f53b34-7dfe-4031-960f-d0bdd702149a] succeeded in 0.03937640000367537s: {'released': 0}
[2026-05-12 03:01:43,076: INFO/MainProcess] Task profiles.check_profile_heartbeats[7b792d50-4055-4f2e-b494-580963fc6178] received
[2026-05-12 03:01:43,115: INFO/MainProcess] Task profiles.check_profile_heartbeats[7b792d50-4055-4f2e-b494-580963fc6178] succeeded in 0.03907249998883344s: {'stale': 0}
[2026-05-12 03:01:47,448: INFO/MainProcess] Task profiles.check_profile_heartbeats[63028a80-681b-48f8-8509-22337a74e035] received
[2026-05-12 03:01:47,488: INFO/MainProcess] Task profiles.check_profile_heartbeats[63028a80-681b-48f8-8509-22337a74e035] succeeded in 0.039612900000065565s: {'stale': 0}
[2026-05-12 03:01:47,726: INFO/MainProcess] Task profiles.cleanup_stale_runtimes[a4e6fb1a-ee1d-4a7b-9476-74f02481f8aa] received
[2026-05-12 03:01:47,767: INFO/MainProcess] Task profiles.cleanup_stale_runtimes[a4e6fb1a-ee1d-4a7b-9476-74f02481f8aa] succeeded in 0.04067570000188425s: {'released': 0}
[2026-05-12 03:01:52,441: INFO/MainProcess] Task profiles.ensure_profile_runtime[3ac649c5-4b73-4b53-891b-0b9bcecc1d0f] received
[2026-05-12 03:01:57,747: INFO/MainProcess] Task profiles.cleanup_stale_runtimes[01ecd2a2-3c69-49ae-8855-3d84af6be545] received
[2026-05-12 03:01:57,791: INFO/MainProcess] Task profiles.cleanup_stale_runtimes[01ecd2a2-3c69-49ae-8855-3d84af6be545] succeeded in 0.043074099987279624s: {'released': 0}
[2026-05-12 03:02:02,468: INFO/MainProcess] Task profiles.check_profile_heartbeats[f59cd59d-89ea-4983-a2de-35dca1e44e8d] received
[2026-05-12 03:02:02,510: INFO/MainProcess] Task profiles.check_profile_heartbeats[f59cd59d-89ea-4983-a2de-35dca1e44e8d] succeeded in 0.04132299998309463s: {'stale': 0}
[2026-05-12 03:02:02,657: WARNING/MainProcess] filename
[2026-05-12 03:02:02,657: WARNING/MainProcess]  
[2026-05-12 03:02:02,657: WARNING/MainProcess] C:\Users\admin\Desktop\Backend\venv\Lib\site-packages\gologin\gologin.py
[2026-05-12 03:02:02,677: INFO/MainProcess] Task profiles.ensure_profile_runtime[3ac649c5-4b73-4b53-891b-0b9bcecc1d0f] succeeded in 5.237866100011161s: {'status': 'failed', 'error': '[Errno 22] Invalid argument: \'C:\\Users\\admin\\AppData\\Local\\Temp\\gologin_69ff136e7bd52b8361b353a4\\Default\\Account Web Data\''}
[2026-05-12 03:02:07,766: INFO/MainProcess] Task profiles.cleanup_stale_runtimes[8ac638ab-150a-467f-9b51-1c34e2cae957] received
[2026-05-12 03:02:07,807: INFO/MainProcess] Task profiles.cleanup_stale_runtimes[8ac638ab-150a-467f-9b51-1c34e2cae957] succeeded in 0.03987989999586716s: {'released': 0}
[2026-05-12 03:02:13,097: INFO/MainProcess] Task profiles.check_profile_heartbeats[c08098a6-0f7b-4c24-adc4-54eed2fcebaf] received
[2026-05-12 03:02:13,137: INFO/MainProcess] Task profiles.check_profile_heartbeats[c08098a6-0f7b-4c24-adc4-54eed2fcebaf] succeeded in 0.039842700003646314s: {'stale': 0}
[2026-05-12 03:02:17,488: INFO/MainProcess] Task profiles.check_profile_heartbeats[10271efe-2231-4a9c-aabe-27631901c994] received
[2026-05-12 03:02:17,527: INFO/MainProcess] Task profiles.check_profile_heartbeats[10271efe-2231-4a9c-aabe-27631901c994] succeeded in 0.038724000012734905s: {'stale': 0}
[2026-05-12 03:02:17,787: INFO/MainProcess] Task profiles.cleanup_stale_runtimes[ad68a27b-15ff-408d-82de-8e71496c10e5] received
[2026-05-12 03:02:17,828: INFO/MainProcess] Task profiles.cleanup_stale_runtimes[ad68a27b-15ff-408d-82de-8e71496c10e5] succeeded in 0.04096779998508282s: {'released': 0}
[2026-05-12 03:02:27,807: INFO/MainProcess] Task profiles.cleanup_stale_runtimes[d5f36822-805c-44f9-aa38-c46c1cc02e7e] received
[2026-05-12 03:02:27,845: INFO/MainProcess] Task profiles.cleanup_stale_runtimes[d5f36822-805c-44f9-aa38-c46c1cc02e7e] succeeded in 0.038291200005915016s: {'released': 0}
[2026-05-12 03:02:32,508: INFO/MainProcess] Task profiles.check_profile_heartbeats[f769dc7f-7fb5-4f66-a118-2c229b9ae0bf] received
[2026-05-12 03:02:32,548: INFO/MainProcess] Task profiles.check_profile_heartbeats[f769dc7f-7fb5-4f66-a118-2c229b9ae0bf] succeeded in 0.03894500000751577s: {'stale': 0}
[2026-05-12 03:02:37,937: INFO/MainProcess] Task profiles.cleanup_stale_runtimes[c59a6970-035f-4306-b88c-034d09c98d83] received
[2026-05-12 03:02:37,976: INFO/MainProcess] Task profiles.cleanup_stale_runtimes[c59a6970-035f-4306-b88c-034d09c98d83] succeeded in 0.03864939999766648s: {'released': 0}
[2026-05-12 03:02:43,113: INFO/MainProcess] Task profiles.check_profile_heartbeats[03408d21-08d3-4a53-80f2-dd7d0d738416] received
[2026-05-12 03:02:43,152: INFO/MainProcess] Task profiles.check_profile_heartbeats[03408d21-08d3-4a53-80f2-dd7d0d738416] succeeded in 0.03888469998491928s: {'stale': 0}
[2026-05-12 03:02:47,529: INFO/MainProcess] Task profiles.check_profile_heartbeats[6b1dcdee-fb1b-41dd-b2ac-9d24a1e6748e] received
[2026-05-12 03:02:47,569: INFO/MainProcess] Task profiles.check_profile_heartbeats[6b1dcdee-fb1b-41dd-b2ac-9d24a1e6748e] succeeded in 0.04020459999446757s: {'stale': 0}
[2026-05-12 03:02:47,958: INFO/MainProcess] Task profiles.cleanup_stale_runtimes[3b3fe25c-bafe-4bbf-b932-387a8048a540] received
[2026-05-12 03:02:47,998: INFO/MainProcess] Task profiles.cleanup_stale_runtimes[3b3fe25c-bafe-4bbf-b932-387a8048a540] succeeded in 0.039146299997810274s: {'released': 0}
[2026-05-12 03:02:57,979: INFO/MainProcess] Task profiles.cleanup_stale_runtimes[98dad200-dd83-4ea3-81e3-e7c1f2ce7d88] received
[2026-05-12 03:02:58,022: INFO/MainProcess] Task profiles.cleanup_stale_runtimes[98dad200-dd83-4ea3-81e3-e7c1f2ce7d88] succeeded in 0.041838199977064505s: {'released': 0}
[2026-05-12 03:03:02,550: INFO/MainProcess] Task profiles.check_profile_heartbeats[05c3010c-03aa-404b-ae19-2a6ce8c62cf0] received
[2026-05-12 03:03:02,587: INFO/MainProcess] Task profiles.check_profile_heartbeats[05c3010c-03aa-404b-ae19-2a6ce8c62cf0] succeeded in 0.03697539999848232s: {'stale': 0}
[2026-05-12 03:03:08,001: INFO/MainProcess] Task profiles.cleanup_stale_runtimes[b6280853-a77a-43dd-a3cf-1d2485860274] received
[2026-05-12 03:03:08,046: INFO/MainProcess] Task profiles.cleanup_stale_runtimes[b6280853-a77a-43dd-a3cf-1d2485860274] succeeded in 0.04397379999863915s: {'released': 0}
[2026-05-12 03:03:13,132: INFO/MainProcess] Task profiles.check_profile_heartbeats[186bfcef-901e-4886-bc88-bff88bff4e25] received
[2026-05-12 03:03:13,172: INFO/MainProcess] Task profiles.check_profile_heartbeats[186bfcef-901e-4886-bc88-bff88bff4e25] succeeded in 0.039343299984466285s: {'stale': 0}
[2026-05-12 03:03:17,571: INFO/MainProcess] Task profiles.check_profile_heartbeats[64bcbe0d-a037-4ba5-b550-1a40b8f08a00] received
[2026-05-12 03:03:17,611: INFO/MainProcess] Task profiles.check_profile_heartbeats[64bcbe0d-a037-4ba5-b550-1a40b8f08a00] succeeded in 0.039741999993566424s: {'stale': 0}
[2026-05-12 03:03:18,021: INFO/MainProcess] Task profiles.cleanup_stale_runtimes[2abf7d3a-86c6-4864-82a2-9ff01b56d9cc] received
[2026-05-12 03:03:18,063: INFO/MainProcess] Task profiles.cleanup_stale_runtimes[2abf7d3a-86c6-4864-82a2-9ff01b56d9cc] succeeded in 0.04133369997725822s: {'released': 0}
[2026-05-12 03:03:28,041: INFO/MainProcess] Task profiles.cleanup_stale_runtimes[b5484efa-6230-4dfd-9e32-504df20b3f46] received
[2026-05-12 03:03:28,081: INFO/MainProcess] Task profiles.cleanup_stale_runtimes[b5484efa-6230-4dfd-9e32-504df20b3f46] succeeded in 0.03963179999846034s: {'released': 0}
[2026-05-12 03:03:32,590: INFO/MainProcess] Task profiles.check_profile_heartbeats[79a92f30-94e4-4dfd-8191-2c047e2d5ee6] received
[2026-05-12 03:03:32,628: INFO/MainProcess] Task profiles.check_profile_heartbeats[79a92f30-94e4-4dfd-8191-2c047e2d5ee6] succeeded in 0.03749960000277497s: {'stale': 0}
[2026-05-12 03:03:38,176: INFO/MainProcess] Task profiles.cleanup_stale_runtimes[6ed980c1-8620-441b-a565-2a889476d7dc] received
[2026-05-12 03:03:38,214: INFO/MainProcess] Task profiles.cleanup_stale_runtimes[6ed980c1-8620-441b-a565-2a889476d7dc] succeeded in 0.03801690001273528s: {'released': 0}
[2026-05-12 03:03:43,152: INFO/MainProcess] Task profiles.check_profile_heartbeats[f572f3e2-4505-4ffb-914a-40652ea4cb5a] received
[2026-05-12 03:03:43,191: INFO/MainProcess] Task profiles.check_profile_heartbeats[f572f3e2-4505-4ffb-914a-40652ea4cb5a] succeeded in 0.03913489999831654s: {'stale': 0}
[2026-05-12 03:03:47,200: INFO/MainProcess] Task profiles.sync_gologin_profiles[6561d8c8-8b22-4b89-82ef-db9663a7fa3c] received
[2026-05-12 03:03:48,185: INFO/MainProcess] Task profiles.sync_gologin_profiles[6561d8c8-8b22-4b89-82ef-db9663a7fa3c] succeeded in 0.9851762999896891s: {'status': 'ok', 'remote': 30, 'created': 0, 'synced': 30, 'renamed': 0, 'missing': 19}
[2026-05-12 03:03:48,188: INFO/MainProcess] Task profiles.check_profile_heartbeats[8fb18a2f-444b-49d3-8e0d-f8f5e32d3db5] received
[2026-05-12 03:03:48,246: INFO/MainProcess] Task profiles.check_profile_heartbeats[8fb18a2f-444b-49d3-8e0d-f8f5e32d3db5] succeeded in 0.05741080001462251s: {'stale': 0}
[2026-05-12 03:03:48,248: INFO/MainProcess] Task profiles.cleanup_stale_runtimes[eef4618b-faed-4c12-af5b-04d727cd8c9e] received
[2026-05-12 03:03:48,301: INFO/MainProcess] Task profiles.cleanup_stale_runtimes[eef4618b-faed-4c12-af5b-04d727cd8c9e] succeeded in 0.05290520002017729s: {'released': 0}
[2026-05-12 03:03:58,227: INFO/MainProcess] Task profiles.cleanup_stale_runtimes[1b40b555-1b42-4335-beaa-9813a211b03f] received
[2026-05-12 03:03:58,266: INFO/MainProcess] Task profiles.cleanup_stale_runtimes[1b40b555-1b42-4335-beaa-9813a211b03f] succeeded in 0.03913240000838414s: {'released': 0}
[2026-05-12 03:04:02,630: INFO/MainProcess] Task profiles.check_profile_heartbeats[e9f99de7-b36c-4cd2-b6b3-665d8776d529] received
[2026-05-12 03:04:02,670: INFO/MainProcess] Task profiles.check_profile_heartbeats[e9f99de7-b36c-4cd2-b6b3-665d8776d529] succeeded in 0.03954979998525232s: {'stale': 0}
[2026-05-12 03:04:08,247: INFO/MainProcess] Task profiles.cleanup_stale_runtimes[b6c5f846-a25b-4535-9755-b79f87019e71] received
[2026-05-12 03:04:08,285: INFO/MainProcess] Task profiles.cleanup_stale_runtimes[b6c5f846-a25b-4535-9755-b79f87019e71] succeeded in 0.03761550001217984s: {'released': 0}
[2026-05-12 03:04:13,173: INFO/MainProcess] Task profiles.check_profile_heartbeats[53515034-d910-46e8-bc26-2a0d3f1cd7ad] received
[2026-05-12 03:04:13,212: INFO/MainProcess] Task profiles.check_profile_heartbeats[53515034-d910-46e8-bc26-2a0d3f1cd7ad] succeeded in 0.03850840000086464s: {'stale': 0}
[2026-05-12 03:04:17,650: INFO/MainProcess] Task profiles.check_profile_heartbeats[1fdadbe9-cdd5-4ea1-853e-813e0d811ddb] received
[2026-05-12 03:04:17,690: INFO/MainProcess] Task profiles.check_profile_heartbeats[1fdadbe9-cdd5-4ea1-853e-813e0d811ddb] succeeded in 0.03928719999385066s: {'stale': 0}
[2026-05-12 03:04:18,267: INFO/MainProcess] Task profiles.cleanup_stale_runtimes[9e3ed79c-0ebc-429c-adf2-c9f70a273442] received
[2026-05-12 03:04:18,305: INFO/MainProcess] Task profiles.cleanup_stale_runtimes[9e3ed79c-0ebc-429c-adf2-c9f70a273442] succeeded in 0.03732289999607019s: {'released': 0}
[2026-05-12 03:04:28,287: INFO/MainProcess] Task profiles.cleanup_stale_runtimes[bce61d3c-44b5-41f1-b06f-31727d6baa9b] received
[2026-05-12 03:04:28,326: INFO/MainProcess] Task profiles.cleanup_stale_runtimes[bce61d3c-44b5-41f1-b06f-31727d6baa9b] succeeded in 0.03811850000056438s: {'released': 0}
[2026-05-12 03:04:32,670: INFO/MainProcess] Task profiles.check_profile_heartbeats[a5944a0c-bfb7-4ecd-b29d-1f191a333f82] received
[2026-05-12 03:04:32,709: INFO/MainProcess] Task profiles.check_profile_heartbeats[a5944a0c-bfb7-4ecd-b29d-1f191a333f82] succeeded in 0.039230199996382s: {'stale': 0}
[2026-05-12 03:04:38,307: INFO/MainProcess] Task profiles.cleanup_stale_runtimes[135a2349-e9d3-4ede-b50b-bf6a534887f2] received
[2026-05-12 03:04:38,347: INFO/MainProcess] Task profiles.cleanup_stale_runtimes[135a2349-e9d3-4ede-b50b-bf6a534887f2] succeeded in 0.03907460000482388s: {'released': 0}
[2026-05-12 03:04:43,194: INFO/MainProcess] Task profiles.check_profile_heartbeats[c56f2f33-4ac1-4e23-9760-263c9cb6c459] received
[2026-05-12 03:04:43,231: INFO/MainProcess] Task profiles.check_profile_heartbeats[c56f2f33-4ac1-4e23-9760-263c9cb6c459] succeeded in 0.036799499997869134s: {'stale': 0}
[2026-05-12 03:04:47,690: INFO/MainProcess] Task profiles.check_profile_heartbeats[1f665130-f7b1-4058-9a54-c218412ce3c5] received
[2026-05-12 03:04:47,731: INFO/MainProcess] Task profiles.check_profile_heartbeats[1f665130-f7b1-4058-9a54-c218412ce3c5] succeeded in 0.04060649999883026s: {'stale': 0}
[2026-05-12 03:04:48,328: INFO/MainProcess] Task profiles.cleanup_stale_runtimes[24eb89b5-35fd-476b-b6d8-8db10678c472] received
[2026-05-12 03:04:48,366: INFO/MainProcess] Task profiles.cleanup_stale_runtimes[24eb89b5-35fd-476b-b6d8-8db10678c472] succeeded in 0.03715819999342784s: {'released': 0}
[2026-05-12 03:04:52,485: INFO/MainProcess] Task profiles.ensure_profile_runtime[1a786257-01df-4879-88dd-94d0b70e0858] received
[2026-05-12 03:04:58,348: INFO/MainProcess] Task profiles.cleanup_stale_runtimes[509a1bbf-3732-4a51-b769-a5f08f4f001e] received
[2026-05-12 03:04:58,386: INFO/MainProcess] Task profiles.cleanup_stale_runtimes[509a1bbf-3732-4a51-b769-a5f08f4f001e] succeeded in 0.03771439997944981s: {'released': 0}
[2026-05-12 03:05:02,475: WARNING/MainProcess] filename
[2026-05-12 03:05:02,476: WARNING/MainProcess]  
[2026-05-12 03:05:02,476: WARNING/MainProcess] C:\Users\admin\Desktop\Backend\venv\Lib\site-packages\gologin\gologin.py
[2026-05-12 03:05:02,494: INFO/MainProcess] Task profiles.ensure_profile_runtime[1a786257-01df-4879-88dd-94d0b70e0858] succeeded in 5.010090200026752s: {'status': 'failed', 'error': '[Errno 22] Invalid argument: \'C:\\Users\\admin\\AppData\\Local\\Temp\\gologin_69ff136e7bd52b8361b353a4\\Default\\Account Web Data\''}
[2026-05-12 03:05:02,712: INFO/MainProcess] Task profiles.check_profile_heartbeats[d2b05c49-4f95-47a7-abec-4c7b05c2e4d0] received
[2026-05-12 03:05:02,753: INFO/MainProcess] Task profiles.check_profile_heartbeats[d2b05c49-4f95-47a7-abec-4c7b05c2e4d0] succeeded in 0.041566400002921s: {'stale': 0}
[2026-05-12 03:05:08,369: INFO/MainProcess] Task profiles.cleanup_stale_runtimes[576c0614-eefd-4299-b22e-736b4e9f7ccd] received
[2026-05-12 03:05:08,408: INFO/MainProcess] Task profiles.cleanup_stale_runtimes[576c0614-eefd-4299-b22e-736b4e9f7ccd] succeeded in 0.038703300000634044s: {'released': 0}
[2026-05-12 03:05:13,215: INFO/MainProcess] Task profiles.check_profile_heartbeats[ed97ca27-51a0-451c-b96b-551c338fe597] received
[2026-05-12 03:05:13,275: INFO/MainProcess] Task profiles.check_profile_heartbeats[ed97ca27-51a0-451c-b96b-551c338fe597] succeeded in 0.059871100005693734s: {'stale': 0}
[2026-05-12 03:05:17,734: INFO/MainProcess] Task profiles.check_profile_heartbeats[4f24cead-f241-4614-bdf1-1778abc8b279] received
[2026-05-12 03:05:17,779: INFO/MainProcess] Task profiles.check_profile_heartbeats[4f24cead-f241-4614-bdf1-1778abc8b279] succeeded in 0.04426180000882596s: {'stale': 0}
[2026-05-12 03:05:18,390: INFO/MainProcess] Task profiles.cleanup_stale_runtimes[d4c67b35-c036-4e3f-bafe-3c7910b87054] received
[2026-05-12 03:05:18,433: INFO/MainProcess] Task profiles.cleanup_stale_runtimes[d4c67b35-c036-4e3f-bafe-3c7910b87054] succeeded in 0.04234380001435056s: {'released': 0}
[2026-05-12 03:05:28,411: INFO/MainProcess] Task profiles.cleanup_stale_runtimes[828a2d94-e8aa-4494-af3c-62bdd65a43c9] received
[2026-05-12 03:05:28,451: INFO/MainProcess] Task profiles.cleanup_stale_runtimes[828a2d94-e8aa-4494-af3c-62bdd65a43c9] succeeded in 0.03941839997423813s: {'released': 0}
[2026-05-12 03:05:32,755: INFO/MainProcess] Task profiles.check_profile_heartbeats[a6dd62b7-3a73-4e3e-a93a-0819a934e0bd] received
[2026-05-12 03:05:32,795: INFO/MainProcess] Task profiles.check_profile_heartbeats[a6dd62b7-3a73-4e3e-a93a-0819a934e0bd] succeeded in 0.03960459999507293s: {'stale': 0}
[2026-05-12 03:05:38,434: INFO/MainProcess] Task profiles.cleanup_stale_runtimes[6e019bc6-1140-4157-b8e3-e2fa8aef4a27] received
[2026-05-12 03:05:38,476: INFO/MainProcess] Task profiles.cleanup_stale_runtimes[6e019bc6-1140-4157-b8e3-e2fa8aef4a27] succeeded in 0.041066200006753206s: {'released': 0}
[2026-05-12 03:05:43,236: INFO/MainProcess] Task profiles.check_profile_heartbeats[f02a50de-81f4-4b75-abe2-3e4ed13ff0c9] received
[2026-05-12 03:05:43,274: INFO/MainProcess] Task profiles.check_profile_heartbeats[f02a50de-81f4-4b75-abe2-3e4ed13ff0c9] succeeded in 0.03807760000927374s: {'stale': 0}
[2026-05-12 03:05:47,878: INFO/MainProcess] Task profiles.check_profile_heartbeats[de518413-abed-425a-8d90-a0521865e744] received
[2026-05-12 03:05:47,921: INFO/MainProcess] Task profiles.check_profile_heartbeats[de518413-abed-425a-8d90-a0521865e744] succeeded in 0.04280039999866858s: {'stale': 0}
[2026-05-12 03:05:48,454: INFO/MainProcess] Task profiles.cleanup_stale_runtimes[209bb741-b352-493a-b44b-14891bc79499] received
[2026-05-12 03:05:48,500: INFO/MainProcess] Task profiles.cleanup_stale_runtimes[209bb741-b352-493a-b44b-14891bc79499] succeeded in 0.04510879999725148s: {'released': 0}
[2026-05-12 03:05:58,476: INFO/MainProcess] Task profiles.cleanup_stale_runtimes[7fe3a653-304e-4cbc-b9d3-231b7469b580] received
[2026-05-12 03:05:58,519: INFO/MainProcess] Task profiles.cleanup_stale_runtimes[7fe3a653-304e-4cbc-b9d3-231b7469b580] succeeded in 0.0426238999934867s: {'released': 0}
[2026-05-12 03:06:02,899: INFO/MainProcess] Task profiles.check_profile_heartbeats[69b4fe4a-ed3a-4ac9-aef1-455ed728d260] received
[2026-05-12 03:06:02,943: INFO/MainProcess] Task profiles.check_profile_heartbeats[69b4fe4a-ed3a-4ac9-aef1-455ed728d260] succeeded in 0.04318099998636171s: {'stale': 0}
[2026-05-12 03:06:08,504: INFO/MainProcess] Task profiles.cleanup_stale_runtimes[98fb23ac-bddb-4991-b3f9-646bc8cf1063] received
[2026-05-12 03:06:08,557: INFO/MainProcess] Task profiles.cleanup_stale_runtimes[98fb23ac-bddb-4991-b3f9-646bc8cf1063] succeeded in 0.052692299999762326s: {'released': 0}
[2026-05-12 03:06:13,257: INFO/MainProcess] Task profiles.check_profile_heartbeats[e1a355ca-e38d-4c5e-8df0-9e989ec9985d] received
[2026-05-12 03:06:13,298: INFO/MainProcess] Task profiles.check_profile_heartbeats[e1a355ca-e38d-4c5e-8df0-9e989ec9985d] succeeded in 0.040579000022262335s: {'stale': 0}
[2026-05-12 03:06:17,919: INFO/MainProcess] Task profiles.check_profile_heartbeats[4965a947-cce1-4bd9-898c-830774334657] received
[2026-05-12 03:06:17,961: INFO/MainProcess] Task profiles.check_profile_heartbeats[4965a947-cce1-4bd9-898c-830774334657] succeeded in 0.041264900006353855s: {'stale': 0}
[2026-05-12 03:06:18,524: INFO/MainProcess] Task profiles.cleanup_stale_runtimes[907b3807-a920-43db-a5e1-5cebdc69f1b5] received
[2026-05-12 03:06:18,567: INFO/MainProcess] Task profiles.cleanup_stale_runtimes[907b3807-a920-43db-a5e1-5cebdc69f1b5] succeeded in 0.043194099998800084s: {'released': 0}
[2026-05-12 03:06:28,544: INFO/MainProcess] Task profiles.cleanup_stale_runtimes[35fac04c-674f-4f6f-9588-204ef2c70c07] received
[2026-05-12 03:06:28,591: INFO/MainProcess] Task profiles.cleanup_stale_runtimes[35fac04c-674f-4f6f-9588-204ef2c70c07] succeeded in 0.046019500005058944s: {'released': 0}
[2026-05-12 03:06:32,938: INFO/MainProcess] Task profiles.check_profile_heartbeats[f25cef90-762f-4476-b108-b22646afc6d5] received
[2026-05-12 03:06:32,978: INFO/MainProcess] Task profiles.check_profile_heartbeats[f25cef90-762f-4476-b108-b22646afc6d5] succeeded in 0.03956940001808107s: {'stale': 0}
[2026-05-12 03:06:38,564: INFO/MainProcess] Task profiles.cleanup_stale_runtimes[e1e12f70-e529-40c2-bc9e-75b7a31e8923] received
[2026-05-12 03:06:38,606: INFO/MainProcess] Task profiles.cleanup_stale_runtimes[e1e12f70-e529-40c2-bc9e-75b7a31e8923] succeeded in 0.04152510000858456s: {'released': 0}
[2026-05-12 03:06:43,278: INFO/MainProcess] Task profiles.check_profile_heartbeats[a01fa211-966f-4823-9f39-1d4ba9edae23] received
[2026-05-12 03:06:43,316: INFO/MainProcess] Task profiles.check_profile_heartbeats[a01fa211-966f-4823-9f39-1d4ba9edae23] succeeded in 0.03792350000003353s: {'stale': 0}
[2026-05-12 03:06:47,266: INFO/MainProcess] Task profiles.sync_gologin_profiles[281a7b53-372c-4ab8-aaff-7fbcb8e2a600] received
[2026-05-12 03:06:48,467: INFO/MainProcess] Task profiles.sync_gologin_profiles[281a7b53-372c-4ab8-aaff-7fbcb8e2a600] succeeded in 1.2008333000121638s: {'status': 'ok', 'remote': 30, 'created': 0, 'synced': 30, 'renamed': 0, 'missing': 19}
[2026-05-12 03:06:48,469: INFO/MainProcess] Task profiles.check_profile_heartbeats[affe4b5f-0ee7-450a-ac5a-4d9d74d4cd65] received
[2026-05-12 03:06:48,518: INFO/MainProcess] Task profiles.check_profile_heartbeats[affe4b5f-0ee7-450a-ac5a-4d9d74d4cd65] succeeded in 0.048825500009115785s: {'stale': 0}
[2026-05-12 03:06:48,585: INFO/MainProcess] Task profiles.cleanup_stale_runtimes[ff26a5bf-4b6d-4189-8214-51d1b7f43cb8] received
[2026-05-12 03:06:48,635: INFO/MainProcess] Task profiles.cleanup_stale_runtimes[ff26a5bf-4b6d-4189-8214-51d1b7f43cb8] succeeded in 0.049796099978266284s: {'released': 0}
[2026-05-12 03:06:58,606: INFO/MainProcess] Task profiles.cleanup_stale_runtimes[a162998a-88c1-4c1d-a5f1-8660aa80ee97] received
[2026-05-12 03:06:58,651: INFO/MainProcess] Task profiles.cleanup_stale_runtimes[a162998a-88c1-4c1d-a5f1-8660aa80ee97] succeeded in 0.044506600010208786s: {'released': 0}
[2026-05-12 03:07:02,983: INFO/MainProcess] Task profiles.check_profile_heartbeats[b094c0b1-dae4-44ed-92bd-9f767112f9b7] received
[2026-05-12 03:07:03,023: INFO/MainProcess] Task profiles.check_profile_heartbeats[b094c0b1-dae4-44ed-92bd-9f767112f9b7] succeeded in 0.03976909999619238s: {'stale': 0}
[2026-05-12 03:07:08,625: INFO/MainProcess] Task profiles.cleanup_stale_runtimes[7846c286-4c56-4c6f-8756-5df5518ee5d3] received
[2026-05-12 03:07:08,668: INFO/MainProcess] Task profiles.cleanup_stale_runtimes[7846c286-4c56-4c6f-8756-5df5518ee5d3] succeeded in 0.04265439999289811s: {'released': 0}
[2026-05-12 03:07:13,297: INFO/MainProcess] Task profiles.check_profile_heartbeats[6dc2b5ae-7c13-4725-80f6-fc4a300bf47d] received
[2026-05-12 03:07:13,335: INFO/MainProcess] Task profiles.check_profile_heartbeats[6dc2b5ae-7c13-4725-80f6-fc4a300bf47d] succeeded in 0.037854099995456636s: {'stale': 0}
[2026-05-12 03:07:18,003: INFO/MainProcess] Task profiles.check_profile_heartbeats[f1996baa-9ef3-498d-b8c8-e2da20eb5422] received
[2026-05-12 03:07:18,044: INFO/MainProcess] Task profiles.check_profile_heartbeats[f1996baa-9ef3-498d-b8c8-e2da20eb5422] succeeded in 0.03983470000093803s: {'stale': 0}
[2026-05-12 03:07:18,645: INFO/MainProcess] Task profiles.cleanup_stale_runtimes[88febdd0-4fe8-4a37-a7f7-fb93ad1dd76a] received
[2026-05-12 03:07:18,686: INFO/MainProcess] Task profiles.cleanup_stale_runtimes[88febdd0-4fe8-4a37-a7f7-fb93ad1dd76a] succeeded in 0.040339099999982864s: {'released': 0}
[2026-05-12 03:07:28,667: INFO/MainProcess] Task profiles.cleanup_stale_runtimes[8281dfbd-818a-4b75-83a9-56e83224047b] received
[2026-05-12 03:07:28,711: INFO/MainProcess] Task profiles.cleanup_stale_runtimes[8281dfbd-818a-4b75-83a9-56e83224047b] succeeded in 0.0433216999808792s: {'released': 0}
[2026-05-12 03:07:33,025: INFO/MainProcess] Task profiles.check_profile_heartbeats[37e48f61-49ba-4cc5-a1cc-36094ea714c0] received
[2026-05-12 03:07:33,071: INFO/MainProcess] Task profiles.check_profile_heartbeats[37e48f61-49ba-4cc5-a1cc-36094ea714c0] succeeded in 0.045572100003482774s: {'stale': 0}
[2026-05-12 03:07:38,688: INFO/MainProcess] Task profiles.cleanup_stale_runtimes[000b4ca2-d027-4017-b21a-bad9337fbde2] received
[2026-05-12 03:07:38,730: INFO/MainProcess] Task profiles.cleanup_stale_runtimes[000b4ca2-d027-4017-b21a-bad9337fbde2] succeeded in 0.042384900007164106s: {'released': 0}
[2026-05-12 03:07:43,426: INFO/MainProcess] Task profiles.check_profile_heartbeats[c82b53b6-426a-4680-a7ea-9e1f44944fba] received
[2026-05-12 03:07:43,465: INFO/MainProcess] Task profiles.check_profile_heartbeats[c82b53b6-426a-4680-a7ea-9e1f44944fba] succeeded in 0.03816609998466447s: {'stale': 0}
[2026-05-12 03:07:48,044: INFO/MainProcess] Task profiles.check_profile_heartbeats[29b7a1fc-84a3-4e61-ad55-577594ae75af] received
[2026-05-12 03:07:48,083: INFO/MainProcess] Task profiles.check_profile_heartbeats[29b7a1fc-84a3-4e61-ad55-577594ae75af] succeeded in 0.0385721999919042s: {'stale': 0}
[2026-05-12 03:07:48,814: INFO/MainProcess] Task profiles.cleanup_stale_runtimes[756cd061-f95c-456b-920b-0caa9baad81c] received
[2026-05-12 03:07:48,853: INFO/MainProcess] Task profiles.cleanup_stale_runtimes[756cd061-f95c-456b-920b-0caa9baad81c] succeeded in 0.038872300006914884s: {'released': 0}
[2026-05-12 03:07:52,563: INFO/MainProcess] Task profiles.ensure_profile_runtime[3d321c48-02fa-40b6-941f-a1aa94845dca] received
[2026-05-12 03:07:58,835: INFO/MainProcess] Task profiles.cleanup_stale_runtimes[b21e35ef-84bb-42f8-a958-2511b75ed0f7] received
[2026-05-12 03:07:58,876: INFO/MainProcess] Task profiles.cleanup_stale_runtimes[b21e35ef-84bb-42f8-a958-2511b75ed0f7] succeeded in 0.041261799982748926s: {'released': 0}
[2026-05-12 03:08:02,541: WARNING/MainProcess] filename
[2026-05-12 03:08:02,541: WARNING/MainProcess]  
[2026-05-12 03:08:02,541: WARNING/MainProcess] C:\Users\admin\Desktop\Backend\venv\Lib\site-packages\gologin\gologin.py
[2026-05-12 03:08:02,560: INFO/MainProcess] Task profiles.ensure_profile_runtime[3d321c48-02fa-40b6-941f-a1aa94845dca] succeeded in 4.998015600023791s: {'status': 'failed', 'error': '[Errno 22] Invalid argument: \'C:\\Users\\admin\\AppData\\Local\\Temp\\gologin_69ff136e7bd52b8361b353a4\\Default\\Account Web Data\''}
[2026-05-12 03:08:03,067: INFO/MainProcess] Task profiles.check_profile_heartbeats[5b34d3f3-b445-4656-9803-f264483a3d80] received
[2026-05-12 03:08:03,111: INFO/MainProcess] Task profiles.check_profile_heartbeats[5b34d3f3-b445-4656-9803-f264483a3d80] succeeded in 0.04432420001830906s: {'stale': 0}
[2026-05-12 03:08:08,856: INFO/MainProcess] Task profiles.cleanup_stale_runtimes[e4199a98-395f-4fe4-8502-dc34abc2c206] received
[2026-05-12 03:08:08,897: INFO/MainProcess] Task profiles.cleanup_stale_runtimes[e4199a98-395f-4fe4-8502-dc34abc2c206] succeeded in 0.04020310001214966s: {'released': 0}
[2026-05-12 03:08:13,446: INFO/MainProcess] Task profiles.check_profile_heartbeats[17a49bec-523d-46a6-8f77-28e9931d0cde] received
[2026-05-12 03:08:13,488: INFO/MainProcess] Task profiles.check_profile_heartbeats[17a49bec-523d-46a6-8f77-28e9931d0cde] succeeded in 0.04206019997945987s: {'stale': 0}
[2026-05-12 03:08:18,087: INFO/MainProcess] Task profiles.check_profile_heartbeats[fdbc3def-c996-43e9-a381-c9212cc73d56] received
[2026-05-12 03:08:18,125: INFO/MainProcess] Task profiles.check_profile_heartbeats[fdbc3def-c996-43e9-a381-c9212cc73d56] succeeded in 0.03806679998524487s: {'stale': 0}
[2026-05-12 03:08:18,877: INFO/MainProcess] Task profiles.cleanup_stale_runtimes[883603a0-e04a-49de-9392-700829eeb173] received
[2026-05-12 03:08:18,916: INFO/MainProcess] Task profiles.cleanup_stale_runtimes[883603a0-e04a-49de-9392-700829eeb173] succeeded in 0.03864759998396039s: {'released': 0}
[2026-05-12 03:08:28,897: INFO/MainProcess] Task profiles.cleanup_stale_runtimes[15f36e78-e1de-42a0-8706-69930f95e410] received
[2026-05-12 03:08:28,937: INFO/MainProcess] Task profiles.cleanup_stale_runtimes[15f36e78-e1de-42a0-8706-69930f95e410] succeeded in 0.03944150000461377s: {'released': 0}
[2026-05-12 03:08:33,108: INFO/MainProcess] Task profiles.check_profile_heartbeats[98a56ec3-edfc-40a1-8ffe-2ff409d87879] received
[2026-05-12 03:08:33,149: INFO/MainProcess] Task profiles.check_profile_heartbeats[98a56ec3-edfc-40a1-8ffe-2ff409d87879] succeeded in 0.04021049998118542s: {'stale': 0}
[2026-05-12 03:08:38,919: INFO/MainProcess] Task profiles.cleanup_stale_runtimes[ecdd9744-e262-44b8-b662-a2f9660d8ebe] received
[2026-05-12 03:08:38,958: INFO/MainProcess] Task profiles.cleanup_stale_runtimes[ecdd9744-e262-44b8-b662-a2f9660d8ebe] succeeded in 0.038861599983647466s: {'released': 0}
[2026-05-12 03:08:43,466: INFO/MainProcess] Task profiles.check_profile_heartbeats[53293308-62c0-4e56-8297-518ebb86df8e] received
[2026-05-12 03:08:43,508: INFO/MainProcess] Task profiles.check_profile_heartbeats[53293308-62c0-4e56-8297-518ebb86df8e] succeeded in 0.041450199991231784s: {'stale': 0}
[2026-05-12 03:08:48,127: INFO/MainProcess] Task profiles.check_profile_heartbeats[89467f6b-f61d-470d-a46f-211fdf7654e2] received
[2026-05-12 03:08:48,166: INFO/MainProcess] Task profiles.check_profile_heartbeats[89467f6b-f61d-470d-a46f-211fdf7654e2] succeeded in 0.03911270000389777s: {'stale': 0}
[2026-05-12 03:08:48,939: INFO/MainProcess] Task profiles.cleanup_stale_runtimes[29b4081d-1923-4c6c-afa8-66f96c806f96] received
[2026-05-12 03:08:48,981: INFO/MainProcess] Task profiles.cleanup_stale_runtimes[29b4081d-1923-4c6c-afa8-66f96c806f96] succeeded in 0.04240619999472983s: {'released': 0}
[2026-05-12 03:08:58,959: INFO/MainProcess] Task profiles.cleanup_stale_runtimes[8b158abb-fd72-4dec-99e4-b427d01586f5] received
[2026-05-12 03:08:58,999: INFO/MainProcess] Task profiles.cleanup_stale_runtimes[8b158abb-fd72-4dec-99e4-b427d01586f5] succeeded in 0.03974690000177361s: {'released': 0}
[2026-05-12 03:09:03,146: INFO/MainProcess] Task profiles.check_profile_heartbeats[d8549733-a483-469e-b1de-5ac515c53555] received
[2026-05-12 03:09:03,185: INFO/MainProcess] Task profiles.check_profile_heartbeats[d8549733-a483-469e-b1de-5ac515c53555] succeeded in 0.03856329998234287s: {'stale': 0}
[2026-05-12 03:09:08,980: INFO/MainProcess] Task profiles.cleanup_stale_runtimes[89b43241-8dc2-40e8-a72b-69d74cc37d4c] received
[2026-05-12 03:09:09,021: INFO/MainProcess] Task profiles.cleanup_stale_runtimes[89b43241-8dc2-40e8-a72b-69d74cc37d4c] succeeded in 0.040636499994434416s: {'released': 0}
[2026-05-12 03:09:13,486: INFO/MainProcess] Task profiles.check_profile_heartbeats[6fb9fc43-d3eb-41aa-8ee5-a0864e36f0fa] received
[2026-05-12 03:09:13,527: INFO/MainProcess] Task profiles.check_profile_heartbeats[6fb9fc43-d3eb-41aa-8ee5-a0864e36f0fa] succeeded in 0.04062459999113344s: {'stale': 0}
[2026-05-12 03:09:18,167: INFO/MainProcess] Task profiles.check_profile_heartbeats[0e8fcc30-cb0c-499f-ae41-cfda25c99869] received
[2026-05-12 03:09:18,206: INFO/MainProcess] Task profiles.check_profile_heartbeats[0e8fcc30-cb0c-499f-ae41-cfda25c99869] succeeded in 0.0381129999877885s: {'stale': 0}
[2026-05-12 03:09:19,001: INFO/MainProcess] Task profiles.cleanup_stale_runtimes[60736916-0ffd-4a86-b2c3-175fc1f704f7] received
[2026-05-12 03:09:19,041: INFO/MainProcess] Task profiles.cleanup_stale_runtimes[60736916-0ffd-4a86-b2c3-175fc1f704f7] succeeded in 0.0403126000019256s: {'released': 0}
[2026-05-12 03:09:29,021: INFO/MainProcess] Task profiles.cleanup_stale_runtimes[7c00d4b7-8810-430b-8943-4fb0daaa0e71] received
[2026-05-12 03:09:29,062: INFO/MainProcess] Task profiles.cleanup_stale_runtimes[7c00d4b7-8810-430b-8943-4fb0daaa0e71] succeeded in 0.04148200000054203s: {'released': 0}
[2026-05-12 03:09:33,186: INFO/MainProcess] Task profiles.check_profile_heartbeats[680b9766-a0a6-416e-8593-d3494877a548] received
[2026-05-12 03:09:33,227: INFO/MainProcess] Task profiles.check_profile_heartbeats[680b9766-a0a6-416e-8593-d3494877a548] succeeded in 0.04060329997446388s: {'stale': 0}
[2026-05-12 03:09:39,040: INFO/MainProcess] Task profiles.cleanup_stale_runtimes[0f084c82-8c42-4b7c-a065-982c9f432d35] received
[2026-05-12 03:09:39,081: INFO/MainProcess] Task profiles.cleanup_stale_runtimes[0f084c82-8c42-4b7c-a065-982c9f432d35] succeeded in 0.04098680001334287s: {'released': 0}
[2026-05-12 03:09:43,506: INFO/MainProcess] Task profiles.check_profile_heartbeats[7ed02c51-eba7-4068-883d-cb955b8fb869] received
[2026-05-12 03:09:43,548: INFO/MainProcess] Task profiles.check_profile_heartbeats[7ed02c51-eba7-4068-883d-cb955b8fb869] succeeded in 0.04148379998514429s: {'stale': 0}
[2026-05-12 03:09:51,655: WARNING/MainProcess] Requeuing undeliverable message for queue 'default': No consumers.
